person_id,display_name,category,language,region,image_path,face_count,face_quality,blur_score,resolution,usable,consent_status,license_status
abhay_deol,Abhay Deol,actors,unknown,unknown,datasets/raw\actors\abhay_deol\03b8fdee2f.jpg,0,low,811.9,620x450,no,unknown,unknown
abhay_deol,Abhay Deol,actors,unknown,unknown,datasets/raw\actors\abhay_deol\04b40d4098.jpg,1,high,871.2,279x181,yes,unknown,unknown
abhay_deol,Abhay Deol,actors,unknown,unknown,datasets/raw\actors\abhay_deol\126b17334b.jpg,0,low,1642.0,259x194,no,unknown,unknown
abhay_deol,Abhay Deol,actors,unknown,unknown,datasets/raw\actors\abhay_deol\14d77a4f94.jpg,1,high,2544.4,303x167,yes,unknown,unknown
abhay_deol,Abhay Deol,actors,unknown,unknown,datasets/raw\actors\abhay_deol\1b6e8a490c.jpg,1,high,483.6,183x275,yes,unknown,unknown
abhay_deol,Abhay Deol,actors,unknown,unknown,datasets/raw\actors\abhay_deol\1c08ed9538.jpg,1,high,4263.4,275x183,yes,unknown,unknown
abhay_deol,Abhay Deol,actors,unknown,unknown,datasets/raw\actors\abhay_deol\1d94a03ce9.jpg,1,high,461.4,194x259,yes,unknown,unknown
abhay_deol,Abhay Deol,actors,unknown,unknown,datasets/raw\actors\abhay_deol\28d6f9c369.jpg,0,low,815.2,310x163,no,unknown,unknown
abhay_deol,Abhay Deol,actors,unknown,unknown,datasets/raw\actors\abhay_deol\2d48417ead.jpg,1,medium,93.1,1000x600,yes,unknown,unknown
abhay_deol,Abhay Deol,actors,unknown,unknown,datasets/raw\actors\abhay_deol\2fd0ec9b57.jpg,1,medium,42.1,1387x1387,yes,unknown,unknown
abhay_deol,Abhay Deol,actors,unknown,unknown,datasets/raw\actors\abhay_deol\38d428ba5c.jpg,0,low,1333.2,225x225,no,unknown,unknown
abhay_deol,Abhay Deol,actors,unknown,unknown,datasets/raw\actors\abhay_deol\3d33e531e4.jpg,1,medium,69.5,477x268,yes,unknown,unknown
abhay_deol,Abhay Deol,actors,unknown,unknown,datasets/raw\actors\abhay_deol\3fe4d478d0.jpg,1,high,1212.5,264x191,yes,unknown,unknown
abhay_deol,Abhay Deol,actors,unknown,unknown,datasets/raw\actors\abhay_deol\4a4e10087b.jpg,1,high,1412.2,650x400,yes,unknown,unknown
abhay_deol,Abhay Deol,actors,unknown,unknown,datasets/raw\actors\abhay_deol\6b0eb36eb1.jpg,1,high,275.7,630x354,yes,unknown,unknown
abhay_deol,Abhay Deol,actors,unknown,unknown,datasets/raw\actors\abhay_deol\6d893e5644.jpg,1,high,138.4,1371x2048,yes,unknown,unknown
abhay_deol,Abhay Deol,actors,unknown,unknown,datasets/raw\actors\abhay_deol\74de7d9440.jpg,0,low,1374.7,650x400,no,unknown,unknown
abhay_deol,Abhay Deol,actors,unknown,unknown,datasets/raw\actors\abhay_deol\7b8660fd92.jpg,1,medium,82.5,947x613,yes,unknown,unknown
abhay_deol,Abhay Deol,actors,unknown,unknown,datasets/raw\actors\abhay_deol\7df250adba.jpg,0,low,1800.3,297x170,no,unknown,unknown
abhay_deol,Abhay Deol,actors,unknown,unknown,datasets/raw\actors\abhay_deol\7f4a122f59.jpg,1,high,464.0,1080x723,yes,unknown,unknown
abhay_deol,Abhay Deol,actors,unknown,unknown,datasets/raw\actors\abhay_deol\7f835b48d9.jpg,0,low,380.6,591x422,no,unknown,unknown
abhay_deol,Abhay Deol,actors,unknown,unknown,datasets/raw\actors\abhay_deol\87e71515a0.jpg,1,high,780.0,300x168,yes,unknown,unknown
abhay_deol,Abhay Deol,actors,unknown,unknown,datasets/raw\actors\abhay_deol\8ae5e6a800.jpg,1,high,344.6,300x168,yes,unknown,unknown
abhay_deol,Abhay Deol,actors,unknown,unknown,datasets/raw\actors\abhay_deol\8d42c79526.jpg,1,high,351.5,758x433,yes,unknown,unknown
abhay_deol,Abhay Deol,actors,unknown,unknown,datasets/raw\actors\abhay_deol\99b0ebb39c.jpg,0,low,292.9,1280x720,no,unknown,unknown
adil_hussain,Adil Hussain,actors,unknown,unknown,datasets/raw\actors\adil_hussain\14ac7236e1.jpg,1,high,1161.7,259x194,yes,unknown,unknown
adil_hussain,Adil Hussain,actors,unknown,unknown,datasets/raw\actors\adil_hussain\1bfeb12a16.jpg,0,low,229.1,600x868,no,unknown,unknown
adil_hussain,Adil Hussain,actors,unknown,unknown,datasets/raw\actors\adil_hussain\1e0837c371.jpg,1,high,277.2,261x193,yes,unknown,unknown
adil_hussain,Adil Hussain,actors,unknown,unknown,datasets/raw\actors\adil_hussain\2b6f419eca.jpg,1,high,168.4,310x163,yes,unknown,unknown
adil_hussain,Adil Hussain,actors,unknown,unknown,datasets/raw\actors\adil_hussain\2e2cefa9ff.jpg,1,high,621.2,415x246,yes,unknown,unknown
adil_hussain,Adil Hussain,actors,unknown,unknown,datasets/raw\actors\adil_hussain\30cec0a3e4.jpg,1,medium,54.8,825x530,yes,unknown,unknown
adil_hussain,Adil Hussain,actors,unknown,unknown,datasets/raw\actors\adil_hussain\38e0aa76bb.jpg,0,low,1490.8,326x363,no,unknown,unknown
adil_hussain,Adil Hussain,actors,unknown,unknown,datasets/raw\actors\adil_hussain\39bcae3f42.jpg,1,high,651.4,253x199,yes,unknown,unknown
adil_hussain,Adil Hussain,actors,unknown,unknown,datasets/raw\actors\adil_hussain\3bc9cf1767.jpg,0,low,401.0,303x167,no,unknown,unknown
adil_hussain,Adil Hussain,actors,unknown,unknown,datasets/raw\actors\adil_hussain\3bdaf0bc3b.jpg,1,high,302.2,759x422,yes,unknown,unknown
adil_hussain,Adil Hussain,actors,unknown,unknown,datasets/raw\actors\adil_hussain\3cc2ab9b14.jpg,1,high,261.7,630x450,yes,unknown,unknown
adil_hussain,Adil Hussain,actors,unknown,unknown,datasets/raw\actors\adil_hussain\3edcbb13ec.jpg,1,high,351.8,506x652,yes,unknown,unknown
adil_hussain,Adil Hussain,actors,unknown,unknown,datasets/raw\actors\adil_hussain\41ec1c7aa5.jpg,1,high,155.5,854x1020,yes,unknown,unknown
adil_hussain,Adil Hussain,actors,unknown,unknown,datasets/raw\actors\adil_hussain\47da92c214.jpg,1,high,1096.6,226x283,yes,unknown,unknown
adil_hussain,Adil Hussain,actors,unknown,unknown,datasets/raw\actors\adil_hussain\4dd0370704.jpg,1,high,287.9,410x350,yes,unknown,unknown
adil_hussain,Adil Hussain,actors,unknown,unknown,datasets/raw\actors\adil_hussain\57d787a78b.jpg,1,high,262.8,275x183,yes,unknown,unknown
adil_hussain,Adil Hussain,actors,unknown,unknown,datasets/raw\actors\adil_hussain\5b9b37ab49.jpg,0,low,2064.5,284x177,no,unknown,unknown
adil_hussain,Adil Hussain,actors,unknown,unknown,datasets/raw\actors\adil_hussain\5eb358022e.jpg,1,high,373.8,566x566,yes,unknown,unknown
adil_hussain,Adil Hussain,actors,unknown,unknown,datasets/raw\actors\adil_hussain\69a51c4ef1.jpg,0,low,490.0,620x450,no,unknown,unknown
adil_hussain,Adil Hussain,actors,unknown,unknown,datasets/raw\actors\adil_hussain\6aafab2d36.jpg,1,high,761.7,715x402,yes,unknown,unknown
adil_hussain,Adil Hussain,actors,unknown,unknown,datasets/raw\actors\adil_hussain\75ee7e0af1.jpg,0,low,1144.4,259x194,no,unknown,unknown
adil_hussain,Adil Hussain,actors,unknown,unknown,datasets/raw\actors\adil_hussain\79f73e8ff6.jpg,1,high,378.6,196x257,yes,unknown,unknown
adil_hussain,Adil Hussain,actors,unknown,unknown,datasets/raw\actors\adil_hussain\7dcae72114.jpg,0,low,106.1,800x448,no,unknown,unknown
adil_hussain,Adil Hussain,actors,unknown,unknown,datasets/raw\actors\adil_hussain\80ccf54b01.jpg,1,high,1383.8,301x167,yes,unknown,unknown
adil_hussain,Adil Hussain,actors,unknown,unknown,datasets/raw\actors\adil_hussain\8bc94c3107.jpg,0,low,1402.7,800x600,no,unknown,unknown
adil_hussain,Adil Hussain,actors,unknown,unknown,datasets/raw\actors\adil_hussain\8cd71d7140.jpg,1,medium,67.7,1242x710,yes,unknown,unknown
ajay_devgn,Ajay Devgn,actors,unknown,unknown,datasets/raw\actors\ajay_devgn\036d02cf72.jpg,1,high,1624.3,190x265,yes,unknown,unknown
ajay_devgn,Ajay Devgn,actors,unknown,unknown,datasets/raw\actors\ajay_devgn\0845db113d.jpg,0,low,391.0,1024x1024,no,unknown,unknown
ajay_devgn,Ajay Devgn,actors,unknown,unknown,datasets/raw\actors\ajay_devgn\10dacfb42d.jpg,1,medium,50.7,756x712,yes,unknown,unknown
ajay_devgn,Ajay Devgn,actors,unknown,unknown,datasets/raw\actors\ajay_devgn\12a2fa99e7.jpg,0,low,65.4,800x600,no,unknown,unknown
ajay_devgn,Ajay Devgn,actors,unknown,unknown,datasets/raw\actors\ajay_devgn\14b1b7d930.jpg,1,medium,76.8,660x582,yes,unknown,unknown
ajay_devgn,Ajay Devgn,actors,unknown,unknown,datasets/raw\actors\ajay_devgn\1d89dba065.jpg,0,low,562.9,300x168,no,unknown,unknown
ajay_devgn,Ajay Devgn,actors,unknown,unknown,datasets/raw\actors\ajay_devgn\20d72daad2.jpg,1,high,420.6,279x181,yes,unknown,unknown
ajay_devgn,Ajay Devgn,actors,unknown,unknown,datasets/raw\actors\ajay_devgn\22a16e7583.jpg,1,high,141.0,1200x800,yes,unknown,unknown
ajay_devgn,Ajay Devgn,actors,unknown,unknown,datasets/raw\actors\ajay_devgn\2c8a5ab0e1.jpg,0,low,4050.2,290x174,no,unknown,unknown
ajay_devgn,Ajay Devgn,actors,unknown,unknown,datasets/raw\actors\ajay_devgn\2f4ee899f9.jpg,1,high,198.2,715x402,yes,unknown,unknown
ajay_devgn,Ajay Devgn,actors,unknown,unknown,datasets/raw\actors\ajay_devgn\48ec53dc1a.jpg,0,low,708.9,300x300,no,unknown,unknown
ajay_devgn,Ajay Devgn,actors,unknown,unknown,datasets/raw\actors\ajay_devgn\4cb621429c.jpg,1,high,101.7,1280x720,yes,unknown,unknown
ajay_devgn,Ajay Devgn,actors,unknown,unknown,datasets/raw\actors\ajay_devgn\4e407fbf64.jpg,1,high,176.5,300x168,yes,unknown,unknown
ajay_devgn,Ajay Devgn,actors,unknown,unknown,datasets/raw\actors\ajay_devgn\58ca3c170e.jpg,0,low,316.0,300x168,no,unknown,unknown
ajay_devgn,Ajay Devgn,actors,unknown,unknown,datasets/raw\actors\ajay_devgn\5e69cc977a.jpg,1,high,1240.3,259x194,yes,unknown,unknown
ajay_devgn,Ajay Devgn,actors,unknown,unknown,datasets/raw\actors\ajay_devgn\6d236e1a97.jpg,0,low,187.3,334x500,no,unknown,unknown
ajay_devgn,Ajay Devgn,actors,unknown,unknown,datasets/raw\actors\ajay_devgn\72a40badfe.jpg,1,high,1021.0,1496x2048,yes,unknown,unknown
ajay_devgn,Ajay Devgn,actors,unknown,unknown,datasets/raw\actors\ajay_devgn\827d690392.jpg,0,low,1689.5,400x225,no,unknown,unknown
ajay_devgn,Ajay Devgn,actors,unknown,unknown,datasets/raw\actors\ajay_devgn\8b083aff43.jpg,1,high,1323.0,220x272,yes,unknown,unknown
ajay_devgn,Ajay Devgn,actors,unknown,unknown,datasets/raw\actors\ajay_devgn\9eefe79e39.jpg,0,low,2156.1,297x170,no,unknown,unknown
akshaye_khanna,Akshaye Khanna,actors,unknown,unknown,datasets/raw\actors\akshaye_khanna\0d9ed60471.jpg,1,medium,98.2,214x317,yes,unknown,unknown
akshaye_khanna,Akshaye Khanna,actors,unknown,unknown,datasets/raw\actors\akshaye_khanna\1200e2e43c.jpg,0,low,62.8,2560x1680,no,unknown,unknown
akshaye_khanna,Akshaye Khanna,actors,unknown,unknown,datasets/raw\actors\akshaye_khanna\17cfd46471.jpg,1,high,644.0,259x194,yes,unknown,unknown
akshaye_khanna,Akshaye Khanna,actors,unknown,unknown,datasets/raw\actors\akshaye_khanna\1ec2d9dd1c.jpg,0,low,63.5,800x400,no,unknown,unknown
akshaye_khanna,Akshaye Khanna,actors,unknown,unknown,datasets/raw\actors\akshaye_khanna\31a98eb853.jpg,1,high,1724.0,271x186,yes,unknown,unknown
akshaye_khanna,Akshaye Khanna,actors,unknown,unknown,datasets/raw\actors\akshaye_khanna\322de5f735.jpg,0,low,540.9,440x525,no,unknown,unknown
akshaye_khanna,Akshaye Khanna,actors,unknown,unknown,datasets/raw\actors\akshaye_khanna\345fe9ef79.jpg,1,high,353.5,299x169,yes,unknown,unknown
akshaye_khanna,Akshaye Khanna,actors,unknown,unknown,datasets/raw\actors\akshaye_khanna\37744e100a.jpg,1,high,2854.3,308x400,yes,unknown,unknown
akshaye_khanna,Akshaye Khanna,actors,unknown,unknown,datasets/raw\actors\akshaye_khanna\3a1ee86a7d.jpg,0,low,1281.7,300x450,no,unknown,unknown
akshaye_khanna,Akshaye Khanna,actors,unknown,unknown,datasets/raw\actors\akshaye_khanna\46f4bdea83.jpg,1,high,413.9,204x204,yes,unknown,unknown
akshaye_khanna,Akshaye Khanna,actors,unknown,unknown,datasets/raw\actors\akshaye_khanna\4c1b58185a.jpg,1,high,720.0,201x251,yes,unknown,unknown
akshaye_khanna,Akshaye Khanna,actors,unknown,unknown,datasets/raw\actors\akshaye_khanna\567a5f1391.jpg,0,low,499.1,201x251,no,unknown,unknown
akshaye_khanna,Akshaye Khanna,actors,unknown,unknown,datasets/raw\actors\akshaye_khanna\60cfa25c1a.jpg,1,high,2083.5,400x326,yes,unknown,unknown
akshaye_khanna,Akshaye Khanna,actors,unknown,unknown,datasets/raw\actors\akshaye_khanna\648f703dfe.jpg,0,low,1081.2,296x170,no,unknown,unknown
akshaye_khanna,Akshaye Khanna,actors,unknown,unknown,datasets/raw\actors\akshaye_khanna\648f7a5cef.jpg,1,high,290.6,630x354,yes,unknown,unknown
akshaye_khanna,Akshaye Khanna,actors,unknown,unknown,datasets/raw\actors\akshaye_khanna\66d32dc7a8.jpg,1,high,180.6,302x167,yes,unknown,unknown
akshaye_khanna,Akshaye Khanna,actors,unknown,unknown,datasets/raw\actors\akshaye_khanna\6f0ddf38c8.jpg,0,low,1043.6,259x194,no,unknown,unknown
akshaye_khanna,Akshaye Khanna,actors,unknown,unknown,datasets/raw\actors\akshaye_khanna\758b75fd34.jpg,1,high,905.9,280x180,yes,unknown,unknown
akshaye_khanna,Akshaye Khanna,actors,unknown,unknown,datasets/raw\actors\akshaye_khanna\8a590207bf.jpg,0,low,1413.3,298x169,no,unknown,unknown
akshaye_khanna,Akshaye Khanna,actors,unknown,unknown,datasets/raw\actors\akshaye_khanna\9024ebbcdf.jpg,1,high,2288.1,220x330,yes,unknown,unknown
akshaye_khanna,Akshaye Khanna,actors,unknown,unknown,datasets/raw\actors\akshaye_khanna\9a3ae543cd.jpg,0,low,41.4,800x600,no,unknown,unknown
akshaye_khanna,Akshaye Khanna,actors,unknown,unknown,datasets/raw\actors\akshaye_khanna\9bf285b11d.jpg,1,high,119.5,667x500,yes,unknown,unknown
akshay_kumar,Akshay Kumar,actors,unknown,unknown,datasets/raw\actors\akshay_kumar\0d6a9769b2.jpg,0,low,864.9,225x225,no,unknown,unknown
akshay_kumar,Akshay Kumar,actors,unknown,unknown,datasets/raw\actors\akshay_kumar\11a42953a6.jpg,1,high,1199.3,182x276,yes,unknown,unknown
akshay_kumar,Akshay Kumar,actors,unknown,unknown,datasets/raw\actors\akshay_kumar\1c2160c3ad.jpg,0,low,795.6,322x234,no,unknown,unknown
akshay_kumar,Akshay Kumar,actors,unknown,unknown,datasets/raw\actors\akshay_kumar\1df46ec71e.jpg,1,high,688.0,259x194,yes,unknown,unknown
akshay_kumar,Akshay Kumar,actors,unknown,unknown,datasets/raw\actors\akshay_kumar\2de958ac88.jpg,1,high,947.6,318x159,yes,unknown,unknown
akshay_kumar,Akshay Kumar,actors,unknown,unknown,datasets/raw\actors\akshay_kumar\2ffd6959aa.jpg,1,high,759.2,299x168,yes,unknown,unknown
akshay_kumar,Akshay Kumar,actors,unknown,unknown,datasets/raw\actors\akshay_kumar\30cdc2a081.jpg,0,low,1391.5,286x176,no,unknown,unknown
akshay_kumar,Akshay Kumar,actors,unknown,unknown,datasets/raw\actors\akshay_kumar\31fa048b9e.jpg,1,high,106.7,597x513,yes,unknown,unknown
akshay_kumar,Akshay Kumar,actors,unknown,unknown,datasets/raw\actors\akshay_kumar\35e68d887e.jpg,1,medium,42.6,918x506,yes,unknown,unknown
akshay_kumar,Akshay Kumar,actors,unknown,unknown,datasets/raw\actors\akshay_kumar\3c3521ac06.jpg,0,low,1128.9,275x183,no,unknown,unknown
akshay_kumar,Akshay Kumar,actors,unknown,unknown,datasets/raw\actors\akshay_kumar\3c95c469e8.jpg,1,high,317.9,299x168,yes,unknown,unknown
akshay_kumar,Akshay Kumar,actors,unknown,unknown,datasets/raw\actors\akshay_kumar\3ee1af0d45.jpg,0,low,666.4,259x194,no,unknown,unknown
akshay_kumar,Akshay Kumar,actors,unknown,unknown,datasets/raw\actors\akshay_kumar\4e3c92ce8c.jpg,1,high,525.1,224x224,yes,unknown,unknown
akshay_kumar,Akshay Kumar,actors,unknown,unknown,datasets/raw\actors\akshay_kumar\4f7cb8bc0d.jpg,0,low,3078.2,300x168,no,unknown,unknown
akshay_kumar,Akshay Kumar,actors,unknown,unknown,datasets/raw\actors\akshay_kumar\53f341470b.jpg,1,high,274.0,400x400,yes,unknown,unknown
akshay_kumar,Akshay Kumar,actors,unknown,unknown,datasets/raw\actors\akshay_kumar\5cf63fa395.jpg,0,low,1156.4,300x168,no,unknown,unknown
akshay_kumar,Akshay Kumar,actors,unknown,unknown,datasets/raw\actors\akshay_kumar\5e469844d8.jpg,1,medium,86.0,681x383,yes,unknown,unknown
akshay_kumar,Akshay Kumar,actors,unknown,unknown,datasets/raw\actors\akshay_kumar\5f1e482cc5.jpg,0,low,1701.4,275x183,no,unknown,unknown
akshay_kumar,Akshay Kumar,actors,unknown,unknown,datasets/raw\actors\akshay_kumar\6f8c0561d0.jpg,1,high,827.3,321x157,yes,unknown,unknown
akshay_kumar,Akshay Kumar,actors,unknown,unknown,datasets/raw\actors\akshay_kumar\8e7b9fc7f6.jpg,0,low,433.2,900x1200,no,unknown,unknown
akshay_kumar,Akshay Kumar,actors,unknown,unknown,datasets/raw\actors\akshay_kumar\8fb9c655ed.jpg,1,high,408.6,600x450,yes,unknown,unknown
akshay_kumar,Akshay Kumar,actors,unknown,unknown,datasets/raw\actors\akshay_kumar\9a9b3d79a1.jpg,1,high,234.2,750x563,yes,unknown,unknown
akshay_kumar,Akshay Kumar,actors,unknown,unknown,datasets/raw\actors\akshay_kumar\9f49de08d9.jpg,1,high,907.6,264x191,yes,unknown,unknown
amitabh_bachchan,Amitabh Bachchan,actors,unknown,unknown,datasets/raw\actors\amitabh_bachchan\01be2dc1ce.jpg,1,high,322.2,1100x619,yes,unknown,unknown
amitabh_bachchan,Amitabh Bachchan,actors,unknown,unknown,datasets/raw\actors\amitabh_bachchan\038d1afae9.jpg,1,high,437.6,700x394,yes,unknown,unknown
amitabh_bachchan,Amitabh Bachchan,actors,unknown,unknown,datasets/raw\actors\amitabh_bachchan\04af4248c8.jpg,1,high,261.4,1200x900,yes,unknown,unknown
amitabh_bachchan,Amitabh Bachchan,actors,unknown,unknown,datasets/raw\actors\amitabh_bachchan\18e6a929d9.jpg,0,low,73.4,1200x800,no,unknown,unknown
amitabh_bachchan,Amitabh Bachchan,actors,unknown,unknown,datasets/raw\actors\amitabh_bachchan\1dc00c01aa.jpg,1,high,676.8,300x168,yes,unknown,unknown
amitabh_bachchan,Amitabh Bachchan,actors,unknown,unknown,datasets/raw\actors\amitabh_bachchan\20a196fe18.jpg,0,low,2039.0,260x194,no,unknown,unknown
amitabh_bachchan,Amitabh Bachchan,actors,unknown,unknown,datasets/raw\actors\amitabh_bachchan\22ac737347.jpg,1,high,119.5,1280x720,yes,unknown,unknown
amitabh_bachchan,Amitabh Bachchan,actors,unknown,unknown,datasets/raw\actors\amitabh_bachchan\26c89f4438.jpg,0,low,53.3,1200x900,no,unknown,unknown
amitabh_bachchan,Amitabh Bachchan,actors,unknown,unknown,datasets/raw\actors\amitabh_bachchan\29f4d934c9.jpg,1,high,2381.8,400x400,yes,unknown,unknown
amitabh_bachchan,Amitabh Bachchan,actors,unknown,unknown,datasets/raw\actors\amitabh_bachchan\351db2a7f2.jpg,0,low,255.5,800x600,no,unknown,unknown
amitabh_bachchan,Amitabh Bachchan,actors,unknown,unknown,datasets/raw\actors\amitabh_bachchan\3bfcc93366.jpg,1,high,1709.2,275x183,yes,unknown,unknown
amitabh_bachchan,Amitabh Bachchan,actors,unknown,unknown,datasets/raw\actors\amitabh_bachchan\49dfbc48a5.jpg,0,low,418.4,300x168,no,unknown,unknown
amitabh_bachchan,Amitabh Bachchan,actors,unknown,unknown,datasets/raw\actors\amitabh_bachchan\512c38d1a7.jpg,1,high,613.3,1491x2048,yes,unknown,unknown
amitabh_bachchan,Amitabh Bachchan,actors,unknown,unknown,datasets/raw\actors\amitabh_bachchan\5b15f5e0e2.jpg,0,low,1639.9,275x183,no,unknown,unknown
amitabh_bachchan,Amitabh Bachchan,actors,unknown,unknown,datasets/raw\actors\amitabh_bachchan\5c0097e427.jpg,1,high,140.3,890x534,yes,unknown,unknown
amitabh_bachchan,Amitabh Bachchan,actors,unknown,unknown,datasets/raw\actors\amitabh_bachchan\710d5e3207.jpg,0,low,397.3,259x194,no,unknown,unknown
amitabh_bachchan,Amitabh Bachchan,actors,unknown,unknown,datasets/raw\actors\amitabh_bachchan\7b53494035.jpg,1,high,261.6,630x354,yes,unknown,unknown
amitabh_bachchan,Amitabh Bachchan,actors,unknown,unknown,datasets/raw\actors\amitabh_bachchan\81b9066ec5.jpg,0,low,1260.6,231x218,no,unknown,unknown
amitabh_bachchan,Amitabh Bachchan,actors,unknown,unknown,datasets/raw\actors\amitabh_bachchan\8aaeacf610.jpg,1,high,679.9,300x168,yes,unknown,unknown
amitabh_bachchan,Amitabh Bachchan,actors,unknown,unknown,datasets/raw\actors\amitabh_bachchan\8d783fbdff.jpg,1,high,335.3,1200x630,yes,unknown,unknown
amitabh_bachchan,Amitabh Bachchan,actors,unknown,unknown,datasets/raw\actors\amitabh_bachchan\9a76a927ca.jpg,0,low,860.3,275x183,no,unknown,unknown
amitabh_bachchan,Amitabh Bachchan,actors,unknown,unknown,datasets/raw\actors\amitabh_bachchan\9dd4be2cb2.jpg,1,high,392.5,274x416,yes,unknown,unknown
amitabh_bachchan,Amitabh Bachchan,actors,unknown,unknown,datasets/raw\actors\amitabh_bachchan\9ddba0347c.jpg,1,high,2339.4,506x652,yes,unknown,unknown
amjad_khan,Amjad Khan,actors,unknown,unknown,datasets/raw\actors\amjad_khan\0a18f7ac30.jpg,0,low,172.6,666x425,no,unknown,unknown
amjad_khan,Amjad Khan,actors,unknown,unknown,datasets/raw\actors\amjad_khan\0bd27dc244.jpg,1,high,1494.3,259x194,yes,unknown,unknown
amjad_khan,Amjad Khan,actors,unknown,unknown,datasets/raw\actors\amjad_khan\1857ba4e36.jpg,0,low,1259.2,299x168,no,unknown,unknown
amjad_khan,Amjad Khan,actors,unknown,unknown,datasets/raw\actors\amjad_khan\27023a02bd.jpg,1,high,1663.5,866x1390,yes,unknown,unknown
amjad_khan,Amjad Khan,actors,unknown,unknown,datasets/raw\actors\amjad_khan\29fe8eb3eb.jpg,0,low,843.0,285x177,no,unknown,unknown
amjad_khan,Amjad Khan,actors,unknown,unknown,datasets/raw\actors\amjad_khan\2debbd25a5.jpg,1,high,444.3,640x480,yes,unknown,unknown
amjad_khan,Amjad Khan,actors,unknown,unknown,datasets/raw\actors\amjad_khan\37fa53284c.jpg,0,low,487.2,220x298,no,unknown,unknown
amjad_khan,Amjad Khan,actors,unknown,unknown,datasets/raw\actors\amjad_khan\3fed5d085e.jpg,1,high,246.7,625x430,yes,unknown,unknown
amjad_khan,Amjad Khan,actors,unknown,unknown,datasets/raw\actors\amjad_khan\43ec905240.jpg,0,low,360.1,299x168,no,unknown,unknown
amjad_khan,Amjad Khan,actors,unknown,unknown,datasets/raw\actors\amjad_khan\4a8c66a719.jpg,1,high,3233.5,300x168,yes,unknown,unknown
amjad_khan,Amjad Khan,actors,unknown,unknown,datasets/raw\actors\amjad_khan\4c02015e7e.jpg,0,low,353.1,750x500,no,unknown,unknown
amjad_khan,Amjad Khan,actors,unknown,unknown,datasets/raw\actors\amjad_khan\67e49f5f60.jpg,1,medium,73.4,640x406,yes,unknown,unknown
amjad_khan,Amjad Khan,actors,unknown,unknown,datasets/raw\actors\amjad_khan\712bb8b64d.jpg,1,high,760.1,225x225,yes,unknown,unknown
amjad_khan,Amjad Khan,actors,unknown,unknown,datasets/raw\actors\amjad_khan\737d5e86b1.jpg,0,low,881.3,225x224,no,unknown,unknown
amjad_khan,Amjad Khan,actors,unknown,unknown,datasets/raw\actors\amjad_khan\7a7770b5fc.jpg,1,high,730.9,259x194,yes,unknown,unknown
amjad_khan,Amjad Khan,actors,unknown,unknown,datasets/raw\actors\amjad_khan\7b427b2c91.jpg,0,low,54.5,700x343,no,unknown,unknown
amjad_khan,Amjad Khan,actors,unknown,unknown,datasets/raw\actors\amjad_khan\7f04e54743.jpg,1,high,2183.4,204x204,yes,unknown,unknown
amjad_khan,Amjad Khan,actors,unknown,unknown,datasets/raw\actors\amjad_khan\88335cc554.jpg,0,low,97.3,1119x1500,no,unknown,unknown
amjad_khan,Amjad Khan,actors,unknown,unknown,datasets/raw\actors\amjad_khan\8cd9c77afa.jpg,1,medium,49.4,600x450,yes,unknown,unknown
amole_gupte,Amole Gupte,actors,unknown,unknown,datasets/raw\actors\amole_gupte\09d0e7d94c.jpg,0,low,634.3,183x275,no,unknown,unknown
amole_gupte,Amole Gupte,actors,unknown,unknown,datasets/raw\actors\amole_gupte\10ad637552.jpg,1,high,857.2,512x249,yes,unknown,unknown
amole_gupte,Amole Gupte,actors,unknown,unknown,datasets/raw\actors\amole_gupte\10d978a3a6.jpg,1,high,1476.5,260x194,yes,unknown,unknown
amole_gupte,Amole Gupte,actors,unknown,unknown,datasets/raw\actors\amole_gupte\1a25c801db.jpg,0,low,3271.4,225x225,no,unknown,unknown
amole_gupte,Amole Gupte,actors,unknown,unknown,datasets/raw\actors\amole_gupte\21eb0e8394.jpg,1,high,3203.8,318x159,yes,unknown,unknown
amole_gupte,Amole Gupte,actors,unknown,unknown,datasets/raw\actors\amole_gupte\2b784ad067.jpg,0,low,827.2,275x183,no,unknown,unknown
amole_gupte,Amole Gupte,actors,unknown,unknown,datasets/raw\actors\amole_gupte\2c87c76bc2.jpg,1,high,1787.6,246x205,yes,unknown,unknown
amole_gupte,Amole Gupte,actors,unknown,unknown,datasets/raw\actors\amole_gupte\2ca27484fe.jpg,1,high,1557.5,300x168,yes,unknown,unknown
amole_gupte,Amole Gupte,actors,unknown,unknown,datasets/raw\actors\amole_gupte\30f0e59439.jpg,1,high,198.1,777x437,yes,unknown,unknown
amole_gupte,Amole Gupte,actors,unknown,unknown,datasets/raw\actors\amole_gupte\31c3ed0a2f.jpg,1,high,203.1,700x525,yes,unknown,unknown
amole_gupte,Amole Gupte,actors,unknown,unknown,datasets/raw\actors\amole_gupte\33cc5b0a55.jpg,1,high,142.7,660x400,yes,unknown,unknown
amole_gupte,Amole Gupte,actors,unknown,unknown,datasets/raw\actors\amole_gupte\36ff0b8ba2.jpg,0,low,1121.3,275x183,no,unknown,unknown
amole_gupte,Amole Gupte,actors,unknown,unknown,datasets/raw\actors\amole_gupte\3b0d3189f9.jpg,1,high,1115.5,318x159,yes,unknown,unknown
amole_gupte,Amole Gupte,actors,unknown,unknown,datasets/raw\actors\amole_gupte\3f6f04d301.jpg,0,low,1561.4,480x454,no,unknown,unknown
amole_gupte,Amole Gupte,actors,unknown,unknown,datasets/raw\actors\amole_gupte\40f438f18d.jpg,1,high,374.1,799x600,yes,unknown,unknown
amole_gupte,Amole Gupte,actors,unknown,unknown,datasets/raw\actors\amole_gupte\41b0a76684.jpg,1,high,189.9,259x194,yes,unknown,unknown
amole_gupte,Amole Gupte,actors,unknown,unknown,datasets/raw\actors\amole_gupte\43cb0db74f.jpg,1,high,659.7,300x168,yes,unknown,unknown
amole_gupte,Amole Gupte,actors,unknown,unknown,datasets/raw\actors\amole_gupte\4a4d7bdfe9.jpg,0,low,1240.2,163x196,no,unknown,unknown
amole_gupte,Amole Gupte,actors,unknown,unknown,datasets/raw\actors\amole_gupte\4b19bdb426.jpg,1,high,1651.1,241x209,yes,unknown,unknown
amole_gupte,Amole Gupte,actors,unknown,unknown,datasets/raw\actors\amole_gupte\61b4907543.jpg,0,low,268.0,696x400,no,unknown,unknown
amole_gupte,Amole Gupte,actors,unknown,unknown,datasets/raw\actors\amole_gupte\6da448a99c.jpg,1,high,216.3,162x202,yes,unknown,unknown
amole_gupte,Amole Gupte,actors,unknown,unknown,datasets/raw\actors\amole_gupte\77a238bd45.jpg,0,low,689.2,1280x720,no,unknown,unknown
amole_gupte,Amole Gupte,actors,unknown,unknown,datasets/raw\actors\amole_gupte\7b2f10aa4f.jpg,1,high,1165.2,512x249,yes,unknown,unknown
amole_gupte,Amole Gupte,actors,unknown,unknown,datasets/raw\actors\amole_gupte\7c6c638bb4.jpg,0,low,958.5,502x596,no,unknown,unknown
amole_gupte,Amole Gupte,actors,unknown,unknown,datasets/raw\actors\amole_gupte\7d66e72dc4.jpg,1,high,146.6,680x453,yes,unknown,unknown
amole_gupte,Amole Gupte,actors,unknown,unknown,datasets/raw\actors\amole_gupte\82af61313c.jpg,1,high,820.8,275x183,yes,unknown,unknown
amole_gupte,Amole Gupte,actors,unknown,unknown,datasets/raw\actors\amole_gupte\8e6e6cb956.jpg,0,low,2006.5,300x168,no,unknown,unknown
amole_gupte,Amole Gupte,actors,unknown,unknown,datasets/raw\actors\amole_gupte\8f4af42fbc.jpg,1,high,359.2,800x533,yes,unknown,unknown
amole_gupte,Amole Gupte,actors,unknown,unknown,datasets/raw\actors\amole_gupte\9ff39c6674.jpg,0,low,241.6,183x275,no,unknown,unknown
amol_palekar,Amol Palekar,actors,unknown,unknown,datasets/raw\actors\amol_palekar\0225f05b06.jpg,1,high,1224.2,640x480,yes,unknown,unknown
amol_palekar,Amol Palekar,actors,unknown,unknown,datasets/raw\actors\amol_palekar\03f3078ad7.jpg,0,low,1493.7,1200x900,no,unknown,unknown
amol_palekar,Amol Palekar,actors,unknown,unknown,datasets/raw\actors\amol_palekar\0bf7b9dd34.jpg,1,high,4165.9,259x194,yes,unknown,unknown
amol_palekar,Amol Palekar,actors,unknown,unknown,datasets/raw\actors\amol_palekar\0d514a3f3b.jpg,0,low,374.7,299x169,no,unknown,unknown
amol_palekar,Amol Palekar,actors,unknown,unknown,datasets/raw\actors\amol_palekar\15cd3b1018.jpg,1,high,1062.7,300x168,yes,unknown,unknown
amol_palekar,Amol Palekar,actors,unknown,unknown,datasets/raw\actors\amol_palekar\17f819557e.jpg,0,low,792.9,299x168,no,unknown,unknown
amol_palekar,Amol Palekar,actors,unknown,unknown,datasets/raw\actors\amol_palekar\19f93b5b4e.jpg,1,high,1666.5,182x277,yes,unknown,unknown
amol_palekar,Amol Palekar,actors,unknown,unknown,datasets/raw\actors\amol_palekar\221c815970.jpg,0,low,659.5,534x356,no,unknown,unknown
amol_palekar,Amol Palekar,actors,unknown,unknown,datasets/raw\actors\amol_palekar\25d1b687fd.jpg,1,high,1633.4,195x259,yes,unknown,unknown
amol_palekar,Amol Palekar,actors,unknown,unknown,datasets/raw\actors\amol_palekar\2fcfd444bc.jpg,0,low,882.5,670x574,no,unknown,unknown
amol_palekar,Amol Palekar,actors,unknown,unknown,datasets/raw\actors\amol_palekar\441ec32efa.jpg,1,high,862.2,900x450,yes,unknown,unknown
amol_palekar,Amol Palekar,actors,unknown,unknown,datasets/raw\actors\amol_palekar\510e4d95e0.jpg,0,low,508.0,250x250,no,unknown,unknown
amol_palekar,Amol Palekar,actors,unknown,unknown,datasets/raw\actors\amol_palekar\583d8a7e66.jpg,1,high,291.5,866x1390,yes,unknown,unknown
amol_palekar,Amol Palekar,actors,unknown,unknown,datasets/raw\actors\amol_palekar\7fbbcf8655.jpg,0,low,1143.5,307x396,no,unknown,unknown
amol_palekar,Amol Palekar,actors,unknown,unknown,datasets/raw\actors\amol_palekar\86e10543c2.jpg,1,high,3910.0,297x170,yes,unknown,unknown
amol_palekar,Amol Palekar,actors,unknown,unknown,datasets/raw\actors\amol_palekar\94ecce362c.jpg,1,high,289.9,1200x675,yes,unknown,unknown
amol_palekar,Amol Palekar,actors,unknown,unknown,datasets/raw\actors\amol_palekar\9d3007d67c.jpg,0,low,827.8,1200x800,no,unknown,unknown
amol_palekar,Amol Palekar,actors,unknown,unknown,datasets/raw\actors\amol_palekar\f85582af59.jpg,1,high,1177.6,310x163,yes,unknown,unknown
amol_palekar,Amol Palekar,actors,unknown,unknown,datasets/raw\actors\amol_palekar\fa557b1c2c.jpg,1,medium,53.0,770x433,yes,unknown,unknown
amol_palekar,Amol Palekar,actors,unknown,unknown,datasets/raw\actors\amol_palekar\fca3bf65dd.jpg,1,high,852.3,183x275,yes,unknown,unknown
amol_palekar,Amol Palekar,actors,unknown,unknown,datasets/raw\actors\amol_palekar\ff390a5229.jpg,0,low,577.2,620x450,no,unknown,unknown
amrish_puri,Amrish Puri,actors,unknown,unknown,datasets/raw\actors\amrish_puri\061de9d771.jpg,1,high,780.2,1280x720,yes,unknown,unknown
amrish_puri,Amrish Puri,actors,unknown,unknown,datasets/raw\actors\amrish_puri\0e79653250.jpg,0,low,1467.1,300x168,no,unknown,unknown
amrish_puri,Amrish Puri,actors,unknown,unknown,datasets/raw\actors\amrish_puri\0ecbe82a5b.jpg,1,high,3672.5,185x278,yes,unknown,unknown
amrish_puri,Amrish Puri,actors,unknown,unknown,datasets/raw\actors\amrish_puri\17e848ef1f.jpg,0,low,256.3,680x512,no,unknown,unknown
amrish_puri,Amrish Puri,actors,unknown,unknown,datasets/raw\actors\amrish_puri\18cf1f4014.jpg,1,high,482.1,715x524,yes,unknown,unknown
amrish_puri,Amrish Puri,actors,unknown,unknown,datasets/raw\actors\amrish_puri\18fcdb7be1.jpg,0,low,2569.6,300x168,no,unknown,unknown
amrish_puri,Amrish Puri,actors,unknown,unknown,datasets/raw\actors\amrish_puri\1cdb131ed6.jpg,1,medium,49.8,940x579,yes,unknown,unknown
amrish_puri,Amrish Puri,actors,unknown,unknown,datasets/raw\actors\amrish_puri\1d8aa8da2d.jpg,1,high,2503.7,760x425,yes,unknown,unknown
amrish_puri,Amrish Puri,actors,unknown,unknown,datasets/raw\actors\amrish_puri\2cbe9312c2.jpg,0,low,1176.5,268x188,no,unknown,unknown
amrish_puri,Amrish Puri,actors,unknown,unknown,datasets/raw\actors\amrish_puri\387d5724c6.jpg,1,high,219.0,304x304,yes,unknown,unknown
amrish_puri,Amrish Puri,actors,unknown,unknown,datasets/raw\actors\amrish_puri\3bded97718.jpg,0,low,300.6,696x450,no,unknown,unknown
amrish_puri,Amrish Puri,actors,unknown,unknown,datasets/raw\actors\amrish_puri\43ce28e1f1.jpg,1,high,374.9,252x200,yes,unknown,unknown
amrish_puri,Amrish Puri,actors,unknown,unknown,datasets/raw\actors\amrish_puri\451f47c241.jpg,1,medium,72.9,940x580,yes,unknown,unknown
amrish_puri,Amrish Puri,actors,unknown,unknown,datasets/raw\actors\amrish_puri\500b0515a7.jpg,1,high,1465.9,201x251,yes,unknown,unknown
amrish_puri,Amrish Puri,actors,unknown,unknown,datasets/raw\actors\amrish_puri\67a46900e0.jpg,0,low,413.8,259x194,no,unknown,unknown
amrish_puri,Amrish Puri,actors,unknown,unknown,datasets/raw\actors\amrish_puri\6a707aa3ac.jpg,1,high,605.6,720x540,yes,unknown,unknown
amrish_puri,Amrish Puri,actors,unknown,unknown,datasets/raw\actors\amrish_puri\6af04e823c.jpg,0,low,117.0,434x368,no,unknown,unknown
amrish_puri,Amrish Puri,actors,unknown,unknown,datasets/raw\actors\amrish_puri\6c618422ec.jpg,1,high,1130.9,318x158,yes,unknown,unknown
amrish_puri,Amrish Puri,actors,unknown,unknown,datasets/raw\actors\amrish_puri\72b0095b95.jpg,1,medium,45.6,602x315,yes,unknown,unknown
amrish_puri,Amrish Puri,actors,unknown,unknown,datasets/raw\actors\amrish_puri\7cc7e970f3.jpg,0,low,98.3,720x1032,no,unknown,unknown
amrish_puri,Amrish Puri,actors,unknown,unknown,datasets/raw\actors\amrish_puri\7d5a1adabb.jpg,1,high,322.2,360x450,yes,unknown,unknown
amrish_puri,Amrish Puri,actors,unknown,unknown,datasets/raw\actors\amrish_puri\90f8f14130.jpg,0,low,170.4,240x210,no,unknown,unknown
anil_kapoor,Anil Kapoor,actors,unknown,unknown,datasets/raw\actors\anil_kapoor\021bb8d05d.jpg,1,high,457.2,612x603,yes,unknown,unknown
anil_kapoor,Anil Kapoor,actors,unknown,unknown,datasets/raw\actors\anil_kapoor\09a25a2106.jpg,0,low,145.1,1200x900,no,unknown,unknown
anil_kapoor,Anil Kapoor,actors,unknown,unknown,datasets/raw\actors\anil_kapoor\0bbcba0a5c.jpg,1,high,235.6,621x414,yes,unknown,unknown
anil_kapoor,Anil Kapoor,actors,unknown,unknown,datasets/raw\actors\anil_kapoor\19ca27b41f.jpg,0,low,229.2,299x168,no,unknown,unknown
anil_kapoor,Anil Kapoor,actors,unknown,unknown,datasets/raw\actors\anil_kapoor\1b4380d0a0.jpg,1,high,611.7,264x191,yes,unknown,unknown
anil_kapoor,Anil Kapoor,actors,unknown,unknown,datasets/raw\actors\anil_kapoor\1e814f3111.jpg,1,high,655.0,250x326,yes,unknown,unknown
anil_kapoor,Anil Kapoor,actors,unknown,unknown,datasets/raw\actors\anil_kapoor\25cca3fe0f.jpg,0,low,362.1,301x167,no,unknown,unknown
anil_kapoor,Anil Kapoor,actors,unknown,unknown,datasets/raw\actors\anil_kapoor\2ddbcaab5e.jpg,1,high,101.5,800x600,yes,unknown,unknown
anil_kapoor,Anil Kapoor,actors,unknown,unknown,datasets/raw\actors\anil_kapoor\3e4dcfe5f4.jpg,0,low,461.7,225x225,no,unknown,unknown
anil_kapoor,Anil Kapoor,actors,unknown,unknown,datasets/raw\actors\anil_kapoor\3f9a686ec5.jpg,1,high,983.1,760x428,yes,unknown,unknown
anil_kapoor,Anil Kapoor,actors,unknown,unknown,datasets/raw\actors\anil_kapoor\46409c5e71.jpg,0,low,345.0,644x437,no,unknown,unknown
anil_kapoor,Anil Kapoor,actors,unknown,unknown,datasets/raw\actors\anil_kapoor\48f4059860.jpg,1,high,373.5,620x450,yes,unknown,unknown
anil_kapoor,Anil Kapoor,actors,unknown,unknown,datasets/raw\actors\anil_kapoor\607ac8c1b6.jpg,0,low,403.1,758x433,no,unknown,unknown
anil_kapoor,Anil Kapoor,actors,unknown,unknown,datasets/raw\actors\anil_kapoor\72151cb9c3.jpg,1,high,383.7,300x168,yes,unknown,unknown
anil_kapoor,Anil Kapoor,actors,unknown,unknown,datasets/raw\actors\anil_kapoor\74c1c5b788.jpg,1,high,479.9,277x182,yes,unknown,unknown
anil_kapoor,Anil Kapoor,actors,unknown,unknown,datasets/raw\actors\anil_kapoor\81e53c4ba3.jpg,0,low,1841.6,259x194,no,unknown,unknown
anil_kapoor,Anil Kapoor,actors,unknown,unknown,datasets/raw\actors\anil_kapoor\8aa03d04d6.jpg,1,high,212.3,1200x675,yes,unknown,unknown
anil_kapoor,Anil Kapoor,actors,unknown,unknown,datasets/raw\actors\anil_kapoor\8de77a9825.jpg,0,low,63.3,770x433,no,unknown,unknown
anil_kapoor,Anil Kapoor,actors,unknown,unknown,datasets/raw\actors\anil_kapoor\906a03c7a1.jpg,1,high,818.6,259x194,yes,unknown,unknown
anil_kapoor,Anil Kapoor,actors,unknown,unknown,datasets/raw\actors\anil_kapoor\91952aa62f.jpg,0,low,301.8,400x400,no,unknown,unknown
anil_kapoor,Anil Kapoor,actors,unknown,unknown,datasets/raw\actors\anil_kapoor\9568dbe46b.jpg,1,high,253.3,550x550,yes,unknown,unknown
annu_kapoor,Annu Kapoor,actors,unknown,unknown,datasets/raw\actors\annu_kapoor\02c956313d.jpg,0,low,385.3,477x268,no,unknown,unknown
annu_kapoor,Annu Kapoor,actors,unknown,unknown,datasets/raw\actors\annu_kapoor\06f1dcf1a5.jpg,1,medium,65.7,400x500,yes,unknown,unknown
annu_kapoor,Annu Kapoor,actors,unknown,unknown,datasets/raw\actors\annu_kapoor\08c05cc0f9.jpg,0,low,85.9,700x450,no,unknown,unknown
annu_kapoor,Annu Kapoor,actors,unknown,unknown,datasets/raw\actors\annu_kapoor\0b544528ef.jpg,1,medium,64.0,630x1200,yes,unknown,unknown
annu_kapoor,Annu Kapoor,actors,unknown,unknown,datasets/raw\actors\annu_kapoor\0c520bca64.jpg,0,low,71.1,630x354,no,unknown,unknown
annu_kapoor,Annu Kapoor,actors,unknown,unknown,datasets/raw\actors\annu_kapoor\12449f6f5b.jpg,1,medium,47.2,725x403,yes,unknown,unknown
annu_kapoor,Annu Kapoor,actors,unknown,unknown,datasets/raw\actors\annu_kapoor\19cf5016de.jpg,1,medium,91.5,259x194,yes,unknown,unknown
annu_kapoor,Annu Kapoor,actors,unknown,unknown,datasets/raw\actors\annu_kapoor\2312b72e12.jpg,1,high,970.1,300x168,yes,unknown,unknown
annu_kapoor,Annu Kapoor,actors,unknown,unknown,datasets/raw\actors\annu_kapoor\289d2c594d.jpg,0,low,776.0,183x276,no,unknown,unknown
annu_kapoor,Annu Kapoor,actors,unknown,unknown,datasets/raw\actors\annu_kapoor\2b39c18857.jpg,1,high,604.2,480x360,yes,unknown,unknown
annu_kapoor,Annu Kapoor,actors,unknown,unknown,datasets/raw\actors\annu_kapoor\3da4333eba.jpg,0,low,2061.3,275x183,no,unknown,unknown
annu_kapoor,Annu Kapoor,actors,unknown,unknown,datasets/raw\actors\annu_kapoor\4611f2516a.jpg,1,high,1781.0,267x189,yes,unknown,unknown
annu_kapoor,Annu Kapoor,actors,unknown,unknown,datasets/raw\actors\annu_kapoor\4b0532f19f.jpg,1,high,835.4,188x268,yes,unknown,unknown
annu_kapoor,Annu Kapoor,actors,unknown,unknown,datasets/raw\actors\annu_kapoor\4d5789490a.jpg,0,low,782.7,1280x720,no,unknown,unknown
annu_kapoor,Annu Kapoor,actors,unknown,unknown,datasets/raw\actors\annu_kapoor\5e8ac0de2d.jpg,1,medium,67.5,800x600,yes,unknown,unknown
annu_kapoor,Annu Kapoor,actors,unknown,unknown,datasets/raw\actors\annu_kapoor\7d4e8832f4.jpg,1,high,173.3,301x167,yes,unknown,unknown
annu_kapoor,Annu Kapoor,actors,unknown,unknown,datasets/raw\actors\annu_kapoor\8247f1b4c8.jpg,1,high,271.5,300x300,yes,unknown,unknown
annu_kapoor,Annu Kapoor,actors,unknown,unknown,datasets/raw\actors\annu_kapoor\86b794745a.jpg,0,low,1485.9,400x400,no,unknown,unknown
annu_kapoor,Annu Kapoor,actors,unknown,unknown,datasets/raw\actors\annu_kapoor\9219e97ea3.jpg,1,high,127.5,960x781,yes,unknown,unknown
annu_kapoor,Annu Kapoor,actors,unknown,unknown,datasets/raw\actors\annu_kapoor\9c5ff2cc29.jpg,0,low,5008.8,300x168,no,unknown,unknown
annu_kapoor,Annu Kapoor,actors,unknown,unknown,datasets/raw\actors\annu_kapoor\9ebfd62131.jpg,1,high,1780.2,250x250,yes,unknown,unknown
anupam_kher,Anupam Kher,actors,unknown,unknown,datasets/raw\actors\anupam_kher\0284ad4ec7.jpg,0,low,457.6,506x652,no,unknown,unknown
anupam_kher,Anupam Kher,actors,unknown,unknown,datasets/raw\actors\anupam_kher\04f5eca5b8.jpg,1,medium,69.1,1200x900,yes,unknown,unknown
anupam_kher,Anupam Kher,actors,unknown,unknown,datasets/raw\actors\anupam_kher\0aacb5a14e.jpg,0,low,1466.6,300x168,no,unknown,unknown
anupam_kher,Anupam Kher,actors,unknown,unknown,datasets/raw\actors\anupam_kher\0ab0076764.jpg,1,high,601.9,300x168,yes,unknown,unknown
anupam_kher,Anupam Kher,actors,unknown,unknown,datasets/raw\actors\anupam_kher\127bd975dd.jpg,0,low,2493.8,275x183,no,unknown,unknown
anupam_kher,Anupam Kher,actors,unknown,unknown,datasets/raw\actors\anupam_kher\17d41669fb.jpg,1,medium,98.9,600x337,yes,unknown,unknown
anupam_kher,Anupam Kher,actors,unknown,unknown,datasets/raw\actors\anupam_kher\1cdae56e93.jpg,0,low,56.5,1024x911,no,unknown,unknown
anupam_kher,Anupam Kher,actors,unknown,unknown,datasets/raw\actors\anupam_kher\252eb69157.jpg,1,high,643.0,264x191,yes,unknown,unknown
anupam_kher,Anupam Kher,actors,unknown,unknown,datasets/raw\actors\anupam_kher\26d23cf667.jpg,1,high,373.6,760x443,yes,unknown,unknown
anupam_kher,Anupam Kher,actors,unknown,unknown,datasets/raw\actors\anupam_kher\29f604d8cc.jpg,1,high,259.2,630x356,yes,unknown,unknown
anupam_kher,Anupam Kher,actors,unknown,unknown,datasets/raw\actors\anupam_kher\3128dbebd7.jpg,1,high,817.8,194x259,yes,unknown,unknown
anupam_kher,Anupam Kher,actors,unknown,unknown,datasets/raw\actors\anupam_kher\37a9875e8b.jpg,0,low,128.4,251x201,no,unknown,unknown
anupam_kher,Anupam Kher,actors,unknown,unknown,datasets/raw\actors\anupam_kher\3df0fac194.jpg,1,high,109.1,1476x2000,yes,unknown,unknown
anupam_kher,Anupam Kher,actors,unknown,unknown,datasets/raw\actors\anupam_kher\4284a69d16.jpg,1,high,381.6,199x253,yes,unknown,unknown
anupam_kher,Anupam Kher,actors,unknown,unknown,datasets/raw\actors\anupam_kher\4dcfc56ae0.jpg,0,low,169.1,867x1200,no,unknown,unknown
anupam_kher,Anupam Kher,actors,unknown,unknown,datasets/raw\actors\anupam_kher\56b4466abb.jpg,1,high,434.4,318x159,yes,unknown,unknown
anupam_kher,Anupam Kher,actors,unknown,unknown,datasets/raw\actors\anupam_kher\66c703234d.jpg,1,high,314.9,895x1000,yes,unknown,unknown
anupam_kher,Anupam Kher,actors,unknown,unknown,datasets/raw\actors\anupam_kher\75aab53a05.jpg,1,high,3812.5,220x290,yes,unknown,unknown
anupam_kher,Anupam Kher,actors,unknown,unknown,datasets/raw\actors\anupam_kher\7adfdd81f9.jpg,0,low,569.6,290x174,no,unknown,unknown
anupam_kher,Anupam Kher,actors,unknown,unknown,datasets/raw\actors\anupam_kher\854ebb3cbd.jpg,1,medium,76.5,1200x630,yes,unknown,unknown
anupam_kher,Anupam Kher,actors,unknown,unknown,datasets/raw\actors\anupam_kher\997b97496c.jpg,1,medium,87.5,1280x720,yes,unknown,unknown
anupam_kher,Anupam Kher,actors,unknown,unknown,datasets/raw\actors\anupam_kher\9e3708cd0d.jpg,0,low,797.8,620x450,no,unknown,unknown
arshad_warsi,Arshad Warsi,actors,unknown,unknown,datasets/raw\actors\arshad_warsi\08ab912f54.jpg,1,high,225.8,650x400,yes,unknown,unknown
arshad_warsi,Arshad Warsi,actors,unknown,unknown,datasets/raw\actors\arshad_warsi\0c58a105ea.jpg,0,low,1455.1,400x224,no,unknown,unknown
arshad_warsi,Arshad Warsi,actors,unknown,unknown,datasets/raw\actors\arshad_warsi\0ce106cc0e.jpg,1,high,804.3,620x450,yes,unknown,unknown
arshad_warsi,Arshad Warsi,actors,unknown,unknown,datasets/raw\actors\arshad_warsi\0f334bacc7.jpg,1,high,955.9,264x191,yes,unknown,unknown
arshad_warsi,Arshad Warsi,actors,unknown,unknown,datasets/raw\actors\arshad_warsi\11b7715654.jpg,0,low,728.9,318x159,no,unknown,unknown
arshad_warsi,Arshad Warsi,actors,unknown,unknown,datasets/raw\actors\arshad_warsi\1b932d04dc.jpg,1,high,573.5,640x480,yes,unknown,unknown
arshad_warsi,Arshad Warsi,actors,unknown,unknown,datasets/raw\actors\arshad_warsi\1c74b9afcc.jpg,0,low,94.6,630x354,no,unknown,unknown
arshad_warsi,Arshad Warsi,actors,unknown,unknown,datasets/raw\actors\arshad_warsi\21f5c42337.jpg,1,high,1176.1,301x167,yes,unknown,unknown
arshad_warsi,Arshad Warsi,actors,unknown,unknown,datasets/raw\actors\arshad_warsi\2c20d021e0.jpg,0,low,438.0,162x202,no,unknown,unknown
arshad_warsi,Arshad Warsi,actors,unknown,unknown,datasets/raw\actors\arshad_warsi\37b6747cc3.jpg,1,high,222.0,259x195,yes,unknown,unknown
arshad_warsi,Arshad Warsi,actors,unknown,unknown,datasets/raw\actors\arshad_warsi\3bfe5d7b13.jpg,0,low,551.9,552x400,no,unknown,unknown
arshad_warsi,Arshad Warsi,actors,unknown,unknown,datasets/raw\actors\arshad_warsi\3fc2e00327.jpg,1,high,160.9,800x600,yes,unknown,unknown
arshad_warsi,Arshad Warsi,actors,unknown,unknown,datasets/raw\actors\arshad_warsi\42c934dd29.jpg,1,medium,94.2,770x433,yes,unknown,unknown
arshad_warsi,Arshad Warsi,actors,unknown,unknown,datasets/raw\actors\arshad_warsi\59b5851e38.jpg,0,low,1828.2,259x194,no,unknown,unknown
arshad_warsi,Arshad Warsi,actors,unknown,unknown,datasets/raw\actors\arshad_warsi\6a1d65cf7a.jpg,1,high,1507.8,259x194,yes,unknown,unknown
arshad_warsi,Arshad Warsi,actors,unknown,unknown,datasets/raw\actors\arshad_warsi\72e56eb672.jpg,0,low,922.9,300x168,no,unknown,unknown
arshad_warsi,Arshad Warsi,actors,unknown,unknown,datasets/raw\actors\arshad_warsi\77c19180ef.jpg,1,medium,43.3,1200x800,yes,unknown,unknown
arshad_warsi,Arshad Warsi,actors,unknown,unknown,datasets/raw\actors\arshad_warsi\7c01dd0d0c.jpg,1,medium,51.5,1170x1284,yes,unknown,unknown
arshad_warsi,Arshad Warsi,actors,unknown,unknown,datasets/raw\actors\arshad_warsi\7fc2a8d773.jpg,0,low,525.8,318x159,no,unknown,unknown
arshad_warsi,Arshad Warsi,actors,unknown,unknown,datasets/raw\actors\arshad_warsi\8fcad7042c.jpg,1,high,854.1,259x194,yes,unknown,unknown
arshad_warsi,Arshad Warsi,actors,unknown,unknown,datasets/raw\actors\arshad_warsi\9a54f08bb4.jpg,1,high,181.3,300x168,yes,unknown,unknown
arshad_warsi,Arshad Warsi,actors,unknown,unknown,datasets/raw\actors\arshad_warsi\9eba60d777.jpg,0,low,421.4,235x235,no,unknown,unknown
ashish_vidyarthi,Ashish Vidyarthi,actors,unknown,unknown,datasets/raw\actors\ashish_vidyarthi\030adcacba.jpg,1,high,775.5,276x182,yes,unknown,unknown
ashish_vidyarthi,Ashish Vidyarthi,actors,unknown,unknown,datasets/raw\actors\ashish_vidyarthi\15c70cba4a.jpg,1,high,849.1,1200x675,yes,unknown,unknown
ashish_vidyarthi,Ashish Vidyarthi,actors,unknown,unknown,datasets/raw\actors\ashish_vidyarthi\17da1f830d.jpg,1,high,1941.7,275x183,yes,unknown,unknown
ashish_vidyarthi,Ashish Vidyarthi,actors,unknown,unknown,datasets/raw\actors\ashish_vidyarthi\23dd97457a.jpg,1,high,203.4,1200x800,yes,unknown,unknown
ashish_vidyarthi,Ashish Vidyarthi,actors,unknown,unknown,datasets/raw\actors\ashish_vidyarthi\24a7bace77.jpg,1,high,215.2,225x225,yes,unknown,unknown
ashish_vidyarthi,Ashish Vidyarthi,actors,unknown,unknown,datasets/raw\actors\ashish_vidyarthi\28c4c9368e.jpg,0,low,3976.4,1200x630,no,unknown,unknown
ashish_vidyarthi,Ashish Vidyarthi,actors,unknown,unknown,datasets/raw\actors\ashish_vidyarthi\2fe9596aae.jpg,1,high,137.8,800x500,yes,unknown,unknown
ashish_vidyarthi,Ashish Vidyarthi,actors,unknown,unknown,datasets/raw\actors\ashish_vidyarthi\31ea247d9e.jpg,1,high,938.9,183x275,yes,unknown,unknown
ashish_vidyarthi,Ashish Vidyarthi,actors,unknown,unknown,datasets/raw\actors\ashish_vidyarthi\3ec7bdf63c.jpg,0,low,382.9,200x301,no,unknown,unknown
ashish_vidyarthi,Ashish Vidyarthi,actors,unknown,unknown,datasets/raw\actors\ashish_vidyarthi\40cc6947c6.jpg,1,high,516.5,176x286,yes,unknown,unknown
ashish_vidyarthi,Ashish Vidyarthi,actors,unknown,unknown,datasets/raw\actors\ashish_vidyarthi\42a399d266.jpg,0,low,412.3,800x600,no,unknown,unknown
ashish_vidyarthi,Ashish Vidyarthi,actors,unknown,unknown,datasets/raw\actors\ashish_vidyarthi\4abfa30982.jpg,1,high,1093.8,424x640,yes,unknown,unknown
ashish_vidyarthi,Ashish Vidyarthi,actors,unknown,unknown,datasets/raw\actors\ashish_vidyarthi\4de38113a4.jpg,0,low,1931.8,225x225,no,unknown,unknown
ashish_vidyarthi,Ashish Vidyarthi,actors,unknown,unknown,datasets/raw\actors\ashish_vidyarthi\55c476913a.jpg,1,high,464.7,233x280,yes,unknown,unknown
ashish_vidyarthi,Ashish Vidyarthi,actors,unknown,unknown,datasets/raw\actors\ashish_vidyarthi\58e7381209.jpg,0,low,2109.0,300x168,no,unknown,unknown
ashish_vidyarthi,Ashish Vidyarthi,actors,unknown,unknown,datasets/raw\actors\ashish_vidyarthi\63f8d45234.jpg,1,high,235.6,624x409,yes,unknown,unknown
ashish_vidyarthi,Ashish Vidyarthi,actors,unknown,unknown,datasets/raw\actors\ashish_vidyarthi\710bee72f0.jpg,1,high,842.3,200x175,yes,unknown,unknown
ashish_vidyarthi,Ashish Vidyarthi,actors,unknown,unknown,datasets/raw\actors\ashish_vidyarthi\751f5e8a64.jpg,0,low,710.5,267x189,no,unknown,unknown
ashish_vidyarthi,Ashish Vidyarthi,actors,unknown,unknown,datasets/raw\actors\ashish_vidyarthi\7aa961712f.jpg,1,high,1638.1,225x225,yes,unknown,unknown
ashish_vidyarthi,Ashish Vidyarthi,actors,unknown,unknown,datasets/raw\actors\ashish_vidyarthi\7c5a491365.jpg,1,high,2206.3,225x225,yes,unknown,unknown
ashish_vidyarthi,Ashish Vidyarthi,actors,unknown,unknown,datasets/raw\actors\ashish_vidyarthi\7d08dfeb17.jpg,1,medium,63.6,670x512,yes,unknown,unknown
ashish_vidyarthi,Ashish Vidyarthi,actors,unknown,unknown,datasets/raw\actors\ashish_vidyarthi\85f9c645de.jpg,0,low,1578.7,259x194,no,unknown,unknown
ashish_vidyarthi,Ashish Vidyarthi,actors,unknown,unknown,datasets/raw\actors\ashish_vidyarthi\8b03662581.jpg,1,high,1116.7,219x230,yes,unknown,unknown
ashish_vidyarthi,Ashish Vidyarthi,actors,unknown,unknown,datasets/raw\actors\ashish_vidyarthi\9ad95ecd79.jpg,1,high,104.2,800x448,yes,unknown,unknown
ashish_vidyarthi,Ashish Vidyarthi,actors,unknown,unknown,datasets/raw\actors\ashish_vidyarthi\9b533d648d.jpg,0,low,265.6,420x439,no,unknown,unknown
asrani,Asrani,actors,unknown,unknown,datasets/raw\actors\asrani\048f698d66.jpg,1,high,3002.7,480x360,yes,unknown,unknown
asrani,Asrani,actors,unknown,unknown,datasets/raw\actors\asrani\110266b998.jpg,0,low,43.1,1191x1500,no,unknown,unknown
asrani,Asrani,actors,unknown,unknown,datasets/raw\actors\asrani\1346dd90e5.jpg,1,high,398.3,332x152,yes,unknown,unknown
asrani,Asrani,actors,unknown,unknown,datasets/raw\actors\asrani\26ead5c441.jpg,1,medium,49.4,640x480,yes,unknown,unknown
asrani,Asrani,actors,unknown,unknown,datasets/raw\actors\asrani\2860839687.jpg,0,low,874.9,585x439,no,unknown,unknown
asrani,Asrani,actors,unknown,unknown,datasets/raw\actors\asrani\36d539b2c7.jpg,1,high,108.3,616x454,yes,unknown,unknown
asrani,Asrani,actors,unknown,unknown,datasets/raw\actors\asrani\4f0322d77d.jpg,0,low,688.6,239x480,no,unknown,unknown
asrani,Asrani,actors,unknown,unknown,datasets/raw\actors\asrani\52e7b32e49.jpg,1,high,1131.4,260x194,yes,unknown,unknown
asrani,Asrani,actors,unknown,unknown,datasets/raw\actors\asrani\7627aceb44.jpg,0,low,2008.0,512x288,no,unknown,unknown
asrani,Asrani,actors,unknown,unknown,datasets/raw\actors\asrani\7627f1a03e.jpg,1,high,473.4,715x476,yes,unknown,unknown
asrani,Asrani,actors,unknown,unknown,datasets/raw\actors\asrani\7913736b89.jpg,0,low,68.4,918x506,no,unknown,unknown
asrani,Asrani,actors,unknown,unknown,datasets/raw\actors\asrani\7bb50f7312.jpg,1,high,528.5,206x245,yes,unknown,unknown
asrani,Asrani,actors,unknown,unknown,datasets/raw\actors\asrani\804ccaf85d.jpg,0,low,1443.9,240x180,no,unknown,unknown
asrani,Asrani,actors,unknown,unknown,datasets/raw\actors\asrani\8a4caa5423.jpg,1,high,683.9,251x201,yes,unknown,unknown
asrani,Asrani,actors,unknown,unknown,datasets/raw\actors\asrani\9eb04183b5.jpg,1,high,1202.7,248x203,yes,unknown,unknown
asrani,Asrani,actors,unknown,unknown,datasets/raw\actors\asrani\ab420797f7.jpg,0,low,991.4,205x246,no,unknown,unknown
asrani,Asrani,actors,unknown,unknown,datasets/raw\actors\asrani\b27c94a047.jpg,1,high,1889.1,259x194,yes,unknown,unknown
asrani,Asrani,actors,unknown,unknown,datasets/raw\actors\asrani\c637b8879c.jpg,0,low,5212.6,170x240,no,unknown,unknown
atul_kulkarni,Atul Kulkarni,actors,unknown,unknown,datasets/raw\actors\atul_kulkarni\07aba1cf7c.jpg,1,high,5230.7,177x285,yes,unknown,unknown
atul_kulkarni,Atul Kulkarni,actors,unknown,unknown,datasets/raw\actors\atul_kulkarni\0a4abfb939.jpg,0,low,1467.8,305x165,no,unknown,unknown
atul_kulkarni,Atul Kulkarni,actors,unknown,unknown,datasets/raw\actors\atul_kulkarni\0d8ffa6b2c.jpg,1,high,262.2,259x194,yes,unknown,unknown
atul_kulkarni,Atul Kulkarni,actors,unknown,unknown,datasets/raw\actors\atul_kulkarni\12f80d03f2.jpg,1,high,544.1,480x360,yes,unknown,unknown
atul_kulkarni,Atul Kulkarni,actors,unknown,unknown,datasets/raw\actors\atul_kulkarni\20f5c46adc.jpg,1,high,540.7,416x416,yes,unknown,unknown
atul_kulkarni,Atul Kulkarni,actors,unknown,unknown,datasets/raw\actors\atul_kulkarni\22bae75c56.jpg,1,high,402.5,170x240,yes,unknown,unknown
atul_kulkarni,Atul Kulkarni,actors,unknown,unknown,datasets/raw\actors\atul_kulkarni\322f44f02e.jpg,0,low,63.4,1280x720,no,unknown,unknown
atul_kulkarni,Atul Kulkarni,actors,unknown,unknown,datasets/raw\actors\atul_kulkarni\3fd2f5c33c.jpg,1,medium,58.7,750x1168,yes,unknown,unknown
atul_kulkarni,Atul Kulkarni,actors,unknown,unknown,datasets/raw\actors\atul_kulkarni\48ff2eaf35.jpg,0,low,145.6,183x275,no,unknown,unknown
atul_kulkarni,Atul Kulkarni,actors,unknown,unknown,datasets/raw\actors\atul_kulkarni\4da7f3af07.jpg,1,high,734.9,242x208,yes,unknown,unknown
atul_kulkarni,Atul Kulkarni,actors,unknown,unknown,datasets/raw\actors\atul_kulkarni\539d1570a6.jpg,0,low,1479.6,188x268,no,unknown,unknown
atul_kulkarni,Atul Kulkarni,actors,unknown,unknown,datasets/raw\actors\atul_kulkarni\62c1c3adaa.jpg,1,high,832.7,288x175,yes,unknown,unknown
atul_kulkarni,Atul Kulkarni,actors,unknown,unknown,datasets/raw\actors\atul_kulkarni\665fa40f1b.jpg,0,low,808.9,1200x700,no,unknown,unknown
atul_kulkarni,Atul Kulkarni,actors,unknown,unknown,datasets/raw\actors\atul_kulkarni\6cfdf8f2ae.jpg,1,high,674.4,183x275,yes,unknown,unknown
atul_kulkarni,Atul Kulkarni,actors,unknown,unknown,datasets/raw\actors\atul_kulkarni\71b6854151.jpg,0,low,50.7,1280x720,no,unknown,unknown
atul_kulkarni,Atul Kulkarni,actors,unknown,unknown,datasets/raw\actors\atul_kulkarni\743e336417.jpg,1,high,991.9,286x176,yes,unknown,unknown
atul_kulkarni,Atul Kulkarni,actors,unknown,unknown,datasets/raw\actors\atul_kulkarni\84b3a67713.jpg,0,low,122.1,360x533,no,unknown,unknown
atul_kulkarni,Atul Kulkarni,actors,unknown,unknown,datasets/raw\actors\atul_kulkarni\8af37e6dcb.jpg,1,high,173.6,300x168,yes,unknown,unknown
atul_kulkarni,Atul Kulkarni,actors,unknown,unknown,datasets/raw\actors\atul_kulkarni\906e2efc1c.jpg,0,low,5560.5,275x183,no,unknown,unknown
atul_kulkarni,Atul Kulkarni,actors,unknown,unknown,datasets/raw\actors\atul_kulkarni\9a8b9c004e.jpg,1,high,231.8,162x202,yes,unknown,unknown
atul_kulkarni,Atul Kulkarni,actors,unknown,unknown,datasets/raw\actors\atul_kulkarni\9d6a648794.jpg,1,high,1020.5,183x275,yes,unknown,unknown
ayushmann_khurrana,Ayushmann Khurrana,actors,unknown,unknown,datasets/raw\actors\ayushmann_khurrana\09e7d08c92.jpg,0,low,8957.0,170x254,no,unknown,unknown
ayushmann_khurrana,Ayushmann Khurrana,actors,unknown,unknown,datasets/raw\actors\ayushmann_khurrana\0abbf79639.jpg,1,high,197.9,1500x843,yes,unknown,unknown
ayushmann_khurrana,Ayushmann Khurrana,actors,unknown,unknown,datasets/raw\actors\ayushmann_khurrana\0efb7e8ad8.jpg,1,high,218.1,700x450,yes,unknown,unknown
ayushmann_khurrana,Ayushmann Khurrana,actors,unknown,unknown,datasets/raw\actors\ayushmann_khurrana\13e4a13faa.jpg,0,low,346.2,301x167,no,unknown,unknown
ayushmann_khurrana,Ayushmann Khurrana,actors,unknown,unknown,datasets/raw\actors\ayushmann_khurrana\1ae1f0c9e3.jpg,1,high,243.0,600x450,yes,unknown,unknown
ayushmann_khurrana,Ayushmann Khurrana,actors,unknown,unknown,datasets/raw\actors\ayushmann_khurrana\1f789e4f30.jpg,1,high,131.3,640x480,yes,unknown,unknown
ayushmann_khurrana,Ayushmann Khurrana,actors,unknown,unknown,datasets/raw\actors\ayushmann_khurrana\229a690a48.jpg,1,high,1689.4,275x183,yes,unknown,unknown
ayushmann_khurrana,Ayushmann Khurrana,actors,unknown,unknown,datasets/raw\actors\ayushmann_khurrana\25b90adbda.jpg,0,low,202.5,621x414,no,unknown,unknown
ayushmann_khurrana,Ayushmann Khurrana,actors,unknown,unknown,datasets/raw\actors\ayushmann_khurrana\2a4aca4ea6.jpg,1,high,136.1,1778x998,yes,unknown,unknown
ayushmann_khurrana,Ayushmann Khurrana,actors,unknown,unknown,datasets/raw\actors\ayushmann_khurrana\31d67dcf9d.jpg,1,high,1960.8,259x194,yes,unknown,unknown
ayushmann_khurrana,Ayushmann Khurrana,actors,unknown,unknown,datasets/raw\actors\ayushmann_khurrana\36bd9a3943.jpg,1,high,449.3,400x400,yes,unknown,unknown
ayushmann_khurrana,Ayushmann Khurrana,actors,unknown,unknown,datasets/raw\actors\ayushmann_khurrana\48f85f3083.jpg,0,low,295.9,759x422,no,unknown,unknown
ayushmann_khurrana,Ayushmann Khurrana,actors,unknown,unknown,datasets/raw\actors\ayushmann_khurrana\4b7b1aba8e.jpg,1,high,646.0,259x194,yes,unknown,unknown
ayushmann_khurrana,Ayushmann Khurrana,actors,unknown,unknown,datasets/raw\actors\ayushmann_khurrana\4e4b395e45.jpg,0,low,88.1,600x450,no,unknown,unknown
ayushmann_khurrana,Ayushmann Khurrana,actors,unknown,unknown,datasets/raw\actors\ayushmann_khurrana\4fa686a708.jpg,1,high,255.8,500x721,yes,unknown,unknown
ayushmann_khurrana,Ayushmann Khurrana,actors,unknown,unknown,datasets/raw\actors\ayushmann_khurrana\55b535ce9a.jpg,0,low,94.1,1200x675,no,unknown,unknown
ayushmann_khurrana,Ayushmann Khurrana,actors,unknown,unknown,datasets/raw\actors\ayushmann_khurrana\6a6b04b85d.jpg,1,high,162.9,375x511,yes,unknown,unknown
ayushmann_khurrana,Ayushmann Khurrana,actors,unknown,unknown,datasets/raw\actors\ayushmann_khurrana\6c79289770.jpg,0,low,1578.1,259x194,no,unknown,unknown
ayushmann_khurrana,Ayushmann Khurrana,actors,unknown,unknown,datasets/raw\actors\ayushmann_khurrana\6eb183530d.jpg,1,high,1525.3,170x240,yes,unknown,unknown
ayushmann_khurrana,Ayushmann Khurrana,actors,unknown,unknown,datasets/raw\actors\ayushmann_khurrana\74f37c06ac.jpg,0,low,437.4,1200x900,no,unknown,unknown
ayushmann_khurrana,Ayushmann Khurrana,actors,unknown,unknown,datasets/raw\actors\ayushmann_khurrana\78a1ff02b9.jpg,1,high,1098.5,770x433,yes,unknown,unknown
ayushmann_khurrana,Ayushmann Khurrana,actors,unknown,unknown,datasets/raw\actors\ayushmann_khurrana\83ba353a87.jpg,0,low,447.8,214x317,no,unknown,unknown
ayushmann_khurrana,Ayushmann Khurrana,actors,unknown,unknown,datasets/raw\actors\ayushmann_khurrana\8e76caef4f.jpg,1,high,200.8,770x433,yes,unknown,unknown
boman_irani,Boman Irani,actors,unknown,unknown,datasets/raw\actors\boman_irani\012a7e4f41.jpg,0,low,54.3,1200x800,no,unknown,unknown
boman_irani,Boman Irani,actors,unknown,unknown,datasets/raw\actors\boman_irani\048bc0da99.jpg,1,high,797.4,300x168,yes,unknown,unknown
boman_irani,Boman Irani,actors,unknown,unknown,datasets/raw\actors\boman_irani\0d7ddfe6d0.jpg,1,high,2158.8,300x168,yes,unknown,unknown
boman_irani,Boman Irani,actors,unknown,unknown,datasets/raw\actors\boman_irani\18a93f838f.jpg,0,low,767.8,214x317,no,unknown,unknown
boman_irani,Boman Irani,actors,unknown,unknown,datasets/raw\actors\boman_irani\1f5e7c1dca.jpg,1,high,1150.0,297x170,yes,unknown,unknown
boman_irani,Boman Irani,actors,unknown,unknown,datasets/raw\actors\boman_irani\1fe218c535.jpg,1,high,103.4,900x450,yes,unknown,unknown
boman_irani,Boman Irani,actors,unknown,unknown,datasets/raw\actors\boman_irani\27aefd3b1d.jpg,0,low,59.8,800x1200,no,unknown,unknown
boman_irani,Boman Irani,actors,unknown,unknown,datasets/raw\actors\boman_irani\2afc43be42.jpg,1,high,2566.2,279x181,yes,unknown,unknown
boman_irani,Boman Irani,actors,unknown,unknown,datasets/raw\actors\boman_irani\2cb9950c65.jpg,1,high,484.8,534x356,yes,unknown,unknown
boman_irani,Boman Irani,actors,unknown,unknown,datasets/raw\actors\boman_irani\38eae46d41.jpg,0,low,929.5,292x173,no,unknown,unknown
boman_irani,Boman Irani,actors,unknown,unknown,datasets/raw\actors\boman_irani\42c16b6dd3.jpg,1,high,517.0,275x183,yes,unknown,unknown
boman_irani,Boman Irani,actors,unknown,unknown,datasets/raw\actors\boman_irani\4d683e5f84.jpg,0,low,73.0,750x500,no,unknown,unknown
boman_irani,Boman Irani,actors,unknown,unknown,datasets/raw\actors\boman_irani\4f10ff7cf8.jpg,1,high,882.1,194x259,yes,unknown,unknown
boman_irani,Boman Irani,actors,unknown,unknown,datasets/raw\actors\boman_irani\52fb2ca3d2.jpg,0,low,578.8,758x433,no,unknown,unknown
boman_irani,Boman Irani,actors,unknown,unknown,datasets/raw\actors\boman_irani\63b46e8464.jpg,1,high,230.1,259x194,yes,unknown,unknown
boman_irani,Boman Irani,actors,unknown,unknown,datasets/raw\actors\boman_irani\66bb593921.jpg,1,high,2522.3,238x251,yes,unknown,unknown
boman_irani,Boman Irani,actors,unknown,unknown,datasets/raw\actors\boman_irani\69d0b23258.jpg,0,low,643.5,318x159,no,unknown,unknown
boman_irani,Boman Irani,actors,unknown,unknown,datasets/raw\actors\boman_irani\7acbd64809.jpg,1,high,1906.1,259x194,yes,unknown,unknown
boman_irani,Boman Irani,actors,unknown,unknown,datasets/raw\actors\boman_irani\82d89896df.jpg,0,low,5912.9,266x189,no,unknown,unknown
boman_irani,Boman Irani,actors,unknown,unknown,datasets/raw\actors\boman_irani\9e14ae9a57.jpg,1,high,643.9,194x259,yes,unknown,unknown
chunky_panday,Chunky Panday,actors,unknown,unknown,datasets/raw\actors\chunky_panday\144a87f253.jpg,0,low,260.6,650x338,no,unknown,unknown
chunky_panday,Chunky Panday,actors,unknown,unknown,datasets/raw\actors\chunky_panday\1e6a2996ef.jpg,1,medium,88.1,1200x900,yes,unknown,unknown
chunky_panday,Chunky Panday,actors,unknown,unknown,datasets/raw\actors\chunky_panday\2bddbf4b21.jpg,0,low,211.3,225x225,no,unknown,unknown
chunky_panday,Chunky Panday,actors,unknown,unknown,datasets/raw\actors\chunky_panday\3f43c41734.jpg,1,high,2134.4,440x516,yes,unknown,unknown
chunky_panday,Chunky Panday,actors,unknown,unknown,datasets/raw\actors\chunky_panday\4ac2fec8dc.jpg,1,high,3757.8,201x251,yes,unknown,unknown
chunky_panday,Chunky Panday,actors,unknown,unknown,datasets/raw\actors\chunky_panday\5003d9a306.jpg,0,low,2255.5,297x170,no,unknown,unknown
chunky_panday,Chunky Panday,actors,unknown,unknown,datasets/raw\actors\chunky_panday\5493a0fc50.jpg,1,high,110.8,800x600,yes,unknown,unknown
chunky_panday,Chunky Panday,actors,unknown,unknown,datasets/raw\actors\chunky_panday\6452936c05.jpg,0,low,414.7,1280x720,no,unknown,unknown
chunky_panday,Chunky Panday,actors,unknown,unknown,datasets/raw\actors\chunky_panday\6f4aaee4a8.jpg,1,high,903.6,204x204,yes,unknown,unknown
chunky_panday,Chunky Panday,actors,unknown,unknown,datasets/raw\actors\chunky_panday\8bb332925b.jpg,1,high,559.4,218x232,yes,unknown,unknown
chunky_panday,Chunky Panday,actors,unknown,unknown,datasets/raw\actors\chunky_panday\b135f5843c.jpg,0,low,662.5,620x450,no,unknown,unknown
chunky_panday,Chunky Panday,actors,unknown,unknown,datasets/raw\actors\chunky_panday\bc262a9440.jpg,1,high,138.9,225x225,yes,unknown,unknown
chunky_panday,Chunky Panday,actors,unknown,unknown,datasets/raw\actors\chunky_panday\be94c24420.jpg,1,high,684.5,275x183,yes,unknown,unknown
chunky_panday,Chunky Panday,actors,unknown,unknown,datasets/raw\actors\chunky_panday\e774aac80b.jpg,0,low,2462.8,301x167,no,unknown,unknown
chunky_panday,Chunky Panday,actors,unknown,unknown,datasets/raw\actors\chunky_panday\fa9874426b.jpg,1,medium,46.8,640x400,yes,unknown,unknown
chunky_panday,Chunky Panday,actors,unknown,unknown,datasets/raw\actors\chunky_panday\fbcff0688a.jpg,1,high,1613.4,250x250,yes,unknown,unknown
danny_denzongpa,Danny Denzongpa,actors,unknown,unknown,datasets/raw\actors\danny_denzongpa\040e9ffd47.jpg,1,high,956.8,249x202,yes,unknown,unknown
danny_denzongpa,Danny Denzongpa,actors,unknown,unknown,datasets/raw\actors\danny_denzongpa\09c871b001.jpg,0,low,958.4,284x177,no,unknown,unknown
danny_denzongpa,Danny Denzongpa,actors,unknown,unknown,datasets/raw\actors\danny_denzongpa\0c04aae9fc.jpg,1,high,722.4,257x196,yes,unknown,unknown
danny_denzongpa,Danny Denzongpa,actors,unknown,unknown,datasets/raw\actors\danny_denzongpa\0d92fc835c.jpg,1,medium,87.5,870x580,yes,unknown,unknown
danny_denzongpa,Danny Denzongpa,actors,unknown,unknown,datasets/raw\actors\danny_denzongpa\126a633ac3.jpg,0,low,100.1,1069x580,no,unknown,unknown
danny_denzongpa,Danny Denzongpa,actors,unknown,unknown,datasets/raw\actors\danny_denzongpa\1be5634976.jpg,1,high,815.7,275x183,yes,unknown,unknown
danny_denzongpa,Danny Denzongpa,actors,unknown,unknown,datasets/raw\actors\danny_denzongpa\21e50ece6a.jpg,0,low,1451.7,225x225,no,unknown,unknown
danny_denzongpa,Danny Denzongpa,actors,unknown,unknown,datasets/raw\actors\danny_denzongpa\266c8a0be9.jpg,1,high,1732.1,207x243,yes,unknown,unknown
danny_denzongpa,Danny Denzongpa,actors,unknown,unknown,datasets/raw\actors\danny_denzongpa\299eb535d5.jpg,0,low,360.7,268x188,no,unknown,unknown
danny_denzongpa,Danny Denzongpa,actors,unknown,unknown,datasets/raw\actors\danny_denzongpa\2da0862704.jpg,1,high,1070.7,275x183,yes,unknown,unknown
danny_denzongpa,Danny Denzongpa,actors,unknown,unknown,datasets/raw\actors\danny_denzongpa\2e56456ca2.jpg,1,high,385.2,225x225,yes,unknown,unknown
danny_denzongpa,Danny Denzongpa,actors,unknown,unknown,datasets/raw\actors\danny_denzongpa\315c5b07cc.jpg,1,high,691.2,300x168,yes,unknown,unknown
danny_denzongpa,Danny Denzongpa,actors,unknown,unknown,datasets/raw\actors\danny_denzongpa\36f7091f71.jpg,1,high,685.2,247x204,yes,unknown,unknown
danny_denzongpa,Danny Denzongpa,actors,unknown,unknown,datasets/raw\actors\danny_denzongpa\37ae9413ca.jpg,1,high,827.2,266x190,yes,unknown,unknown
danny_denzongpa,Danny Denzongpa,actors,unknown,unknown,datasets/raw\actors\danny_denzongpa\3b05994abb.jpg,0,low,661.9,338x149,no,unknown,unknown
danny_denzongpa,Danny Denzongpa,actors,unknown,unknown,datasets/raw\actors\danny_denzongpa\43e1a84649.jpg,1,high,617.7,193x262,yes,unknown,unknown
danny_denzongpa,Danny Denzongpa,actors,unknown,unknown,datasets/raw\actors\danny_denzongpa\5bac6d973c.jpg,0,low,137.4,630x354,no,unknown,unknown
danny_denzongpa,Danny Denzongpa,actors,unknown,unknown,datasets/raw\actors\danny_denzongpa\5fe5238171.jpg,1,high,150.2,706x437,yes,unknown,unknown
danny_denzongpa,Danny Denzongpa,actors,unknown,unknown,datasets/raw\actors\danny_denzongpa\63b407a7e9.jpg,0,low,141.6,1280x980,no,unknown,unknown
danny_denzongpa,Danny Denzongpa,actors,unknown,unknown,datasets/raw\actors\danny_denzongpa\6aa1082b75.jpg,1,high,451.0,260x194,yes,unknown,unknown
danny_denzongpa,Danny Denzongpa,actors,unknown,unknown,datasets/raw\actors\danny_denzongpa\95ab7dd243.jpg,1,high,224.1,683x1024,yes,unknown,unknown
danny_denzongpa,Danny Denzongpa,actors,unknown,unknown,datasets/raw\actors\danny_denzongpa\9adb933013.jpg,1,high,612.1,225x225,yes,unknown,unknown
danny_denzongpa,Danny Denzongpa,actors,unknown,unknown,datasets/raw\actors\danny_denzongpa\f00779e579.jpg,1,high,151.2,1024x683,yes,unknown,unknown
danny_denzongpa,Danny Denzongpa,actors,unknown,unknown,datasets/raw\actors\danny_denzongpa\f3877a3690.jpg,1,high,267.4,600x466,yes,unknown,unknown
darsheel_safary,Darsheel Safary,actors,unknown,unknown,datasets/raw\actors\darsheel_safary\01ffb24a02.jpg,0,low,928.9,640x359,no,unknown,unknown
darsheel_safary,Darsheel Safary,actors,unknown,unknown,datasets/raw\actors\darsheel_safary\0fd6f38447.jpg,1,high,1125.3,300x168,yes,unknown,unknown
darsheel_safary,Darsheel Safary,actors,unknown,unknown,datasets/raw\actors\darsheel_safary\1104f1d04c.jpg,1,high,123.4,491x501,yes,unknown,unknown
darsheel_safary,Darsheel Safary,actors,unknown,unknown,datasets/raw\actors\darsheel_safary\1cd2088504.jpg,0,low,4864.2,275x183,no,unknown,unknown
darsheel_safary,Darsheel Safary,actors,unknown,unknown,datasets/raw\actors\darsheel_safary\262eb1afb1.jpg,1,high,190.3,800x500,yes,unknown,unknown
darsheel_safary,Darsheel Safary,actors,unknown,unknown,datasets/raw\actors\darsheel_safary\2a940307ba.jpg,0,low,2844.3,680x1024,no,unknown,unknown
darsheel_safary,Darsheel Safary,actors,unknown,unknown,datasets/raw\actors\darsheel_safary\38ffe0b5bf.jpg,1,high,1177.5,216x233,yes,unknown,unknown
darsheel_safary,Darsheel Safary,actors,unknown,unknown,datasets/raw\actors\darsheel_safary\3f9405fc58.jpg,0,low,421.7,225x225,no,unknown,unknown
darsheel_safary,Darsheel Safary,actors,unknown,unknown,datasets/raw\actors\darsheel_safary\457d690835.jpg,1,high,159.3,427x427,yes,unknown,unknown
darsheel_safary,Darsheel Safary,actors,unknown,unknown,datasets/raw\actors\darsheel_safary\463f6037df.jpg,1,high,1439.5,216x233,yes,unknown,unknown
darsheel_safary,Darsheel Safary,actors,unknown,unknown,datasets/raw\actors\darsheel_safary\4a908506a9.jpg,0,low,1265.3,300x168,no,unknown,unknown
darsheel_safary,Darsheel Safary,actors,unknown,unknown,datasets/raw\actors\darsheel_safary\4dd740c5c6.jpg,1,medium,64.8,760x443,yes,unknown,unknown
darsheel_safary,Darsheel Safary,actors,unknown,unknown,datasets/raw\actors\darsheel_safary\69f2dcd39b.jpg,0,low,2010.3,259x194,no,unknown,unknown
darsheel_safary,Darsheel Safary,actors,unknown,unknown,datasets/raw\actors\darsheel_safary\6a0a5de2ea.jpg,1,high,2983.1,977x1316,yes,unknown,unknown
darsheel_safary,Darsheel Safary,actors,unknown,unknown,datasets/raw\actors\darsheel_safary\6f06da020a.jpg,0,low,433.9,275x183,no,unknown,unknown
darsheel_safary,Darsheel Safary,actors,unknown,unknown,datasets/raw\actors\darsheel_safary\790e9aeb98.jpg,1,high,242.8,309x163,yes,unknown,unknown
darsheel_safary,Darsheel Safary,actors,unknown,unknown,datasets/raw\actors\darsheel_safary\7a64918b9a.jpg,0,low,1288.0,259x194,no,unknown,unknown
darsheel_safary,Darsheel Safary,actors,unknown,unknown,datasets/raw\actors\darsheel_safary\89df83475e.jpg,1,high,1643.8,191x263,yes,unknown,unknown
darsheel_safary,Darsheel Safary,actors,unknown,unknown,datasets/raw\actors\darsheel_safary\94d052c313.jpg,1,high,300.3,250x250,yes,unknown,unknown
dev_anand,Dev Anand,actors,unknown,unknown,datasets/raw\actors\dev_anand\016c2bb4a1.jpg,0,low,235.6,600x400,no,unknown,unknown
dev_anand,Dev Anand,actors,unknown,unknown,datasets/raw\actors\dev_anand\04e73a89d5.jpg,1,medium,40.9,1280x945,yes,unknown,unknown
dev_anand,Dev Anand,actors,unknown,unknown,datasets/raw\actors\dev_anand\09af056aac.jpg,1,high,1266.0,194x260,yes,unknown,unknown
dev_anand,Dev Anand,actors,unknown,unknown,datasets/raw\actors\dev_anand\179aaf1f9d.jpg,0,low,4633.3,261x193,no,unknown,unknown
dev_anand,Dev Anand,actors,unknown,unknown,datasets/raw\actors\dev_anand\1bffd63fdf.jpg,1,high,171.0,1280x720,yes,unknown,unknown
dev_anand,Dev Anand,actors,unknown,unknown,datasets/raw\actors\dev_anand\222c79cb6f.jpg,0,low,541.6,204x204,no,unknown,unknown
dev_anand,Dev Anand,actors,unknown,unknown,datasets/raw\actors\dev_anand\2ac3afb06f.jpg,1,high,1955.2,259x194,yes,unknown,unknown
dev_anand,Dev Anand,actors,unknown,unknown,datasets/raw\actors\dev_anand\30e9290a1a.jpg,1,high,125.1,799x600,yes,unknown,unknown
dev_anand,Dev Anand,actors,unknown,unknown,datasets/raw\actors\dev_anand\39a4d474a6.jpg,1,high,682.0,190x223,yes,unknown,unknown
dev_anand,Dev Anand,actors,unknown,unknown,datasets/raw\actors\dev_anand\3e8c8baeee.jpg,1,high,896.0,199x253,yes,unknown,unknown
dev_anand,Dev Anand,actors,unknown,unknown,datasets/raw\actors\dev_anand\443fbf38cc.jpg,1,high,927.3,292x173,yes,unknown,unknown
dev_anand,Dev Anand,actors,unknown,unknown,datasets/raw\actors\dev_anand\57ed798ea2.jpg,0,low,836.4,275x183,no,unknown,unknown
dev_anand,Dev Anand,actors,unknown,unknown,datasets/raw\actors\dev_anand\613ddef098.jpg,1,medium,75.1,768x962,yes,unknown,unknown
dev_anand,Dev Anand,actors,unknown,unknown,datasets/raw\actors\dev_anand\6ab800c6d8.jpg,0,low,792.2,275x183,no,unknown,unknown
dev_anand,Dev Anand,actors,unknown,unknown,datasets/raw\actors\dev_anand\7ddfcd5950.jpg,1,high,2828.7,177x285,yes,unknown,unknown
dev_anand,Dev Anand,actors,unknown,unknown,datasets/raw\actors\dev_anand\7e87070684.jpg,1,high,586.2,667x1024,yes,unknown,unknown
dev_anand,Dev Anand,actors,unknown,unknown,datasets/raw\actors\dev_anand\81c598083e.jpg,0,low,761.1,1200x628,no,unknown,unknown
dev_anand,Dev Anand,actors,unknown,unknown,datasets/raw\actors\dev_anand\8cd02cdde0.jpg,1,high,3810.0,264x191,yes,unknown,unknown
dev_anand,Dev Anand,actors,unknown,unknown,datasets/raw\actors\dev_anand\9cbe9d60bf.jpg,0,low,423.6,259x194,no,unknown,unknown
dev_anand,Dev Anand,actors,unknown,unknown,datasets/raw\actors\dev_anand\9d0c84c3a5.jpg,1,high,1592.6,170x238,yes,unknown,unknown
dharmendra,Dharmendra,actors,unknown,unknown,datasets/raw\actors\dharmendra\006acaff07.jpg,0,low,461.1,170x240,no,unknown,unknown
dharmendra,Dharmendra,actors,unknown,unknown,datasets/raw\actors\dharmendra\0211d3c01c.jpg,1,medium,45.1,800x600,yes,unknown,unknown
dharmendra,Dharmendra,actors,unknown,unknown,datasets/raw\actors\dharmendra\07e3088d0f.jpg,1,high,149.5,770x433,yes,unknown,unknown
dharmendra,Dharmendra,actors,unknown,unknown,datasets/raw\actors\dharmendra\0e8769d042.jpg,0,low,2333.9,220x297,no,unknown,unknown
dharmendra,Dharmendra,actors,unknown,unknown,datasets/raw\actors\dharmendra\1ac102f77f.jpg,1,high,395.9,244x206,yes,unknown,unknown
dharmendra,Dharmendra,actors,unknown,unknown,datasets/raw\actors\dharmendra\1cf65ad7cb.jpg,1,medium,47.0,336x339,yes,unknown,unknown
dharmendra,Dharmendra,actors,unknown,unknown,datasets/raw\actors\dharmendra\2053d8bfba.jpg,1,high,1251.8,225x225,yes,unknown,unknown
dharmendra,Dharmendra,actors,unknown,unknown,datasets/raw\actors\dharmendra\2bf4b70f0b.jpg,1,high,1168.7,264x191,yes,unknown,unknown
dharmendra,Dharmendra,actors,unknown,unknown,datasets/raw\actors\dharmendra\300be6f070.jpg,1,high,673.5,600x450,yes,unknown,unknown
dharmendra,Dharmendra,actors,unknown,unknown,datasets/raw\actors\dharmendra\36b10b0dfd.jpg,1,high,676.8,232x322,yes,unknown,unknown
dharmendra,Dharmendra,actors,unknown,unknown,datasets/raw\actors\dharmendra\48afcb9026.jpg,0,low,271.2,440x440,no,unknown,unknown
dharmendra,Dharmendra,actors,unknown,unknown,datasets/raw\actors\dharmendra\4c6778e9f2.jpg,1,high,1220.6,400x224,yes,unknown,unknown
dharmendra,Dharmendra,actors,unknown,unknown,datasets/raw\actors\dharmendra\5a6fad374d.jpg,0,low,1155.3,297x170,no,unknown,unknown
dharmendra,Dharmendra,actors,unknown,unknown,datasets/raw\actors\dharmendra\5e7eb38f39.jpg,1,high,838.1,197x256,yes,unknown,unknown
dharmendra,Dharmendra,actors,unknown,unknown,datasets/raw\actors\dharmendra\682d5037e0.jpg,0,low,699.3,268x188,no,unknown,unknown
dharmendra,Dharmendra,actors,unknown,unknown,datasets/raw\actors\dharmendra\6d93a6ea4a.jpg,1,high,534.4,279x181,yes,unknown,unknown
dharmendra,Dharmendra,actors,unknown,unknown,datasets/raw\actors\dharmendra\71b9c98fed.jpg,1,high,2366.6,301x167,yes,unknown,unknown
dharmendra,Dharmendra,actors,unknown,unknown,datasets/raw\actors\dharmendra\7521c8e333.jpg,0,low,432.3,183x275,no,unknown,unknown
dharmendra,Dharmendra,actors,unknown,unknown,datasets/raw\actors\dharmendra\7c1adeaf42.jpg,1,high,2786.8,286x176,yes,unknown,unknown
dharmendra,Dharmendra,actors,unknown,unknown,datasets/raw\actors\dharmendra\938f7dd226.jpg,0,low,103.6,1024x639,no,unknown,unknown
dharmendra,Dharmendra,actors,unknown,unknown,datasets/raw\actors\dharmendra\94e3da16ff.jpg,1,high,207.1,794x447,yes,unknown,unknown
dharmendra,Dharmendra,actors,unknown,unknown,datasets/raw\actors\dharmendra\a43190d62e.jpg,0,low,263.7,180x180,no,unknown,unknown
dilip_kumar,Dilip Kumar,actors,unknown,unknown,datasets/raw\actors\dilip_kumar\00cfb8999c.jpg,1,medium,48.9,640x728,yes,unknown,unknown
dilip_kumar,Dilip Kumar,actors,unknown,unknown,datasets/raw\actors\dilip_kumar\026c0c0811.jpg,1,high,939.4,190x266,yes,unknown,unknown
dilip_kumar,Dilip Kumar,actors,unknown,unknown,datasets/raw\actors\dilip_kumar\08cef1e514.jpg,1,high,1693.4,204x204,yes,unknown,unknown
dilip_kumar,Dilip Kumar,actors,unknown,unknown,datasets/raw\actors\dilip_kumar\0bfacf34d7.jpg,0,low,2215.6,259x194,no,unknown,unknown
dilip_kumar,Dilip Kumar,actors,unknown,unknown,datasets/raw\actors\dilip_kumar\1b6377aa04.jpg,1,medium,75.4,1200x800,yes,unknown,unknown
dilip_kumar,Dilip Kumar,actors,unknown,unknown,datasets/raw\actors\dilip_kumar\26302bba6f.jpg,1,high,830.4,650x400,yes,unknown,unknown
dilip_kumar,Dilip Kumar,actors,unknown,unknown,datasets/raw\actors\dilip_kumar\2d6ec3b9c3.jpg,0,low,2862.1,258x196,no,unknown,unknown
dilip_kumar,Dilip Kumar,actors,unknown,unknown,datasets/raw\actors\dilip_kumar\3882c36f3f.jpg,1,high,1047.6,650x400,yes,unknown,unknown
dilip_kumar,Dilip Kumar,actors,unknown,unknown,datasets/raw\actors\dilip_kumar\4949c6a3af.jpg,1,high,697.0,225x225,yes,unknown,unknown
dilip_kumar,Dilip Kumar,actors,unknown,unknown,datasets/raw\actors\dilip_kumar\4f07bcd831.jpg,1,high,1748.2,260x194,yes,unknown,unknown
dilip_kumar,Dilip Kumar,actors,unknown,unknown,datasets/raw\actors\dilip_kumar\5d692e0196.jpg,1,high,1522.9,350x465,yes,unknown,unknown
dilip_kumar,Dilip Kumar,actors,unknown,unknown,datasets/raw\actors\dilip_kumar\6d4a7e495f.jpg,0,low,368.9,620x450,no,unknown,unknown
dilip_kumar,Dilip Kumar,actors,unknown,unknown,datasets/raw\actors\dilip_kumar\78abaaef54.jpg,1,high,235.9,875x1192,yes,unknown,unknown
dilip_kumar,Dilip Kumar,actors,unknown,unknown,datasets/raw\actors\dilip_kumar\7adaec98c8.jpg,0,low,276.2,522x696,no,unknown,unknown
dilip_kumar,Dilip Kumar,actors,unknown,unknown,datasets/raw\actors\dilip_kumar\7fbe0f040b.jpg,1,high,129.9,206x245,yes,unknown,unknown
dilip_kumar,Dilip Kumar,actors,unknown,unknown,datasets/raw\actors\dilip_kumar\87f9af84b2.jpg,0,low,164.1,1200x900,no,unknown,unknown
dilip_kumar,Dilip Kumar,actors,unknown,unknown,datasets/raw\actors\dilip_kumar\93fa0d4b9d.jpg,1,high,492.1,275x183,yes,unknown,unknown
dilip_kumar,Dilip Kumar,actors,unknown,unknown,datasets/raw\actors\dilip_kumar\9617c8bc76.jpg,0,low,92.1,1438x1600,no,unknown,unknown
dilip_kumar,Dilip Kumar,actors,unknown,unknown,datasets/raw\actors\dilip_kumar\a71908ad2a.jpg,1,high,143.7,297x170,yes,unknown,unknown
farhan_akhtar,Farhan Akhtar,actors,unknown,unknown,datasets/raw\actors\farhan_akhtar\02f47953c8.jpg,0,low,938.5,154x327,no,unknown,unknown
farhan_akhtar,Farhan Akhtar,actors,unknown,unknown,datasets/raw\actors\farhan_akhtar\046cf8dde8.jpg,1,high,885.2,960x580,yes,unknown,unknown
farhan_akhtar,Farhan Akhtar,actors,unknown,unknown,datasets/raw\actors\farhan_akhtar\0b31976cc4.jpg,0,low,68.4,800x600,no,unknown,unknown
farhan_akhtar,Farhan Akhtar,actors,unknown,unknown,datasets/raw\actors\farhan_akhtar\173f7b14e9.jpg,1,medium,81.9,700x400,yes,unknown,unknown
farhan_akhtar,Farhan Akhtar,actors,unknown,unknown,datasets/raw\actors\farhan_akhtar\1841f50bff.jpg,1,high,1410.3,308x164,yes,unknown,unknown
farhan_akhtar,Farhan Akhtar,actors,unknown,unknown,datasets/raw\actors\farhan_akhtar\20fc74fb93.jpg,0,low,507.0,225x225,no,unknown,unknown
farhan_akhtar,Farhan Akhtar,actors,unknown,unknown,datasets/raw\actors\farhan_akhtar\2625f51a94.jpg,1,high,819.3,640x360,yes,unknown,unknown
farhan_akhtar,Farhan Akhtar,actors,unknown,unknown,datasets/raw\actors\farhan_akhtar\2a304451f9.jpg,1,high,342.4,1280x720,yes,unknown,unknown
farhan_akhtar,Farhan Akhtar,actors,unknown,unknown,datasets/raw\actors\farhan_akhtar\2af957fe1e.jpg,1,high,2577.5,204x204,yes,unknown,unknown
farhan_akhtar,Farhan Akhtar,actors,unknown,unknown,datasets/raw\actors\farhan_akhtar\322ebc9fe2.jpg,1,high,804.8,275x183,yes,unknown,unknown
farhan_akhtar,Farhan Akhtar,actors,unknown,unknown,datasets/raw\actors\farhan_akhtar\49cf5c4763.jpg,0,low,1311.6,183x275,no,unknown,unknown
farhan_akhtar,Farhan Akhtar,actors,unknown,unknown,datasets/raw\actors\farhan_akhtar\4e3d2bd722.jpg,1,medium,60.8,400x400,yes,unknown,unknown
farhan_akhtar,Farhan Akhtar,actors,unknown,unknown,datasets/raw\actors\farhan_akhtar\580ccd829e.jpg,1,high,947.9,246x205,yes,unknown,unknown
farhan_akhtar,Farhan Akhtar,actors,unknown,unknown,datasets/raw\actors\farhan_akhtar\6275ecde5f.jpg,1,medium,80.6,900x450,yes,unknown,unknown
farhan_akhtar,Farhan Akhtar,actors,unknown,unknown,datasets/raw\actors\farhan_akhtar\68fda1c4e0.jpg,1,high,1001.8,1362x2048,yes,unknown,unknown
farhan_akhtar,Farhan Akhtar,actors,unknown,unknown,datasets/raw\actors\farhan_akhtar\6d0d18f65f.jpg,0,low,363.3,550x543,no,unknown,unknown
farhan_akhtar,Farhan Akhtar,actors,unknown,unknown,datasets/raw\actors\farhan_akhtar\6d971fec41.jpg,1,high,3274.4,300x168,yes,unknown,unknown
farhan_akhtar,Farhan Akhtar,actors,unknown,unknown,datasets/raw\actors\farhan_akhtar\6e022ad1f6.jpg,0,low,555.5,259x194,no,unknown,unknown
farhan_akhtar,Farhan Akhtar,actors,unknown,unknown,datasets/raw\actors\farhan_akhtar\74fb00ffa7.jpg,1,high,133.4,630x421,yes,unknown,unknown
farhan_akhtar,Farhan Akhtar,actors,unknown,unknown,datasets/raw\actors\farhan_akhtar\79aa231708.jpg,1,high,101.4,279x181,yes,unknown,unknown
farhan_akhtar,Farhan Akhtar,actors,unknown,unknown,datasets/raw\actors\farhan_akhtar\8c1af2451d.jpg,1,high,183.9,259x194,yes,unknown,unknown
farooq_shaikh,Farooq Shaikh,actors,unknown,unknown,datasets/raw\actors\farooq_shaikh\01f5938ab4.jpg,0,low,420.6,259x194,no,unknown,unknown
farooq_shaikh,Farooq Shaikh,actors,unknown,unknown,datasets/raw\actors\farooq_shaikh\0981113a57.jpg,1,high,4005.5,193x260,yes,unknown,unknown
farooq_shaikh,Farooq Shaikh,actors,unknown,unknown,datasets/raw\actors\farooq_shaikh\0fc546ff89.jpg,0,low,335.6,350x464,no,unknown,unknown
farooq_shaikh,Farooq Shaikh,actors,unknown,unknown,datasets/raw\actors\farooq_shaikh\17cde1940a.jpg,1,high,1035.9,1047x1572,yes,unknown,unknown
farooq_shaikh,Farooq Shaikh,actors,unknown,unknown,datasets/raw\actors\farooq_shaikh\23a43d20d4.jpg,0,low,428.7,856x1200,no,unknown,unknown
farooq_shaikh,Farooq Shaikh,actors,unknown,unknown,datasets/raw\actors\farooq_shaikh\26a570c233.jpg,1,high,445.9,209x242,yes,unknown,unknown
farooq_shaikh,Farooq Shaikh,actors,unknown,unknown,datasets/raw\actors\farooq_shaikh\34b382810d.jpg,0,low,119.1,650x420,no,unknown,unknown
farooq_shaikh,Farooq Shaikh,actors,unknown,unknown,datasets/raw\actors\farooq_shaikh\3847f96444.jpg,1,high,107.5,620x464,yes,unknown,unknown
farooq_shaikh,Farooq Shaikh,actors,unknown,unknown,datasets/raw\actors\farooq_shaikh\3dde41e7c4.jpg,0,low,904.1,193x261,no,unknown,unknown
farooq_shaikh,Farooq Shaikh,actors,unknown,unknown,datasets/raw\actors\farooq_shaikh\43bd94c45f.jpg,1,high,414.5,206x245,yes,unknown,unknown
farooq_shaikh,Farooq Shaikh,actors,unknown,unknown,datasets/raw\actors\farooq_shaikh\4b9c65c8b8.jpg,0,low,994.1,183x275,no,unknown,unknown
farooq_shaikh,Farooq Shaikh,actors,unknown,unknown,datasets/raw\actors\farooq_shaikh\4e56c102ba.jpg,1,high,117.1,225x300,yes,unknown,unknown
farooq_shaikh,Farooq Shaikh,actors,unknown,unknown,datasets/raw\actors\farooq_shaikh\5e5134462f.jpg,0,low,2778.6,259x194,no,unknown,unknown
farooq_shaikh,Farooq Shaikh,actors,unknown,unknown,datasets/raw\actors\farooq_shaikh\61fbc34b57.jpg,1,high,2943.5,288x175,yes,unknown,unknown
farooq_shaikh,Farooq Shaikh,actors,unknown,unknown,datasets/raw\actors\farooq_shaikh\6a2ed49cbc.jpg,1,high,232.1,204x204,yes,unknown,unknown
farooq_shaikh,Farooq Shaikh,actors,unknown,unknown,datasets/raw\actors\farooq_shaikh\71b9ab0918.jpg,1,high,261.5,700x1056,yes,unknown,unknown
farooq_shaikh,Farooq Shaikh,actors,unknown,unknown,datasets/raw\actors\farooq_shaikh\80cc6878b0.jpg,1,high,278.1,225x300,yes,unknown,unknown
farooq_shaikh,Farooq Shaikh,actors,unknown,unknown,datasets/raw\actors\farooq_shaikh\8388e33438.jpg,0,low,3950.7,300x168,no,unknown,unknown
farooq_shaikh,Farooq Shaikh,actors,unknown,unknown,datasets/raw\actors\farooq_shaikh\88aed6251a.jpg,1,high,8286.4,243x207,yes,unknown,unknown
farooq_shaikh,Farooq Shaikh,actors,unknown,unknown,datasets/raw\actors\farooq_shaikh\8e414abbe2.jpg,0,low,173.6,640x480,no,unknown,unknown
farooq_shaikh,Farooq Shaikh,actors,unknown,unknown,datasets/raw\actors\farooq_shaikh\9a33da9c8a.jpg,1,high,112.5,211x320,yes,unknown,unknown
farooq_shaikh,Farooq Shaikh,actors,unknown,unknown,datasets/raw\actors\farooq_shaikh\ac29cf8c5b.jpg,1,high,820.0,197x256,yes,unknown,unknown
farooq_shaikh,Farooq Shaikh,actors,unknown,unknown,datasets/raw\actors\farooq_shaikh\c6da0c0051.jpg,0,low,1713.7,339x298,no,unknown,unknown
girish_karnad,Girish Karnad,actors,unknown,unknown,datasets/raw\actors\girish_karnad\07abb17f8a.jpg,1,high,966.7,770x433,yes,unknown,unknown
girish_karnad,Girish Karnad,actors,unknown,unknown,datasets/raw\actors\girish_karnad\0f97c0f0a4.jpg,1,high,402.6,890x534,yes,unknown,unknown
girish_karnad,Girish Karnad,actors,unknown,unknown,datasets/raw\actors\girish_karnad\121ea859bc.jpg,0,low,296.4,1200x1000,no,unknown,unknown
girish_karnad,Girish Karnad,actors,unknown,unknown,datasets/raw\actors\girish_karnad\1cc8ccf7c4.jpg,1,high,1179.9,800x800,yes,unknown,unknown
girish_karnad,Girish Karnad,actors,unknown,unknown,datasets/raw\actors\girish_karnad\1ece3e5ad7.jpg,0,low,1061.8,1280x720,no,unknown,unknown
girish_karnad,Girish Karnad,actors,unknown,unknown,datasets/raw\actors\girish_karnad\1efd516f6d.jpg,1,high,121.0,616x576,yes,unknown,unknown
girish_karnad,Girish Karnad,actors,unknown,unknown,datasets/raw\actors\girish_karnad\24a12d3d1f.jpg,1,high,1343.2,600x480,yes,unknown,unknown
girish_karnad,Girish Karnad,actors,unknown,unknown,datasets/raw\actors\girish_karnad\2a595bd342.jpg,0,low,75.4,1200x900,no,unknown,unknown
girish_karnad,Girish Karnad,actors,unknown,unknown,datasets/raw\actors\girish_karnad\2dc3acf311.jpg,1,medium,53.8,1200x667,yes,unknown,unknown
girish_karnad,Girish Karnad,actors,unknown,unknown,datasets/raw\actors\girish_karnad\3c0ac6c651.jpg,0,low,147.2,800x599,no,unknown,unknown
girish_karnad,Girish Karnad,actors,unknown,unknown,datasets/raw\actors\girish_karnad\3d79393383.jpg,1,high,295.9,970x1197,yes,unknown,unknown
girish_karnad,Girish Karnad,actors,unknown,unknown,datasets/raw\actors\girish_karnad\42abe05a41.jpg,0,low,1235.0,259x194,no,unknown,unknown
girish_karnad,Girish Karnad,actors,unknown,unknown,datasets/raw\actors\girish_karnad\48f0c892a5.jpg,1,high,990.1,540x720,yes,unknown,unknown
girish_karnad,Girish Karnad,actors,unknown,unknown,datasets/raw\actors\girish_karnad\4b0bcddfbb.jpg,0,low,5563.4,667x500,no,unknown,unknown
girish_karnad,Girish Karnad,actors,unknown,unknown,datasets/raw\actors\girish_karnad\5af18504fc.jpg,1,high,591.8,760x443,yes,unknown,unknown
girish_karnad,Girish Karnad,actors,unknown,unknown,datasets/raw\actors\girish_karnad\6c7b492706.jpg,0,low,486.0,275x183,no,unknown,unknown
girish_karnad,Girish Karnad,actors,unknown,unknown,datasets/raw\actors\girish_karnad\6f66e8495f.jpg,1,high,1045.5,1200x990,yes,unknown,unknown
girish_karnad,Girish Karnad,actors,unknown,unknown,datasets/raw\actors\girish_karnad\87bf4ee144.jpg,0,low,2381.5,265x191,no,unknown,unknown
girish_karnad,Girish Karnad,actors,unknown,unknown,datasets/raw\actors\girish_karnad\8e42cf3136.jpg,1,high,594.1,275x183,yes,unknown,unknown
girish_karnad,Girish Karnad,actors,unknown,unknown,datasets/raw\actors\girish_karnad\8ff0a987ae.jpg,0,low,681.0,670x600,no,unknown,unknown
girish_karnad,Girish Karnad,actors,unknown,unknown,datasets/raw\actors\girish_karnad\98bb8c329c.jpg,1,high,1921.7,184x274,yes,unknown,unknown
govinda,Govinda,actors,unknown,unknown,datasets/raw\actors\govinda\014542c8e2.jpg,0,low,554.9,300x168,no,unknown,unknown
govinda,Govinda,actors,unknown,unknown,datasets/raw\actors\govinda\0996136e8c.jpg,1,high,944.9,259x194,yes,unknown,unknown
govinda,Govinda,actors,unknown,unknown,datasets/raw\actors\govinda\0da66bb466.jpg,1,high,780.1,223x234,yes,unknown,unknown
govinda,Govinda,actors,unknown,unknown,datasets/raw\actors\govinda\0fe492a8e8.jpg,1,high,1008.8,259x194,yes,unknown,unknown
govinda,Govinda,actors,unknown,unknown,datasets/raw\actors\govinda\10c27a4ed7.jpg,1,high,5125.2,225x225,yes,unknown,unknown
govinda,Govinda,actors,unknown,unknown,datasets/raw\actors\govinda\169bdb8a71.jpg,1,high,131.0,600x450,yes,unknown,unknown
govinda,Govinda,actors,unknown,unknown,datasets/raw\actors\govinda\1cef10d37a.jpg,1,high,113.9,660x768,yes,unknown,unknown
govinda,Govinda,actors,unknown,unknown,datasets/raw\actors\govinda\20721b7931.jpg,1,high,481.7,300x168,yes,unknown,unknown
govinda,Govinda,actors,unknown,unknown,datasets/raw\actors\govinda\2406e4d2f7.jpg,1,high,1511.8,214x236,yes,unknown,unknown
govinda,Govinda,actors,unknown,unknown,datasets/raw\actors\govinda\2b1ef59057.jpg,0,low,1430.9,760x428,no,unknown,unknown
govinda,Govinda,actors,unknown,unknown,datasets/raw\actors\govinda\3338dcf129.jpg,1,high,311.5,1200x900,yes,unknown,unknown
govinda,Govinda,actors,unknown,unknown,datasets/raw\actors\govinda\417851636f.jpg,0,low,1999.5,264x191,no,unknown,unknown
govinda,Govinda,actors,unknown,unknown,datasets/raw\actors\govinda\4754df9844.jpg,1,high,1062.5,275x183,yes,unknown,unknown
govinda,Govinda,actors,unknown,unknown,datasets/raw\actors\govinda\4a63547688.jpg,1,high,371.2,1280x720,yes,unknown,unknown
govinda,Govinda,actors,unknown,unknown,datasets/raw\actors\govinda\584a79c964.jpg,0,low,216.2,400x400,no,unknown,unknown
govinda,Govinda,actors,unknown,unknown,datasets/raw\actors\govinda\6e7bb6090c.jpg,1,high,655.3,275x183,yes,unknown,unknown
govinda,Govinda,actors,unknown,unknown,datasets/raw\actors\govinda\7360c4c2be.jpg,1,high,181.9,630x354,yes,unknown,unknown
govinda,Govinda,actors,unknown,unknown,datasets/raw\actors\govinda\8a5457334c.jpg,1,medium,67.1,1200x630,yes,unknown,unknown
govinda,Govinda,actors,unknown,unknown,datasets/raw\actors\govinda\93a1dc3a59.jpg,1,high,1586.5,1280x720,yes,unknown,unknown
govinda,Govinda,actors,unknown,unknown,datasets/raw\actors\govinda\a8c7fd1713.jpg,0,low,59.2,650x400,no,unknown,unknown
govinda,Govinda,actors,unknown,unknown,datasets/raw\actors\govinda\b1e046dff3.jpg,1,medium,63.2,640x431,yes,unknown,unknown
gulshan_grover,Gulshan Grover,actors,unknown,unknown,datasets/raw\actors\gulshan_grover\041be0a7c2.jpg,0,low,974.9,300x168,no,unknown,unknown
gulshan_grover,Gulshan Grover,actors,unknown,unknown,datasets/raw\actors\gulshan_grover\0b204e125f.jpg,1,medium,85.0,1200x675,yes,unknown,unknown
gulshan_grover,Gulshan Grover,actors,unknown,unknown,datasets/raw\actors\gulshan_grover\0c7628e980.jpg,0,low,72.5,759x422,no,unknown,unknown
gulshan_grover,Gulshan Grover,actors,unknown,unknown,datasets/raw\actors\gulshan_grover\12bcfa29ef.jpg,1,high,558.7,297x170,yes,unknown,unknown
gulshan_grover,Gulshan Grover,actors,unknown,unknown,datasets/raw\actors\gulshan_grover\15c1431861.jpg,0,low,669.2,183x275,no,unknown,unknown
gulshan_grover,Gulshan Grover,actors,unknown,unknown,datasets/raw\actors\gulshan_grover\1bd2b36c7f.jpg,1,high,705.6,630x1200,yes,unknown,unknown
gulshan_grover,Gulshan Grover,actors,unknown,unknown,datasets/raw\actors\gulshan_grover\1f9ba7dd54.jpg,0,low,522.0,759x422,no,unknown,unknown
gulshan_grover,Gulshan Grover,actors,unknown,unknown,datasets/raw\actors\gulshan_grover\39873387e4.jpg,1,high,3121.3,296x170,yes,unknown,unknown
gulshan_grover,Gulshan Grover,actors,unknown,unknown,datasets/raw\actors\gulshan_grover\3d8067e7ce.jpg,0,low,243.8,700x400,no,unknown,unknown
gulshan_grover,Gulshan Grover,actors,unknown,unknown,datasets/raw\actors\gulshan_grover\3ebf6b3b2a.jpg,1,high,135.4,1322x2048,yes,unknown,unknown
gulshan_grover,Gulshan Grover,actors,unknown,unknown,datasets/raw\actors\gulshan_grover\4290c751d8.jpg,0,low,556.2,298x169,no,unknown,unknown
gulshan_grover,Gulshan Grover,actors,unknown,unknown,datasets/raw\actors\gulshan_grover\4f146906b7.jpg,1,high,620.6,300x168,yes,unknown,unknown
gulshan_grover,Gulshan Grover,actors,unknown,unknown,datasets/raw\actors\gulshan_grover\5a893d1543.jpg,0,low,614.8,320x241,no,unknown,unknown
gulshan_grover,Gulshan Grover,actors,unknown,unknown,datasets/raw\actors\gulshan_grover\5a9ea4b5f9.jpg,1,high,1036.1,240x188,yes,unknown,unknown
gulshan_grover,Gulshan Grover,actors,unknown,unknown,datasets/raw\actors\gulshan_grover\71b75b3f60.jpg,0,low,320.5,1191x675,no,unknown,unknown
gulshan_grover,Gulshan Grover,actors,unknown,unknown,datasets/raw\actors\gulshan_grover\75f4b469c3.jpg,1,high,867.5,478x409,yes,unknown,unknown
gulshan_grover,Gulshan Grover,actors,unknown,unknown,datasets/raw\actors\gulshan_grover\7829899259.jpg,1,high,297.0,630x450,yes,unknown,unknown
gulshan_grover,Gulshan Grover,actors,unknown,unknown,datasets/raw\actors\gulshan_grover\7af6e8e235.jpg,0,low,278.0,505x630,no,unknown,unknown
gulshan_grover,Gulshan Grover,actors,unknown,unknown,datasets/raw\actors\gulshan_grover\82bd45ee16.jpg,1,high,216.2,506x652,yes,unknown,unknown
gulshan_grover,Gulshan Grover,actors,unknown,unknown,datasets/raw\actors\gulshan_grover\8cd746f05e.jpg,0,low,148.7,770x433,no,unknown,unknown
gulshan_grover,Gulshan Grover,actors,unknown,unknown,datasets/raw\actors\gulshan_grover\953785e9aa.jpg,1,high,2224.2,168x187,yes,unknown,unknown
gulshan_grover,Gulshan Grover,actors,unknown,unknown,datasets/raw\actors\gulshan_grover\95a0e053eb.jpg,1,high,1396.7,259x194,yes,unknown,unknown
gulshan_grover,Gulshan Grover,actors,unknown,unknown,datasets/raw\actors\gulshan_grover\96aba2cfd4.jpg,1,high,254.8,750x473,yes,unknown,unknown
gulshan_grover,Gulshan Grover,actors,unknown,unknown,datasets/raw\actors\gulshan_grover\9f19596274.jpg,0,low,604.8,400x400,no,unknown,unknown
gulshan_grover,Gulshan Grover,actors,unknown,unknown,datasets/raw\actors\gulshan_grover\a609c0136a.jpg,1,high,618.4,800x600,yes,unknown,unknown
gulshan_grover,Gulshan Grover,actors,unknown,unknown,datasets/raw\actors\gulshan_grover\ab23834289.jpg,0,low,951.8,300x168,no,unknown,unknown
hrithik_roshan,Hrithik Roshan,actors,unknown,unknown,datasets/raw\actors\hrithik_roshan\04db0093a5.jpg,1,high,121.6,1170x645,yes,unknown,unknown
hrithik_roshan,Hrithik Roshan,actors,unknown,unknown,datasets/raw\actors\hrithik_roshan\082bd33ab9.jpg,1,high,106.1,1200x667,yes,unknown,unknown
hrithik_roshan,Hrithik Roshan,actors,unknown,unknown,datasets/raw\actors\hrithik_roshan\0e9fb83873.jpg,1,high,717.3,259x194,yes,unknown,unknown
hrithik_roshan,Hrithik Roshan,actors,unknown,unknown,datasets/raw\actors\hrithik_roshan\1cc9415944.jpg,1,high,1352.7,800x448,yes,unknown,unknown
hrithik_roshan,Hrithik Roshan,actors,unknown,unknown,datasets/raw\actors\hrithik_roshan\2077b58469.jpg,1,medium,75.3,1098x732,yes,unknown,unknown
hrithik_roshan,Hrithik Roshan,actors,unknown,unknown,datasets/raw\actors\hrithik_roshan\29c44af006.jpg,1,high,590.0,200x214,yes,unknown,unknown
hrithik_roshan,Hrithik Roshan,actors,unknown,unknown,datasets/raw\actors\hrithik_roshan\30eeb57b9d.jpg,1,medium,47.2,1200x800,yes,unknown,unknown
hrithik_roshan,Hrithik Roshan,actors,unknown,unknown,datasets/raw\actors\hrithik_roshan\3271e323c7.jpg,1,high,2641.1,220x309,yes,unknown,unknown
hrithik_roshan,Hrithik Roshan,actors,unknown,unknown,datasets/raw\actors\hrithik_roshan\35c44adf51.jpg,0,low,363.4,300x168,no,unknown,unknown
hrithik_roshan,Hrithik Roshan,actors,unknown,unknown,datasets/raw\actors\hrithik_roshan\3cbbd2ec29.jpg,1,high,730.0,275x183,yes,unknown,unknown
hrithik_roshan,Hrithik Roshan,actors,unknown,unknown,datasets/raw\actors\hrithik_roshan\4228b93885.jpg,0,low,290.0,1200x630,no,unknown,unknown
hrithik_roshan,Hrithik Roshan,actors,unknown,unknown,datasets/raw\actors\hrithik_roshan\42b5863d48.jpg,1,high,709.4,300x168,yes,unknown,unknown
hrithik_roshan,Hrithik Roshan,actors,unknown,unknown,datasets/raw\actors\hrithik_roshan\4d96564443.jpg,0,low,147.2,1078x1921,no,unknown,unknown
hrithik_roshan,Hrithik Roshan,actors,unknown,unknown,datasets/raw\actors\hrithik_roshan\5663d104cf.jpg,1,high,1017.5,506x652,yes,unknown,unknown
hrithik_roshan,Hrithik Roshan,actors,unknown,unknown,datasets/raw\actors\hrithik_roshan\5a75ff29e7.jpg,0,low,350.4,900x450,no,unknown,unknown
hrithik_roshan,Hrithik Roshan,actors,unknown,unknown,datasets/raw\actors\hrithik_roshan\62fbcfaee9.jpg,1,high,651.4,277x182,yes,unknown,unknown
hrithik_roshan,Hrithik Roshan,actors,unknown,unknown,datasets/raw\actors\hrithik_roshan\77f8194f8a.jpg,0,low,862.7,200x267,no,unknown,unknown
hrithik_roshan,Hrithik Roshan,actors,unknown,unknown,datasets/raw\actors\hrithik_roshan\7b128be394.jpg,1,high,210.5,640x362,yes,unknown,unknown
hrithik_roshan,Hrithik Roshan,actors,unknown,unknown,datasets/raw\actors\hrithik_roshan\84c00a31f2.jpg,1,high,213.6,760x443,yes,unknown,unknown
hrithik_roshan,Hrithik Roshan,actors,unknown,unknown,datasets/raw\actors\hrithik_roshan\8be480c901.jpg,1,high,2360.5,253x199,yes,unknown,unknown
hrithik_roshan,Hrithik Roshan,actors,unknown,unknown,datasets/raw\actors\hrithik_roshan\8cc0489977.jpg,1,high,814.0,275x183,yes,unknown,unknown
irrfan_khan,Irrfan Khan,actors,unknown,unknown,datasets/raw\actors\irrfan_khan\01de62d24f.jpg,0,low,1160.7,650x400,no,unknown,unknown
irrfan_khan,Irrfan Khan,actors,unknown,unknown,datasets/raw\actors\irrfan_khan\0300ef5cef.jpg,1,high,1304.6,310x163,yes,unknown,unknown
irrfan_khan,Irrfan Khan,actors,unknown,unknown,datasets/raw\actors\irrfan_khan\0ce80692f0.jpg,1,high,503.8,299x168,yes,unknown,unknown
irrfan_khan,Irrfan Khan,actors,unknown,unknown,datasets/raw\actors\irrfan_khan\111.jpg,0,low,1004.2,259x194,no,unknown,unknown
irrfan_khan,Irrfan Khan,actors,unknown,unknown,datasets/raw\actors\irrfan_khan\1e8c180445.jpg,1,medium,47.7,1200x900,yes,unknown,unknown
irrfan_khan,Irrfan Khan,actors,unknown,unknown,datasets/raw\actors\irrfan_khan\4fa60ca666.jpg,0,low,1172.5,214x317,no,unknown,unknown
irrfan_khan,Irrfan Khan,actors,unknown,unknown,datasets/raw\actors\irrfan_khan\85029ffde8.jpg,1,high,615.1,1280x720,yes,unknown,unknown
irrfan_khan,Irrfan Khan,actors,unknown,unknown,datasets/raw\actors\irrfan_khan\97a13daf80.jpg,0,low,937.4,310x163,no,unknown,unknown
irrfan_khan,Irrfan Khan,actors,unknown,unknown,datasets/raw\actors\irrfan_khan\a5d2095e4e.jpg,1,high,702.8,273x185,yes,unknown,unknown
irrfan_khan,Irrfan Khan,actors,unknown,unknown,datasets/raw\actors\irrfan_khan\ba77c1648a.jpg,1,high,350.5,355x568,yes,unknown,unknown
irrfan_khan,Irrfan Khan,actors,unknown,unknown,datasets/raw\actors\irrfan_khan\bfc4cbea48.jpg,1,high,459.4,183x275,yes,unknown,unknown
irrfan_khan,Irrfan Khan,actors,unknown,unknown,datasets/raw\actors\irrfan_khan\c1d74572f8.jpg,0,low,524.4,274x184,no,unknown,unknown
irrfan_khan,Irrfan Khan,actors,unknown,unknown,datasets/raw\actors\irrfan_khan\cf3f919d34.jpg,1,high,1447.8,293x172,yes,unknown,unknown
irrfan_khan,Irrfan Khan,actors,unknown,unknown,datasets/raw\actors\irrfan_khan\download (1).jpg,1,high,559.4,270x187,yes,unknown,unknown
irrfan_khan,Irrfan Khan,actors,unknown,unknown,datasets/raw\actors\irrfan_khan\download (10).jpg,1,high,1506.6,225x225,yes,unknown,unknown
irrfan_khan,Irrfan Khan,actors,unknown,unknown,datasets/raw\actors\irrfan_khan\download (11).jpg,1,high,8201.4,259x194,yes,unknown,unknown
irrfan_khan,Irrfan Khan,actors,unknown,unknown,datasets/raw\actors\irrfan_khan\download (2).jpg,1,high,2799.1,300x168,yes,unknown,unknown
irrfan_khan,Irrfan Khan,actors,unknown,unknown,datasets/raw\actors\irrfan_khan\download (4).jpg,1,high,928.1,204x204,yes,unknown,unknown
irrfan_khan,Irrfan Khan,actors,unknown,unknown,datasets/raw\actors\irrfan_khan\download (7).jpg,0,low,2300.3,301x167,no,unknown,unknown
irrfan_khan,Irrfan Khan,actors,unknown,unknown,datasets/raw\actors\irrfan_khan\download (8).jpg,1,high,891.7,259x194,yes,unknown,unknown
irrfan_khan,Irrfan Khan,actors,unknown,unknown,datasets/raw\actors\irrfan_khan\download (9).jpg,1,high,2085.9,275x183,yes,unknown,unknown
irrfan_khan,Irrfan Khan,actors,unknown,unknown,datasets/raw\actors\irrfan_khan\download.jpg,1,high,792.8,183x276,yes,unknown,unknown
irrfan_khan,Irrfan Khan,actors,unknown,unknown,datasets/raw\actors\irrfan_khan\ea16003981.jpg,1,high,154.4,855x550,yes,unknown,unknown
irrfan_khan,Irrfan Khan,actors,unknown,unknown,datasets/raw\actors\irrfan_khan\f399774755.jpg,0,low,829.6,400x225,no,unknown,unknown
irrfan_khan,Irrfan Khan,actors,unknown,unknown,datasets/raw\actors\irrfan_khan\images (10).jpg,1,high,1090.3,259x194,yes,unknown,unknown
irrfan_khan,Irrfan Khan,actors,unknown,unknown,datasets/raw\actors\irrfan_khan\images (3).jpg,0,low,419.2,275x183,no,unknown,unknown
irrfan_khan,Irrfan Khan,actors,unknown,unknown,datasets/raw\actors\irrfan_khan\images (5).jpg,1,high,1877.9,272x185,yes,unknown,unknown
irrfan_khan,Irrfan Khan,actors,unknown,unknown,datasets/raw\actors\irrfan_khan\images (7).jpg,0,low,674.4,263x192,no,unknown,unknown
irrfan_khan,Irrfan Khan,actors,unknown,unknown,datasets/raw\actors\irrfan_khan\images (9).jpg,1,high,4587.7,259x194,yes,unknown,unknown
jaspal_bhatti,Jaspal Bhatti,actors,unknown,unknown,datasets/raw\actors\jaspal_bhatti\0a46a1ce07.jpg,0,low,254.4,256x197,no,unknown,unknown
jaspal_bhatti,Jaspal Bhatti,actors,unknown,unknown,datasets/raw\actors\jaspal_bhatti\10cda843f2.jpg,1,high,219.2,1280x720,yes,unknown,unknown
jaspal_bhatti,Jaspal Bhatti,actors,unknown,unknown,datasets/raw\actors\jaspal_bhatti\14ee58e2eb.jpg,0,low,999.6,1200x630,no,unknown,unknown
jaspal_bhatti,Jaspal Bhatti,actors,unknown,unknown,datasets/raw\actors\jaspal_bhatti\18a87d3294.jpg,1,high,1706.6,312x162,yes,unknown,unknown
jaspal_bhatti,Jaspal Bhatti,actors,unknown,unknown,datasets/raw\actors\jaspal_bhatti\203f5c1a37.jpg,1,medium,75.8,800x599,yes,unknown,unknown
jaspal_bhatti,Jaspal Bhatti,actors,unknown,unknown,datasets/raw\actors\jaspal_bhatti\2c909bc16c.jpg,1,medium,71.1,1198x658,yes,unknown,unknown
jaspal_bhatti,Jaspal Bhatti,actors,unknown,unknown,datasets/raw\actors\jaspal_bhatti\3c4e163551.jpg,0,low,2583.6,953x977,no,unknown,unknown
jaspal_bhatti,Jaspal Bhatti,actors,unknown,unknown,datasets/raw\actors\jaspal_bhatti\4b8cbb2ae7.jpg,1,high,628.6,175x175,yes,unknown,unknown
jaspal_bhatti,Jaspal Bhatti,actors,unknown,unknown,datasets/raw\actors\jaspal_bhatti\5e627beb7b.jpg,0,low,671.6,300x168,no,unknown,unknown
jaspal_bhatti,Jaspal Bhatti,actors,unknown,unknown,datasets/raw\actors\jaspal_bhatti\62ba607926.jpg,1,high,621.2,282x179,yes,unknown,unknown
jaspal_bhatti,Jaspal Bhatti,actors,unknown,unknown,datasets/raw\actors\jaspal_bhatti\65d12d9227.jpg,1,high,193.1,250x250,yes,unknown,unknown
jaspal_bhatti,Jaspal Bhatti,actors,unknown,unknown,datasets/raw\actors\jaspal_bhatti\6d85fcb6b1.jpg,0,low,561.0,300x471,no,unknown,unknown
jaspal_bhatti,Jaspal Bhatti,actors,unknown,unknown,datasets/raw\actors\jaspal_bhatti\7362d1692c.jpg,1,high,282.8,234x216,yes,unknown,unknown
jaspal_bhatti,Jaspal Bhatti,actors,unknown,unknown,datasets/raw\actors\jaspal_bhatti\828795596d.jpg,0,low,296.2,800x450,no,unknown,unknown
jaspal_bhatti,Jaspal Bhatti,actors,unknown,unknown,datasets/raw\actors\jaspal_bhatti\8a76c41b59.jpg,1,high,1789.0,299x168,yes,unknown,unknown
jaspal_bhatti,Jaspal Bhatti,actors,unknown,unknown,datasets/raw\actors\jaspal_bhatti\8d899dfbd3.jpg,0,low,262.1,647x404,no,unknown,unknown
jaspal_bhatti,Jaspal Bhatti,actors,unknown,unknown,datasets/raw\actors\jaspal_bhatti\914006467e.jpg,1,high,3230.3,300x168,yes,unknown,unknown
jaspal_bhatti,Jaspal Bhatti,actors,unknown,unknown,datasets/raw\actors\jaspal_bhatti\9a89a0a391.jpg,0,low,411.2,272x185,no,unknown,unknown
jaspal_bhatti,Jaspal Bhatti,actors,unknown,unknown,datasets/raw\actors\jaspal_bhatti\a852e5c635.jpg,1,high,354.3,260x194,yes,unknown,unknown
jaspal_bhatti,Jaspal Bhatti,actors,unknown,unknown,datasets/raw\actors\jaspal_bhatti\ad7b42df14.jpg,1,high,414.9,696x465,yes,unknown,unknown
jeetendra,Jeetendra,actors,unknown,unknown,datasets/raw\actors\jeetendra\08bb5d92e5.jpg,0,low,206.8,226x275,no,unknown,unknown
jeetendra,Jeetendra,actors,unknown,unknown,datasets/raw\actors\jeetendra\12d5f29973.jpg,1,high,442.2,170x240,yes,unknown,unknown
jeetendra,Jeetendra,actors,unknown,unknown,datasets/raw\actors\jeetendra\2b0eb9a541.jpg,1,medium,56.7,630x1200,yes,unknown,unknown
jeetendra,Jeetendra,actors,unknown,unknown,datasets/raw\actors\jeetendra\2b99dbc74e.jpg,0,low,516.7,225x225,no,unknown,unknown
jeetendra,Jeetendra,actors,unknown,unknown,datasets/raw\actors\jeetendra\3014423ed7.jpg,1,medium,82.5,642x450,yes,unknown,unknown
jeetendra,Jeetendra,actors,unknown,unknown,datasets/raw\actors\jeetendra\4a5608777c.jpg,0,low,469.4,301x167,no,unknown,unknown
jeetendra,Jeetendra,actors,unknown,unknown,datasets/raw\actors\jeetendra\50d480737f.jpg,1,medium,41.2,1200x1256,yes,unknown,unknown
jeetendra,Jeetendra,actors,unknown,unknown,datasets/raw\actors\jeetendra\54bbf5f16c.jpg,1,high,519.8,184x273,yes,unknown,unknown
jeetendra,Jeetendra,actors,unknown,unknown,datasets/raw\actors\jeetendra\57d9923f99.jpg,0,low,387.9,866x1390,no,unknown,unknown
jeetendra,Jeetendra,actors,unknown,unknown,datasets/raw\actors\jeetendra\6679518af9.jpg,1,high,4618.4,185x273,yes,unknown,unknown
jeetendra,Jeetendra,actors,unknown,unknown,datasets/raw\actors\jeetendra\69eede408e.jpg,1,high,713.7,400x500,yes,unknown,unknown
jeetendra,Jeetendra,actors,unknown,unknown,datasets/raw\actors\jeetendra\73e0ef9f97.jpg,0,low,1036.6,204x204,no,unknown,unknown
jeetendra,Jeetendra,actors,unknown,unknown,datasets/raw\actors\jeetendra\87f5673b8a.jpg,1,high,481.2,612x412,yes,unknown,unknown
jeetendra,Jeetendra,actors,unknown,unknown,datasets/raw\actors\jeetendra\94a99cf1ec.jpg,1,medium,79.7,800x533,yes,unknown,unknown
jeetendra,Jeetendra,actors,unknown,unknown,datasets/raw\actors\jeetendra\a1f9bb8136.jpg,1,high,2184.4,286x176,yes,unknown,unknown
jeetendra,Jeetendra,actors,unknown,unknown,datasets/raw\actors\jeetendra\a4557a27d5.jpg,0,low,169.3,300x168,no,unknown,unknown
jeetendra,Jeetendra,actors,unknown,unknown,datasets/raw\actors\jeetendra\a9066ae974.jpg,1,high,421.1,600x600,yes,unknown,unknown
jeetendra,Jeetendra,actors,unknown,unknown,datasets/raw\actors\jeetendra\b58b8e2765.jpg,0,low,98.6,300x168,no,unknown,unknown
jimmy_sheirgill,Jimmy Sheirgill,actors,unknown,unknown,datasets/raw\actors\jimmy_sheirgill\0494a2b263.jpg,1,high,501.2,250x250,yes,unknown,unknown
jimmy_sheirgill,Jimmy Sheirgill,actors,unknown,unknown,datasets/raw\actors\jimmy_sheirgill\0c8aee5941.jpg,1,high,1125.8,280x180,yes,unknown,unknown
jimmy_sheirgill,Jimmy Sheirgill,actors,unknown,unknown,datasets/raw\actors\jimmy_sheirgill\0eb481667c.jpg,0,low,1469.3,320x240,no,unknown,unknown
jimmy_sheirgill,Jimmy Sheirgill,actors,unknown,unknown,datasets/raw\actors\jimmy_sheirgill\16ced2f782.jpg,1,medium,61.7,1200x800,yes,unknown,unknown
jimmy_sheirgill,Jimmy Sheirgill,actors,unknown,unknown,datasets/raw\actors\jimmy_sheirgill\214ed2ad20.jpg,1,high,326.0,628x440,yes,unknown,unknown
jimmy_sheirgill,Jimmy Sheirgill,actors,unknown,unknown,datasets/raw\actors\jimmy_sheirgill\26bc99541d.jpg,0,low,183.7,630x450,no,unknown,unknown
jimmy_sheirgill,Jimmy Sheirgill,actors,unknown,unknown,datasets/raw\actors\jimmy_sheirgill\2a7ff2f6b0.jpg,1,high,362.7,640x480,yes,unknown,unknown
jimmy_sheirgill,Jimmy Sheirgill,actors,unknown,unknown,datasets/raw\actors\jimmy_sheirgill\2e468f3956.jpg,1,high,695.9,300x168,yes,unknown,unknown
jimmy_sheirgill,Jimmy Sheirgill,actors,unknown,unknown,datasets/raw\actors\jimmy_sheirgill\32cd02becd.jpg,0,low,80.8,716x960,no,unknown,unknown
jimmy_sheirgill,Jimmy Sheirgill,actors,unknown,unknown,datasets/raw\actors\jimmy_sheirgill\3d20e7f9d0.jpg,1,high,1139.7,259x194,yes,unknown,unknown
jimmy_sheirgill,Jimmy Sheirgill,actors,unknown,unknown,datasets/raw\actors\jimmy_sheirgill\450d486868.jpg,0,low,519.3,194x259,no,unknown,unknown
jimmy_sheirgill,Jimmy Sheirgill,actors,unknown,unknown,datasets/raw\actors\jimmy_sheirgill\45f3d0e513.jpg,1,high,485.1,600x450,yes,unknown,unknown
jimmy_sheirgill,Jimmy Sheirgill,actors,unknown,unknown,datasets/raw\actors\jimmy_sheirgill\4a34168b30.jpg,0,low,3149.4,275x183,no,unknown,unknown
jimmy_sheirgill,Jimmy Sheirgill,actors,unknown,unknown,datasets/raw\actors\jimmy_sheirgill\4c1f5690b6.jpg,1,high,1018.6,259x194,yes,unknown,unknown
jimmy_sheirgill,Jimmy Sheirgill,actors,unknown,unknown,datasets/raw\actors\jimmy_sheirgill\4c6352d915.jpg,1,high,270.2,299x168,yes,unknown,unknown
jimmy_sheirgill,Jimmy Sheirgill,actors,unknown,unknown,datasets/raw\actors\jimmy_sheirgill\5e54fb8e5f.jpg,0,low,2517.5,1280x720,no,unknown,unknown
jimmy_sheirgill,Jimmy Sheirgill,actors,unknown,unknown,datasets/raw\actors\jimmy_sheirgill\6ca81d7735.jpg,1,high,520.3,670x440,yes,unknown,unknown
jimmy_sheirgill,Jimmy Sheirgill,actors,unknown,unknown,datasets/raw\actors\jimmy_sheirgill\72bf07babd.jpg,0,low,582.3,609x600,no,unknown,unknown
jimmy_sheirgill,Jimmy Sheirgill,actors,unknown,unknown,datasets/raw\actors\jimmy_sheirgill\74c79f2285.jpg,1,high,433.7,215x300,yes,unknown,unknown
jimmy_sheirgill,Jimmy Sheirgill,actors,unknown,unknown,datasets/raw\actors\jimmy_sheirgill\7b3fa2efbc.jpg,1,high,689.7,500x500,yes,unknown,unknown
jimmy_sheirgill,Jimmy Sheirgill,actors,unknown,unknown,datasets/raw\actors\jimmy_sheirgill\8ed28f6649.jpg,1,medium,49.6,800x600,yes,unknown,unknown
johnny_lever,Johnny Lever,actors,unknown,unknown,datasets/raw\actors\johnny_lever\03e2f2eecd.jpg,1,medium,78.9,651x386,yes,unknown,unknown
johnny_lever,Johnny Lever,actors,unknown,unknown,datasets/raw\actors\johnny_lever\044f1aaa04.jpg,1,high,1019.1,297x170,yes,unknown,unknown
johnny_lever,Johnny Lever,actors,unknown,unknown,datasets/raw\actors\johnny_lever\0c9d001323.jpg,0,low,233.2,226x283,no,unknown,unknown
johnny_lever,Johnny Lever,actors,unknown,unknown,datasets/raw\actors\johnny_lever\17d941409e.jpg,1,medium,92.5,640x480,yes,unknown,unknown
johnny_lever,Johnny Lever,actors,unknown,unknown,datasets/raw\actors\johnny_lever\206d9272c1.jpg,0,low,75.8,1200x768,no,unknown,unknown
johnny_lever,Johnny Lever,actors,unknown,unknown,datasets/raw\actors\johnny_lever\26ed5508bb.jpg,1,high,285.2,640x480,yes,unknown,unknown
johnny_lever,Johnny Lever,actors,unknown,unknown,datasets/raw\actors\johnny_lever\394fc0ac04.jpg,0,low,743.6,204x204,no,unknown,unknown
johnny_lever,Johnny Lever,actors,unknown,unknown,datasets/raw\actors\johnny_lever\3984e951eb.jpg,1,high,371.3,400x300,yes,unknown,unknown
johnny_lever,Johnny Lever,actors,unknown,unknown,datasets/raw\actors\johnny_lever\39a9abda23.jpg,1,high,457.4,300x168,yes,unknown,unknown
johnny_lever,Johnny Lever,actors,unknown,unknown,datasets/raw\actors\johnny_lever\463c7ef647.jpg,1,medium,53.5,1200x628,yes,unknown,unknown
johnny_lever,Johnny Lever,actors,unknown,unknown,datasets/raw\actors\johnny_lever\4bbcf5d90f.jpg,1,high,354.9,300x168,yes,unknown,unknown
johnny_lever,Johnny Lever,actors,unknown,unknown,datasets/raw\actors\johnny_lever\4f3d03e5e9.jpg,1,high,1645.3,200x221,yes,unknown,unknown
johnny_lever,Johnny Lever,actors,unknown,unknown,datasets/raw\actors\johnny_lever\53ad4d1128.jpg,1,high,460.2,252x200,yes,unknown,unknown
johnny_lever,Johnny Lever,actors,unknown,unknown,datasets/raw\actors\johnny_lever\5b06357520.jpg,1,medium,78.5,750x468,yes,unknown,unknown
johnny_lever,Johnny Lever,actors,unknown,unknown,datasets/raw\actors\johnny_lever\690656644a.jpg,0,low,418.5,189x266,no,unknown,unknown
johnny_lever,Johnny Lever,actors,unknown,unknown,datasets/raw\actors\johnny_lever\77f44d36bd.jpg,1,high,1320.1,183x275,yes,unknown,unknown
johnny_lever,Johnny Lever,actors,unknown,unknown,datasets/raw\actors\johnny_lever\7a2d35ca21.jpg,1,high,1216.2,1200x1812,yes,unknown,unknown
johnny_lever,Johnny Lever,actors,unknown,unknown,datasets/raw\actors\johnny_lever\7e0eb1d6bd.jpg,0,low,91.2,600x450,no,unknown,unknown
johnny_lever,Johnny Lever,actors,unknown,unknown,datasets/raw\actors\johnny_lever\7f7416b2a9.jpg,1,high,266.5,284x149,yes,unknown,unknown
johnny_lever,Johnny Lever,actors,unknown,unknown,datasets/raw\actors\johnny_lever\8ced8a465f.jpg,0,low,404.6,300x168,no,unknown,unknown
johnny_lever,Johnny Lever,actors,unknown,unknown,datasets/raw\actors\johnny_lever\9e4ecdbd3b.jpg,1,high,1215.8,338x237,yes,unknown,unknown
kader_khan,Kader Khan,actors,unknown,unknown,datasets/raw\actors\kader_khan\02a9e11f37.jpg,0,low,937.8,236x213,no,unknown,unknown
kader_khan,Kader Khan,actors,unknown,unknown,datasets/raw\actors\kader_khan\07f1aa260a.jpg,1,high,887.7,214x317,yes,unknown,unknown
kader_khan,Kader Khan,actors,unknown,unknown,datasets/raw\actors\kader_khan\0a8a74c091.jpg,1,high,484.8,183x275,yes,unknown,unknown
kader_khan,Kader Khan,actors,unknown,unknown,datasets/raw\actors\kader_khan\1257df3b64.jpg,0,low,206.8,259x195,no,unknown,unknown
kader_khan,Kader Khan,actors,unknown,unknown,datasets/raw\actors\kader_khan\136e737598.jpg,1,high,1481.1,286x176,yes,unknown,unknown
kader_khan,Kader Khan,actors,unknown,unknown,datasets/raw\actors\kader_khan\14f4bf0ae4.jpg,1,high,1661.1,259x194,yes,unknown,unknown
kader_khan,Kader Khan,actors,unknown,unknown,datasets/raw\actors\kader_khan\19743c2ec2.jpg,1,high,253.4,621x414,yes,unknown,unknown
kader_khan,Kader Khan,actors,unknown,unknown,datasets/raw\actors\kader_khan\1ef7b11a2a.jpg,1,high,171.9,506x652,yes,unknown,unknown
kader_khan,Kader Khan,actors,unknown,unknown,datasets/raw\actors\kader_khan\25ee919b15.jpg,0,low,945.6,311x162,no,unknown,unknown
kader_khan,Kader Khan,actors,unknown,unknown,datasets/raw\actors\kader_khan\29f4626fca.jpg,1,high,1134.7,300x168,yes,unknown,unknown
kader_khan,Kader Khan,actors,unknown,unknown,datasets/raw\actors\kader_khan\2b32cc3c2e.jpg,1,high,2244.3,219x230,yes,unknown,unknown
kader_khan,Kader Khan,actors,unknown,unknown,datasets/raw\actors\kader_khan\2efb8b77ba.jpg,1,high,214.5,225x225,yes,unknown,unknown
kader_khan,Kader Khan,actors,unknown,unknown,datasets/raw\actors\kader_khan\319e9c40c4.jpg,0,low,406.0,750x563,no,unknown,unknown
kader_khan,Kader Khan,actors,unknown,unknown,datasets/raw\actors\kader_khan\3f68355f16.jpg,1,high,840.1,225x225,yes,unknown,unknown
kader_khan,Kader Khan,actors,unknown,unknown,datasets/raw\actors\kader_khan\4030392ea0.jpg,1,high,1516.5,538x518,yes,unknown,unknown
kader_khan,Kader Khan,actors,unknown,unknown,datasets/raw\actors\kader_khan\45e8e907f0.jpg,1,high,550.3,318x159,yes,unknown,unknown
kader_khan,Kader Khan,actors,unknown,unknown,datasets/raw\actors\kader_khan\4923085a87.jpg,1,high,101.0,1000x600,yes,unknown,unknown
kader_khan,Kader Khan,actors,unknown,unknown,datasets/raw\actors\kader_khan\54cd56fe18.jpg,0,low,1771.3,220x331,no,unknown,unknown
kader_khan,Kader Khan,actors,unknown,unknown,datasets/raw\actors\kader_khan\5cc6895679.jpg,1,medium,55.4,1100x521,yes,unknown,unknown
kader_khan,Kader Khan,actors,unknown,unknown,datasets/raw\actors\kader_khan\5e5f142f29.jpg,1,medium,49.3,750x500,yes,unknown,unknown
kader_khan,Kader Khan,actors,unknown,unknown,datasets/raw\actors\kader_khan\6bdf7c21dd.jpg,0,low,5139.9,300x168,no,unknown,unknown
kader_khan,Kader Khan,actors,unknown,unknown,datasets/raw\actors\kader_khan\8a068e80c6.jpg,1,high,1288.7,585x329,yes,unknown,unknown
kader_khan,Kader Khan,actors,unknown,unknown,datasets/raw\actors\kader_khan\9fac0d19b0.jpg,0,low,1012.1,183x275,no,unknown,unknown
kamal_haasan,Kamal Haasan,actors,unknown,unknown,datasets/raw\actors\kamal_haasan\08c4ea2eba.jpg,1,high,1814.1,275x183,yes,unknown,unknown
kamal_haasan,Kamal Haasan,actors,unknown,unknown,datasets/raw\actors\kamal_haasan\0ce22be1b8.jpg,0,low,293.7,355x568,no,unknown,unknown
kamal_haasan,Kamal Haasan,actors,unknown,unknown,datasets/raw\actors\kamal_haasan\15d2afe5a8.jpg,1,high,194.0,302x402,yes,unknown,unknown
kamal_haasan,Kamal Haasan,actors,unknown,unknown,datasets/raw\actors\kamal_haasan\1c043227bb.jpg,1,high,194.3,585x881,yes,unknown,unknown
kamal_haasan,Kamal Haasan,actors,unknown,unknown,datasets/raw\actors\kamal_haasan\23b6210b64.jpg,0,low,1319.8,275x183,no,unknown,unknown
kamal_haasan,Kamal Haasan,actors,unknown,unknown,datasets/raw\actors\kamal_haasan\2f6aed2967.jpg,1,high,799.7,299x168,yes,unknown,unknown
kamal_haasan,Kamal Haasan,actors,unknown,unknown,datasets/raw\actors\kamal_haasan\33260f9f9c.jpg,0,low,133.4,696x348,no,unknown,unknown
kamal_haasan,Kamal Haasan,actors,unknown,unknown,datasets/raw\actors\kamal_haasan\38f2a44dbf.jpg,1,high,198.2,600x338,yes,unknown,unknown
kamal_haasan,Kamal Haasan,actors,unknown,unknown,datasets/raw\actors\kamal_haasan\431ded9bd0.jpg,0,low,888.2,202x250,no,unknown,unknown
kamal_haasan,Kamal Haasan,actors,unknown,unknown,datasets/raw\actors\kamal_haasan\4dbb6a76fa.jpg,1,high,266.8,275x183,yes,unknown,unknown
kamal_haasan,Kamal Haasan,actors,unknown,unknown,datasets/raw\actors\kamal_haasan\509ddc1f3b.jpg,1,high,344.3,297x170,yes,unknown,unknown
kamal_haasan,Kamal Haasan,actors,unknown,unknown,datasets/raw\actors\kamal_haasan\55e04e0834.jpg,0,low,154.6,1200x749,no,unknown,unknown
kamal_haasan,Kamal Haasan,actors,unknown,unknown,datasets/raw\actors\kamal_haasan\5d6f14216f.jpg,1,high,468.6,300x168,yes,unknown,unknown
kamal_haasan,Kamal Haasan,actors,unknown,unknown,datasets/raw\actors\kamal_haasan\619cd66458.jpg,1,high,915.4,207x243,yes,unknown,unknown
kamal_haasan,Kamal Haasan,actors,unknown,unknown,datasets/raw\actors\kamal_haasan\703f86fae0.jpg,1,high,287.6,300x168,yes,unknown,unknown
kamal_haasan,Kamal Haasan,actors,unknown,unknown,datasets/raw\actors\kamal_haasan\71030ddca4.jpg,1,medium,44.7,700x400,yes,unknown,unknown
kamal_haasan,Kamal Haasan,actors,unknown,unknown,datasets/raw\actors\kamal_haasan\759274efbc.jpg,0,low,277.0,318x159,no,unknown,unknown
kamal_haasan,Kamal Haasan,actors,unknown,unknown,datasets/raw\actors\kamal_haasan\7dd2130e1a.jpg,1,high,258.1,259x194,yes,unknown,unknown
kamal_haasan,Kamal Haasan,actors,unknown,unknown,datasets/raw\actors\kamal_haasan\7df58e05c8.jpg,1,high,709.5,300x168,yes,unknown,unknown
kamal_haasan,Kamal Haasan,actors,unknown,unknown,datasets/raw\actors\kamal_haasan\7ff037eff0.jpg,1,high,160.2,1280x720,yes,unknown,unknown
kamal_haasan,Kamal Haasan,actors,unknown,unknown,datasets/raw\actors\kamal_haasan\836c6c9f26.jpg,1,high,284.5,183x275,yes,unknown,unknown
kamal_haasan,Kamal Haasan,actors,unknown,unknown,datasets/raw\actors\kamal_haasan\99a5f4f0b9.jpg,0,low,358.0,585x881,no,unknown,unknown
kay_kay_menon,Kay Kay Menon,actors,unknown,unknown,datasets/raw\actors\kay_kay_menon\0262f68fe2.jpg,1,high,392.4,300x168,yes,unknown,unknown
kay_kay_menon,Kay Kay Menon,actors,unknown,unknown,datasets/raw\actors\kay_kay_menon\0aa16df557.jpg,0,low,671.6,302x167,no,unknown,unknown
kay_kay_menon,Kay Kay Menon,actors,unknown,unknown,datasets/raw\actors\kay_kay_menon\196ad1d098.jpg,1,high,876.1,506x652,yes,unknown,unknown
kay_kay_menon,Kay Kay Menon,actors,unknown,unknown,datasets/raw\actors\kay_kay_menon\2cc443eecf.jpg,0,low,87.1,660x757,no,unknown,unknown
kay_kay_menon,Kay Kay Menon,actors,unknown,unknown,datasets/raw\actors\kay_kay_menon\2e75bf8adf.jpg,1,high,834.0,500x375,yes,unknown,unknown
kay_kay_menon,Kay Kay Menon,actors,unknown,unknown,datasets/raw\actors\kay_kay_menon\2fee902f0c.jpg,1,high,626.0,269x187,yes,unknown,unknown
kay_kay_menon,Kay Kay Menon,actors,unknown,unknown,datasets/raw\actors\kay_kay_menon\3612b40ba6.jpg,1,high,284.7,275x183,yes,unknown,unknown
kay_kay_menon,Kay Kay Menon,actors,unknown,unknown,datasets/raw\actors\kay_kay_menon\3684c6c64f.jpg,1,high,128.9,700x400,yes,unknown,unknown
kay_kay_menon,Kay Kay Menon,actors,unknown,unknown,datasets/raw\actors\kay_kay_menon\37d1d9c97a.jpg,1,high,1295.0,1097x576,yes,unknown,unknown
kay_kay_menon,Kay Kay Menon,actors,unknown,unknown,datasets/raw\actors\kay_kay_menon\3c80a9e92b.jpg,0,low,1333.5,170x240,no,unknown,unknown
kay_kay_menon,Kay Kay Menon,actors,unknown,unknown,datasets/raw\actors\kay_kay_menon\3f79a3191b.jpg,1,high,2516.0,207x243,yes,unknown,unknown
kay_kay_menon,Kay Kay Menon,actors,unknown,unknown,datasets/raw\actors\kay_kay_menon\4a9b3c1d71.jpg,0,low,671.1,183x275,no,unknown,unknown
kay_kay_menon,Kay Kay Menon,actors,unknown,unknown,datasets/raw\actors\kay_kay_menon\512b7bc3bb.jpg,1,high,207.6,853x480,yes,unknown,unknown
kay_kay_menon,Kay Kay Menon,actors,unknown,unknown,datasets/raw\actors\kay_kay_menon\59f99e024a.jpg,0,low,214.3,378x576,no,unknown,unknown
kay_kay_menon,Kay Kay Menon,actors,unknown,unknown,datasets/raw\actors\kay_kay_menon\5a65b0837e.jpg,1,high,627.6,160x315,yes,unknown,unknown
kay_kay_menon,Kay Kay Menon,actors,unknown,unknown,datasets/raw\actors\kay_kay_menon\5cea733492.jpg,0,low,187.7,585x754,no,unknown,unknown
kay_kay_menon,Kay Kay Menon,actors,unknown,unknown,datasets/raw\actors\kay_kay_menon\6a8f3de32a.jpg,1,high,743.0,268x188,yes,unknown,unknown
kay_kay_menon,Kay Kay Menon,actors,unknown,unknown,datasets/raw\actors\kay_kay_menon\6b66fbe27a.jpg,0,low,45.3,600x450,no,unknown,unknown
kay_kay_menon,Kay Kay Menon,actors,unknown,unknown,datasets/raw\actors\kay_kay_menon\840fe2fa31.jpg,1,high,120.7,900x750,yes,unknown,unknown
kay_kay_menon,Kay Kay Menon,actors,unknown,unknown,datasets/raw\actors\kay_kay_menon\8a30160d68.jpg,1,high,2264.2,224x225,yes,unknown,unknown
kay_kay_menon,Kay Kay Menon,actors,unknown,unknown,datasets/raw\actors\kay_kay_menon\93c298be24.jpg,1,high,752.9,220x275,yes,unknown,unknown
konkona_sen_sharma,Konkona Sen Sharma,actors,unknown,unknown,datasets/raw\actors\konkona_sen_sharma\017e5ec268.jpg,0,low,1127.9,259x194,no,unknown,unknown
konkona_sen_sharma,Konkona Sen Sharma,actors,unknown,unknown,datasets/raw\actors\konkona_sen_sharma\09ce2af454.jpg,1,high,206.4,500x745,yes,unknown,unknown
konkona_sen_sharma,Konkona Sen Sharma,actors,unknown,unknown,datasets/raw\actors\konkona_sen_sharma\0e366a9b07.jpg,0,low,1007.9,264x191,no,unknown,unknown
konkona_sen_sharma,Konkona Sen Sharma,actors,unknown,unknown,datasets/raw\actors\konkona_sen_sharma\118c867614.jpg,1,high,871.8,195x260,yes,unknown,unknown
konkona_sen_sharma,Konkona Sen Sharma,actors,unknown,unknown,datasets/raw\actors\konkona_sen_sharma\1a395666b1.jpg,0,low,46.4,722x1083,no,unknown,unknown
konkona_sen_sharma,Konkona Sen Sharma,actors,unknown,unknown,datasets/raw\actors\konkona_sen_sharma\2cbd6e599f.jpg,1,high,318.2,400x400,yes,unknown,unknown
konkona_sen_sharma,Konkona Sen Sharma,actors,unknown,unknown,datasets/raw\actors\konkona_sen_sharma\398d9fc935.jpg,1,high,1290.7,175x287,yes,unknown,unknown
konkona_sen_sharma,Konkona Sen Sharma,actors,unknown,unknown,datasets/raw\actors\konkona_sen_sharma\3a1a6f65e4.jpg,1,high,189.6,226x283,yes,unknown,unknown
konkona_sen_sharma,Konkona Sen Sharma,actors,unknown,unknown,datasets/raw\actors\konkona_sen_sharma\3d3d8ca8fc.jpg,0,low,1495.4,259x194,no,unknown,unknown
konkona_sen_sharma,Konkona Sen Sharma,actors,unknown,unknown,datasets/raw\actors\konkona_sen_sharma\496d033c41.jpg,1,high,132.7,630x369,yes,unknown,unknown
konkona_sen_sharma,Konkona Sen Sharma,actors,unknown,unknown,datasets/raw\actors\konkona_sen_sharma\4a3481f25a.jpg,1,high,730.6,225x225,yes,unknown,unknown
konkona_sen_sharma,Konkona Sen Sharma,actors,unknown,unknown,datasets/raw\actors\konkona_sen_sharma\4ce4dda2a6.jpg,0,low,283.5,340x230,no,unknown,unknown
konkona_sen_sharma,Konkona Sen Sharma,actors,unknown,unknown,datasets/raw\actors\konkona_sen_sharma\4dd471bdeb.jpg,1,high,874.8,225x225,yes,unknown,unknown
konkona_sen_sharma,Konkona Sen Sharma,actors,unknown,unknown,datasets/raw\actors\konkona_sen_sharma\56b728abf1.jpg,0,low,121.6,1200x900,no,unknown,unknown
konkona_sen_sharma,Konkona Sen Sharma,actors,unknown,unknown,datasets/raw\actors\konkona_sen_sharma\5ab7726563.jpg,1,high,1626.8,300x168,yes,unknown,unknown
konkona_sen_sharma,Konkona Sen Sharma,actors,unknown,unknown,datasets/raw\actors\konkona_sen_sharma\5b3d255e18.jpg,1,high,1040.2,259x194,yes,unknown,unknown
konkona_sen_sharma,Konkona Sen Sharma,actors,unknown,unknown,datasets/raw\actors\konkona_sen_sharma\5d3b0a258a.jpg,0,low,1835.0,329x153,no,unknown,unknown
konkona_sen_sharma,Konkona Sen Sharma,actors,unknown,unknown,datasets/raw\actors\konkona_sen_sharma\603b9ba9ab.jpg,1,high,391.7,1200x800,yes,unknown,unknown
konkona_sen_sharma,Konkona Sen Sharma,actors,unknown,unknown,datasets/raw\actors\konkona_sen_sharma\622a37afa9.jpg,1,high,852.3,202x249,yes,unknown,unknown
konkona_sen_sharma,Konkona Sen Sharma,actors,unknown,unknown,datasets/raw\actors\konkona_sen_sharma\718e12c14d.jpg,0,low,1327.6,259x194,no,unknown,unknown
konkona_sen_sharma,Konkona Sen Sharma,actors,unknown,unknown,datasets/raw\actors\konkona_sen_sharma\79bf1d1beb.jpg,1,high,850.9,183x275,yes,unknown,unknown
konkona_sen_sharma,Konkona Sen Sharma,actors,unknown,unknown,datasets/raw\actors\konkona_sen_sharma\7eeecbecb5.jpg,0,low,677.5,195x259,no,unknown,unknown
konkona_sen_sharma,Konkona Sen Sharma,actors,unknown,unknown,datasets/raw\actors\konkona_sen_sharma\93eff9eba4.jpg,1,high,787.8,284x177,yes,unknown,unknown
kulbhushan_kharbanda,Kulbhushan Kharbanda,actors,unknown,unknown,datasets/raw\actors\kulbhushan_kharbanda\05762c8817.jpg,0,low,216.9,640x468,no,unknown,unknown
kulbhushan_kharbanda,Kulbhushan Kharbanda,actors,unknown,unknown,datasets/raw\actors\kulbhushan_kharbanda\0b95ffb76c.jpg,1,high,555.0,320x240,yes,unknown,unknown
kulbhushan_kharbanda,Kulbhushan Kharbanda,actors,unknown,unknown,datasets/raw\actors\kulbhushan_kharbanda\1d8cb0ff6e.jpg,0,low,88.3,350x450,no,unknown,unknown
kulbhushan_kharbanda,Kulbhushan Kharbanda,actors,unknown,unknown,datasets/raw\actors\kulbhushan_kharbanda\272f7418d7.jpg,1,high,933.1,400x400,yes,unknown,unknown
kulbhushan_kharbanda,Kulbhushan Kharbanda,actors,unknown,unknown,datasets/raw\actors\kulbhushan_kharbanda\2c39c3cadc.jpg,1,high,275.0,225x225,yes,unknown,unknown
kulbhushan_kharbanda,Kulbhushan Kharbanda,actors,unknown,unknown,datasets/raw\actors\kulbhushan_kharbanda\2d46be455b.jpg,0,low,1131.7,1280x720,no,unknown,unknown
kulbhushan_kharbanda,Kulbhushan Kharbanda,actors,unknown,unknown,datasets/raw\actors\kulbhushan_kharbanda\2f2c265456.jpg,1,high,1074.7,1280x720,yes,unknown,unknown
kulbhushan_kharbanda,Kulbhushan Kharbanda,actors,unknown,unknown,datasets/raw\actors\kulbhushan_kharbanda\3277e7c207.jpg,0,low,225.6,320x240,no,unknown,unknown
kulbhushan_kharbanda,Kulbhushan Kharbanda,actors,unknown,unknown,datasets/raw\actors\kulbhushan_kharbanda\3e725434ad.jpg,1,medium,66.5,1461x2200,yes,unknown,unknown
kulbhushan_kharbanda,Kulbhushan Kharbanda,actors,unknown,unknown,datasets/raw\actors\kulbhushan_kharbanda\4000a3ce82.jpg,0,low,624.6,175x175,no,unknown,unknown
kulbhushan_kharbanda,Kulbhushan Kharbanda,actors,unknown,unknown,datasets/raw\actors\kulbhushan_kharbanda\43e83439f1.jpg,1,high,4068.7,183x275,yes,unknown,unknown
kulbhushan_kharbanda,Kulbhushan Kharbanda,actors,unknown,unknown,datasets/raw\actors\kulbhushan_kharbanda\44d7189c10.jpg,0,low,127.0,493x295,no,unknown,unknown
kulbhushan_kharbanda,Kulbhushan Kharbanda,actors,unknown,unknown,datasets/raw\actors\kulbhushan_kharbanda\4df57c711b.jpg,1,high,495.2,285x177,yes,unknown,unknown
kulbhushan_kharbanda,Kulbhushan Kharbanda,actors,unknown,unknown,datasets/raw\actors\kulbhushan_kharbanda\59deaa5bc7.jpg,0,low,853.1,275x183,no,unknown,unknown
kulbhushan_kharbanda,Kulbhushan Kharbanda,actors,unknown,unknown,datasets/raw\actors\kulbhushan_kharbanda\5b99619656.jpg,1,medium,77.3,400x400,yes,unknown,unknown
kulbhushan_kharbanda,Kulbhushan Kharbanda,actors,unknown,unknown,datasets/raw\actors\kulbhushan_kharbanda\646d3b9222.jpg,0,low,368.6,300x168,no,unknown,unknown
kulbhushan_kharbanda,Kulbhushan Kharbanda,actors,unknown,unknown,datasets/raw\actors\kulbhushan_kharbanda\6dd0faf7a6.jpg,1,high,2287.9,300x168,yes,unknown,unknown
kulbhushan_kharbanda,Kulbhushan Kharbanda,actors,unknown,unknown,datasets/raw\actors\kulbhushan_kharbanda\6e2d1cd9ee.jpg,1,high,757.8,260x194,yes,unknown,unknown
kulbhushan_kharbanda,Kulbhushan Kharbanda,actors,unknown,unknown,datasets/raw\actors\kulbhushan_kharbanda\772b76206e.jpg,0,low,2538.7,244x206,no,unknown,unknown
kulbhushan_kharbanda,Kulbhushan Kharbanda,actors,unknown,unknown,datasets/raw\actors\kulbhushan_kharbanda\7b3b1dc971.jpg,1,high,275.6,185x225,yes,unknown,unknown
kulbhushan_kharbanda,Kulbhushan Kharbanda,actors,unknown,unknown,datasets/raw\actors\kulbhushan_kharbanda\8e2b2847ff.jpg,0,low,161.6,640x480,no,unknown,unknown
lara_dutta,Lara Dutta,actors,unknown,unknown,datasets/raw\actors\lara_dutta\0436b0f619.jpg,1,high,784.9,225x225,yes,unknown,unknown
lara_dutta,Lara Dutta,actors,unknown,unknown,datasets/raw\actors\lara_dutta\07c4080819.jpg,1,high,258.9,780x439,yes,unknown,unknown
lara_dutta,Lara Dutta,actors,unknown,unknown,datasets/raw\actors\lara_dutta\0a9b65acff.jpg,1,high,574.3,759x422,yes,unknown,unknown
lara_dutta,Lara Dutta,actors,unknown,unknown,datasets/raw\actors\lara_dutta\0abd81e358.jpg,1,high,1419.8,290x174,yes,unknown,unknown
lara_dutta,Lara Dutta,actors,unknown,unknown,datasets/raw\actors\lara_dutta\0ec0271885.jpg,1,high,2314.7,258x195,yes,unknown,unknown
lara_dutta,Lara Dutta,actors,unknown,unknown,datasets/raw\actors\lara_dutta\1cc5aa6fad.jpg,1,high,193.5,540x405,yes,unknown,unknown
lara_dutta,Lara Dutta,actors,unknown,unknown,datasets/raw\actors\lara_dutta\1fbb6b6008.jpg,1,high,1904.5,261x193,yes,unknown,unknown
lara_dutta,Lara Dutta,actors,unknown,unknown,datasets/raw\actors\lara_dutta\23dbef50dd.jpg,1,high,389.6,671x503,yes,unknown,unknown
lara_dutta,Lara Dutta,actors,unknown,unknown,datasets/raw\actors\lara_dutta\289dac9772.jpg,1,high,1067.3,506x640,yes,unknown,unknown
lara_dutta,Lara Dutta,actors,unknown,unknown,datasets/raw\actors\lara_dutta\32bee7c633.jpg,1,high,2649.2,251x201,yes,unknown,unknown
lara_dutta,Lara Dutta,actors,unknown,unknown,datasets/raw\actors\lara_dutta\3bc81f53f0.jpg,1,high,493.6,183x275,yes,unknown,unknown
lara_dutta,Lara Dutta,actors,unknown,unknown,datasets/raw\actors\lara_dutta\413e4775a2.jpg,1,high,817.8,174x289,yes,unknown,unknown
lara_dutta,Lara Dutta,actors,unknown,unknown,datasets/raw\actors\lara_dutta\41c4574a9d.jpg,1,high,2741.4,225x300,yes,unknown,unknown
lara_dutta,Lara Dutta,actors,unknown,unknown,datasets/raw\actors\lara_dutta\49c73e4a87.jpg,1,high,547.5,866x1390,yes,unknown,unknown
lara_dutta,Lara Dutta,actors,unknown,unknown,datasets/raw\actors\lara_dutta\5b6e373639.jpg,0,low,3910.2,225x225,no,unknown,unknown
lara_dutta,Lara Dutta,actors,unknown,unknown,datasets/raw\actors\lara_dutta\5b9605018e.jpg,1,high,642.8,201x251,yes,unknown,unknown
lara_dutta,Lara Dutta,actors,unknown,unknown,datasets/raw\actors\lara_dutta\61b445d72a.jpg,0,low,1850.4,299x168,no,unknown,unknown
lara_dutta,Lara Dutta,actors,unknown,unknown,datasets/raw\actors\lara_dutta\672a12e9d9.jpg,1,high,380.4,194x259,yes,unknown,unknown
lara_dutta,Lara Dutta,actors,unknown,unknown,datasets/raw\actors\lara_dutta\67a2f00f7b.jpg,1,high,400.3,173x276,yes,unknown,unknown
lara_dutta,Lara Dutta,actors,unknown,unknown,datasets/raw\actors\lara_dutta\6c4edfbe21.jpg,0,low,280.2,281x180,no,unknown,unknown
lara_dutta,Lara Dutta,actors,unknown,unknown,datasets/raw\actors\lara_dutta\6ca24d7a91.jpg,1,high,3351.1,204x204,yes,unknown,unknown
lara_dutta,Lara Dutta,actors,unknown,unknown,datasets/raw\actors\lara_dutta\6ffce037a4.jpg,1,high,215.7,800x600,yes,unknown,unknown
lara_dutta,Lara Dutta,actors,unknown,unknown,datasets/raw\actors\lara_dutta\723d5c26bf.jpg,1,high,908.9,259x194,yes,unknown,unknown
lara_dutta,Lara Dutta,actors,unknown,unknown,datasets/raw\actors\lara_dutta\72ed8af3dc.jpg,0,low,110.8,960x573,no,unknown,unknown
lara_dutta,Lara Dutta,actors,unknown,unknown,datasets/raw\actors\lara_dutta\81c210fc65.jpg,1,high,1161.6,183x276,yes,unknown,unknown
lara_dutta,Lara Dutta,actors,unknown,unknown,datasets/raw\actors\lara_dutta\908c9f0fbc.jpg,0,low,1400.9,183x276,no,unknown,unknown
madhavan,Madhavan,actors,unknown,unknown,datasets/raw\actors\madhavan\000c05a615.jpg,1,high,363.8,400x400,yes,unknown,unknown
madhavan,Madhavan,actors,unknown,unknown,datasets/raw\actors\madhavan\00db6d049b.jpg,0,low,93.6,630x354,no,unknown,unknown
madhavan,Madhavan,actors,unknown,unknown,datasets/raw\actors\madhavan\0299cf6af3.jpg,1,high,603.1,264x191,yes,unknown,unknown
madhavan,Madhavan,actors,unknown,unknown,datasets/raw\actors\madhavan\0aa8766cd6.jpg,0,low,2451.6,232x217,no,unknown,unknown
madhavan,Madhavan,actors,unknown,unknown,datasets/raw\actors\madhavan\1390f8b784.jpg,1,high,1337.9,170x240,yes,unknown,unknown
madhavan,Madhavan,actors,unknown,unknown,datasets/raw\actors\madhavan\199cddb55f.jpg,0,low,1445.4,286x176,no,unknown,unknown
madhavan,Madhavan,actors,unknown,unknown,datasets/raw\actors\madhavan\1bba4c73b5.jpg,1,medium,80.5,1019x733,yes,unknown,unknown
madhavan,Madhavan,actors,unknown,unknown,datasets/raw\actors\madhavan\23f31e3b20.jpg,0,low,87.6,800x500,no,unknown,unknown
madhavan,Madhavan,actors,unknown,unknown,datasets/raw\actors\madhavan\295e69e61f.jpg,1,high,1300.3,243x208,yes,unknown,unknown
madhavan,Madhavan,actors,unknown,unknown,datasets/raw\actors\madhavan\2cb7edf36b.jpg,1,high,693.2,259x194,yes,unknown,unknown
madhavan,Madhavan,actors,unknown,unknown,datasets/raw\actors\madhavan\31b375da83.jpg,0,low,133.4,600x600,no,unknown,unknown
madhavan,Madhavan,actors,unknown,unknown,datasets/raw\actors\madhavan\33acb28e64.jpg,1,high,1954.7,264x191,yes,unknown,unknown
madhavan,Madhavan,actors,unknown,unknown,datasets/raw\actors\madhavan\3a5832c524.jpg,0,low,149.4,1280x720,no,unknown,unknown
madhavan,Madhavan,actors,unknown,unknown,datasets/raw\actors\madhavan\3f97164fc8.jpg,1,high,1771.3,275x183,yes,unknown,unknown
madhavan,Madhavan,actors,unknown,unknown,datasets/raw\actors\madhavan\417e4eb15a.jpg,1,high,334.9,225x225,yes,unknown,unknown
madhavan,Madhavan,actors,unknown,unknown,datasets/raw\actors\madhavan\4857c451df.jpg,1,high,1108.0,183x275,yes,unknown,unknown
madhavan,Madhavan,actors,unknown,unknown,datasets/raw\actors\madhavan\4ffc452aa9.jpg,0,low,3416.5,300x168,no,unknown,unknown
madhavan,Madhavan,actors,unknown,unknown,datasets/raw\actors\madhavan\5b9e2fd790.jpg,1,high,249.9,275x183,yes,unknown,unknown
madhavan,Madhavan,actors,unknown,unknown,datasets/raw\actors\madhavan\6a47165934.jpg,0,low,9896.1,224x225,no,unknown,unknown
madhavan,Madhavan,actors,unknown,unknown,datasets/raw\actors\madhavan\7b700faf51.jpg,1,medium,42.8,800x600,yes,unknown,unknown
madhavan,Madhavan,actors,unknown,unknown,datasets/raw\actors\madhavan\84d720df8d.jpg,1,high,1631.4,276x183,yes,unknown,unknown
madhavan,Madhavan,actors,unknown,unknown,datasets/raw\actors\madhavan\8d5f188b39.jpg,1,high,1756.1,650x400,yes,unknown,unknown
madhavan,Madhavan,actors,unknown,unknown,datasets/raw\actors\madhavan\903d8030ce.jpg,1,high,643.4,198x255,yes,unknown,unknown
madhavan,Madhavan,actors,unknown,unknown,datasets/raw\actors\madhavan\97c4ed0e15.jpg,0,low,519.2,300x168,no,unknown,unknown
madhavan,Madhavan,actors,unknown,unknown,datasets/raw\actors\madhavan\9e290786c8.jpg,1,high,622.7,251x201,yes,unknown,unknown
madhavan,Madhavan,actors,unknown,unknown,datasets/raw\actors\madhavan\9e3f636a13.jpg,1,high,1188.8,196x257,yes,unknown,unknown
mammootty,Mammootty,actors,unknown,unknown,datasets/raw\actors\mammootty\05450fec98.jpg,0,low,687.7,197x256,no,unknown,unknown
mammootty,Mammootty,actors,unknown,unknown,datasets/raw\actors\mammootty\0c1b91f0e4.jpg,1,high,304.1,750x500,yes,unknown,unknown
mammootty,Mammootty,actors,unknown,unknown,datasets/raw\actors\mammootty\11262f4d06.jpg,1,high,568.1,800x600,yes,unknown,unknown
mammootty,Mammootty,actors,unknown,unknown,datasets/raw\actors\mammootty\18426a214b.jpg,0,low,173.7,500x430,no,unknown,unknown
mammootty,Mammootty,actors,unknown,unknown,datasets/raw\actors\mammootty\208ce7a463.jpg,1,high,437.1,225x225,yes,unknown,unknown
mammootty,Mammootty,actors,unknown,unknown,datasets/raw\actors\mammootty\265a404577.jpg,0,low,45.2,800x800,no,unknown,unknown
mammootty,Mammootty,actors,unknown,unknown,datasets/raw\actors\mammootty\2c9e301288.jpg,1,high,410.2,300x168,yes,unknown,unknown
mammootty,Mammootty,actors,unknown,unknown,datasets/raw\actors\mammootty\36e0342d67.jpg,0,low,2165.1,294x171,no,unknown,unknown
mammootty,Mammootty,actors,unknown,unknown,datasets/raw\actors\mammootty\392f2a8bc6.jpg,1,high,846.0,220x270,yes,unknown,unknown
mammootty,Mammootty,actors,unknown,unknown,datasets/raw\actors\mammootty\3baa78e0a8.jpg,1,high,741.0,194x259,yes,unknown,unknown
mammootty,Mammootty,actors,unknown,unknown,datasets/raw\actors\mammootty\3bf05950e8.jpg,0,low,2228.4,297x170,no,unknown,unknown
mammootty,Mammootty,actors,unknown,unknown,datasets/raw\actors\mammootty\4ac0649487.jpg,1,high,511.5,259x195,yes,unknown,unknown
mammootty,Mammootty,actors,unknown,unknown,datasets/raw\actors\mammootty\4ded2598b1.jpg,0,low,645.4,300x168,no,unknown,unknown
mammootty,Mammootty,actors,unknown,unknown,datasets/raw\actors\mammootty\56f567511c.jpg,1,medium,59.8,700x1050,yes,unknown,unknown
mammootty,Mammootty,actors,unknown,unknown,datasets/raw\actors\mammootty\5b399f3203.jpg,1,high,1867.9,163x310,yes,unknown,unknown
mammootty,Mammootty,actors,unknown,unknown,datasets/raw\actors\mammootty\640449ac10.jpg,0,low,787.5,275x183,no,unknown,unknown
mammootty,Mammootty,actors,unknown,unknown,datasets/raw\actors\mammootty\7a2d228006.jpg,1,high,192.4,720x720,yes,unknown,unknown
mammootty,Mammootty,actors,unknown,unknown,datasets/raw\actors\mammootty\84fe91a4ab.jpg,0,low,1146.3,650x400,no,unknown,unknown
mammootty,Mammootty,actors,unknown,unknown,datasets/raw\actors\mammootty\88ff126763.jpg,1,high,820.4,162x202,yes,unknown,unknown
mammootty,Mammootty,actors,unknown,unknown,datasets/raw\actors\mammootty\8a5af703ea.jpg,1,medium,96.0,690x960,yes,unknown,unknown
mammootty,Mammootty,actors,unknown,unknown,datasets/raw\actors\mammootty\8ccf709e33.jpg,0,low,471.4,275x183,no,unknown,unknown
mammootty,Mammootty,actors,unknown,unknown,datasets/raw\actors\mammootty\a953eb232a.jpg,1,high,1735.1,300x168,yes,unknown,unknown
manoj_bajpayee,Manoj Bajpayee,actors,unknown,unknown,datasets/raw\actors\manoj_bajpayee\043d9d6ed9.jpg,1,high,220.0,630x358,yes,unknown,unknown
manoj_bajpayee,Manoj Bajpayee,actors,unknown,unknown,datasets/raw\actors\manoj_bajpayee\072e31739e.jpg,0,low,692.2,303x167,no,unknown,unknown
manoj_bajpayee,Manoj Bajpayee,actors,unknown,unknown,datasets/raw\actors\manoj_bajpayee\0b15403df7.jpg,1,high,233.9,1200x675,yes,unknown,unknown
manoj_bajpayee,Manoj Bajpayee,actors,unknown,unknown,datasets/raw\actors\manoj_bajpayee\0c6295032e.jpg,0,low,155.9,275x183,no,unknown,unknown
manoj_bajpayee,Manoj Bajpayee,actors,unknown,unknown,datasets/raw\actors\manoj_bajpayee\0f5361f3dc.jpg,1,high,219.9,275x183,yes,unknown,unknown
manoj_bajpayee,Manoj Bajpayee,actors,unknown,unknown,datasets/raw\actors\manoj_bajpayee\10c1f17c71.jpg,0,low,189.4,835x469,no,unknown,unknown
manoj_bajpayee,Manoj Bajpayee,actors,unknown,unknown,datasets/raw\actors\manoj_bajpayee\123ddec253.jpg,1,high,217.3,1200x667,yes,unknown,unknown
manoj_bajpayee,Manoj Bajpayee,actors,unknown,unknown,datasets/raw\actors\manoj_bajpayee\39ce31ef9a.jpg,0,low,2122.8,305x406,no,unknown,unknown
manoj_bajpayee,Manoj Bajpayee,actors,unknown,unknown,datasets/raw\actors\manoj_bajpayee\3d8aeaa076.jpg,1,high,937.4,252x200,yes,unknown,unknown
manoj_bajpayee,Manoj Bajpayee,actors,unknown,unknown,datasets/raw\actors\manoj_bajpayee\44a8cfbe2b.jpg,0,low,347.2,263x192,no,unknown,unknown
manoj_bajpayee,Manoj Bajpayee,actors,unknown,unknown,datasets/raw\actors\manoj_bajpayee\460b90bd2c.jpg,1,high,1681.3,560x752,yes,unknown,unknown
manoj_bajpayee,Manoj Bajpayee,actors,unknown,unknown,datasets/raw\actors\manoj_bajpayee\4ab52e835f.jpg,0,low,916.6,900x600,no,unknown,unknown
manoj_bajpayee,Manoj Bajpayee,actors,unknown,unknown,datasets/raw\actors\manoj_bajpayee\557c5c847f.jpg,1,high,1059.3,183x275,yes,unknown,unknown
manoj_bajpayee,Manoj Bajpayee,actors,unknown,unknown,datasets/raw\actors\manoj_bajpayee\63af81c706.jpg,0,low,260.0,1280x720,no,unknown,unknown
manoj_bajpayee,Manoj Bajpayee,actors,unknown,unknown,datasets/raw\actors\manoj_bajpayee\655eabe9ed.jpg,1,high,257.1,1280x720,yes,unknown,unknown
manoj_bajpayee,Manoj Bajpayee,actors,unknown,unknown,datasets/raw\actors\manoj_bajpayee\6e590b944b.jpg,1,high,1149.7,300x168,yes,unknown,unknown
manoj_bajpayee,Manoj Bajpayee,actors,unknown,unknown,datasets/raw\actors\manoj_bajpayee\721b771ce7.jpg,1,high,551.1,300x168,yes,unknown,unknown
manoj_bajpayee,Manoj Bajpayee,actors,unknown,unknown,datasets/raw\actors\manoj_bajpayee\748c609d77.jpg,1,high,1539.2,301x167,yes,unknown,unknown
manoj_bajpayee,Manoj Bajpayee,actors,unknown,unknown,datasets/raw\actors\manoj_bajpayee\74a7533938.jpg,1,high,399.6,259x194,yes,unknown,unknown
manoj_bajpayee,Manoj Bajpayee,actors,unknown,unknown,datasets/raw\actors\manoj_bajpayee\7c1ceebbd6.jpg,1,medium,73.8,853x480,yes,unknown,unknown
manoj_bajpayee,Manoj Bajpayee,actors,unknown,unknown,datasets/raw\actors\manoj_bajpayee\7f9e20540b.jpg,0,low,378.3,318x159,no,unknown,unknown
manoj_bajpayee,Manoj Bajpayee,actors,unknown,unknown,datasets/raw\actors\manoj_bajpayee\851ee56a6c.jpg,1,high,934.4,300x168,yes,unknown,unknown
manoj_bajpayee,Manoj Bajpayee,actors,unknown,unknown,datasets/raw\actors\manoj_bajpayee\927a6a3a80.jpg,1,medium,77.8,630x354,yes,unknown,unknown
manoj_bajpayee,Manoj Bajpayee,actors,unknown,unknown,datasets/raw\actors\manoj_bajpayee\9c2c15cebd.jpg,0,low,526.5,960x960,no,unknown,unknown
manoj_bajpayee,Manoj Bajpayee,actors,unknown,unknown,datasets/raw\actors\manoj_bajpayee\9e6cda1bf5.jpg,1,high,214.2,259x194,yes,unknown,unknown
manoj_pahwa,Manoj Pahwa,actors,unknown,unknown,datasets/raw\actors\manoj_pahwa\06a8916572.jpg,0,low,385.9,960x541,no,unknown,unknown
manoj_pahwa,Manoj Pahwa,actors,unknown,unknown,datasets/raw\actors\manoj_pahwa\0db94f7c19.jpg,1,medium,46.2,630x1200,yes,unknown,unknown
manoj_pahwa,Manoj Pahwa,actors,unknown,unknown,datasets/raw\actors\manoj_pahwa\13b6761598.jpg,0,low,166.9,225x225,no,unknown,unknown
manoj_pahwa,Manoj Pahwa,actors,unknown,unknown,datasets/raw\actors\manoj_pahwa\16aa5c934e.jpg,1,high,857.2,275x183,yes,unknown,unknown
manoj_pahwa,Manoj Pahwa,actors,unknown,unknown,datasets/raw\actors\manoj_pahwa\1f0674c36f.jpg,1,high,545.2,299x169,yes,unknown,unknown
manoj_pahwa,Manoj Pahwa,actors,unknown,unknown,datasets/raw\actors\manoj_pahwa\28da3e68bf.jpg,0,low,89.3,193x261,no,unknown,unknown
manoj_pahwa,Manoj Pahwa,actors,unknown,unknown,datasets/raw\actors\manoj_pahwa\2d2fbb3caf.jpg,1,high,1017.1,267x400,yes,unknown,unknown
manoj_pahwa,Manoj Pahwa,actors,unknown,unknown,datasets/raw\actors\manoj_pahwa\32e8c61a54.jpg,0,low,1336.5,183x276,no,unknown,unknown
manoj_pahwa,Manoj Pahwa,actors,unknown,unknown,datasets/raw\actors\manoj_pahwa\4007281a6d.jpg,1,high,537.0,160x200,yes,unknown,unknown
manoj_pahwa,Manoj Pahwa,actors,unknown,unknown,datasets/raw\actors\manoj_pahwa\49fb8e1711.jpg,1,high,302.9,200x240,yes,unknown,unknown
manoj_pahwa,Manoj Pahwa,actors,unknown,unknown,datasets/raw\actors\manoj_pahwa\508ad19c72.jpg,0,low,2773.9,183x275,no,unknown,unknown
manoj_pahwa,Manoj Pahwa,actors,unknown,unknown,datasets/raw\actors\manoj_pahwa\5efc0da27a.jpg,1,medium,64.4,960x540,yes,unknown,unknown
manoj_pahwa,Manoj Pahwa,actors,unknown,unknown,datasets/raw\actors\manoj_pahwa\5f6f84df5d.jpg,1,high,1141.6,259x194,yes,unknown,unknown
manoj_pahwa,Manoj Pahwa,actors,unknown,unknown,datasets/raw\actors\manoj_pahwa\61d74395be.jpg,1,medium,99.7,259x194,yes,unknown,unknown
manoj_pahwa,Manoj Pahwa,actors,unknown,unknown,datasets/raw\actors\manoj_pahwa\6882178334.jpg,1,high,896.3,400x403,yes,unknown,unknown
manoj_pahwa,Manoj Pahwa,actors,unknown,unknown,datasets/raw\actors\manoj_pahwa\6b5617b051.jpg,0,low,500.1,484x364,no,unknown,unknown
manoj_pahwa,Manoj Pahwa,actors,unknown,unknown,datasets/raw\actors\manoj_pahwa\6c0b241d3e.jpg,1,high,916.3,241x209,yes,unknown,unknown
manoj_pahwa,Manoj Pahwa,actors,unknown,unknown,datasets/raw\actors\manoj_pahwa\7627355109.jpg,0,low,6376.1,297x170,no,unknown,unknown
manoj_pahwa,Manoj Pahwa,actors,unknown,unknown,datasets/raw\actors\manoj_pahwa\859c5c15c8.jpg,1,high,1250.4,275x183,yes,unknown,unknown
manoj_pahwa,Manoj Pahwa,actors,unknown,unknown,datasets/raw\actors\manoj_pahwa\8df4d1a40d.jpg,1,high,1323.8,300x168,yes,unknown,unknown
manoj_pahwa,Manoj Pahwa,actors,unknown,unknown,datasets/raw\actors\manoj_pahwa\9a188f11f2.jpg,1,high,177.8,585x439,yes,unknown,unknown
mehmood,Mehmood,actors,unknown,unknown,datasets/raw\actors\mehmood\02a27cbf6c.jpg,1,high,610.7,1248x702,yes,unknown,unknown
mehmood,Mehmood,actors,unknown,unknown,datasets/raw\actors\mehmood\046a7dfbfd.jpg,0,low,566.4,800x600,no,unknown,unknown
mehmood,Mehmood,actors,unknown,unknown,datasets/raw\actors\mehmood\0a40e7a2d3.jpg,1,high,393.4,715x402,yes,unknown,unknown
mehmood,Mehmood,actors,unknown,unknown,datasets/raw\actors\mehmood\0f692eeab2.jpg,1,high,795.9,183x275,yes,unknown,unknown
mehmood,Mehmood,actors,unknown,unknown,datasets/raw\actors\mehmood\1df96d89d1.jpg,0,low,480.3,214x235,no,unknown,unknown
mehmood,Mehmood,actors,unknown,unknown,datasets/raw\actors\mehmood\282fd102f2.jpg,1,high,1941.5,163x310,yes,unknown,unknown
mehmood,Mehmood,actors,unknown,unknown,datasets/raw\actors\mehmood\3315a54455.jpg,0,low,1443.7,232x218,no,unknown,unknown
mehmood,Mehmood,actors,unknown,unknown,datasets/raw\actors\mehmood\384db177ea.jpg,1,high,100.9,647x363,yes,unknown,unknown
mehmood,Mehmood,actors,unknown,unknown,datasets/raw\actors\mehmood\3a8aee0c6c.jpg,1,medium,70.3,600x450,yes,unknown,unknown
mehmood,Mehmood,actors,unknown,unknown,datasets/raw\actors\mehmood\3cb2d0e33d.jpg,1,high,404.8,616x637,yes,unknown,unknown
mehmood,Mehmood,actors,unknown,unknown,datasets/raw\actors\mehmood\4a6462bb20.jpg,1,medium,40.9,600x473,yes,unknown,unknown
mehmood,Mehmood,actors,unknown,unknown,datasets/raw\actors\mehmood\4d5d44628f.jpg,1,high,7072.3,225x225,yes,unknown,unknown
mehmood,Mehmood,actors,unknown,unknown,datasets/raw\actors\mehmood\5054fdda22.jpg,1,high,157.5,184x274,yes,unknown,unknown
mehmood,Mehmood,actors,unknown,unknown,datasets/raw\actors\mehmood\5c4beff72c.jpg,0,low,2544.8,292x173,no,unknown,unknown
mehmood,Mehmood,actors,unknown,unknown,datasets/raw\actors\mehmood\700db5eb6b.jpg,1,high,1623.4,301x167,yes,unknown,unknown
mehmood,Mehmood,actors,unknown,unknown,datasets/raw\actors\mehmood\7bc7dcd39b.jpg,0,low,3081.9,298x169,no,unknown,unknown
mehmood,Mehmood,actors,unknown,unknown,datasets/raw\actors\mehmood\84e043119a.jpg,1,high,3414.9,300x168,yes,unknown,unknown
mehmood,Mehmood,actors,unknown,unknown,datasets/raw\actors\mehmood\8dfc58ccb3.jpg,0,low,10134.1,260x194,no,unknown,unknown
mehmood,Mehmood,actors,unknown,unknown,datasets/raw\actors\mehmood\95f3c3914e.jpg,1,high,250.7,853x543,yes,unknown,unknown
mehmood,Mehmood,actors,unknown,unknown,datasets/raw\actors\mehmood\af2fc27112.jpg,1,medium,67.7,1500x1140,yes,unknown,unknown
mehmood,Mehmood,actors,unknown,unknown,datasets/raw\actors\mehmood\d46809f6c4.jpg,1,medium,74.1,1110x1500,yes,unknown,unknown
mita_vashisht,Mita Vashisht,actors,unknown,unknown,datasets/raw\actors\mita_vashisht\0521b9fe69.jpg,0,low,920.1,242x208,no,unknown,unknown
mita_vashisht,Mita Vashisht,actors,unknown,unknown,datasets/raw\actors\mita_vashisht\08e7d1ad67.jpg,1,high,583.4,600x766,yes,unknown,unknown
mita_vashisht,Mita Vashisht,actors,unknown,unknown,datasets/raw\actors\mita_vashisht\1065fe45d1.jpg,0,low,669.3,200x246,no,unknown,unknown
mita_vashisht,Mita Vashisht,actors,unknown,unknown,datasets/raw\actors\mita_vashisht\1b9f5ed265.jpg,1,high,711.8,183x275,yes,unknown,unknown
mita_vashisht,Mita Vashisht,actors,unknown,unknown,datasets/raw\actors\mita_vashisht\299d10a25e.jpg,0,low,1276.5,181x279,no,unknown,unknown
mita_vashisht,Mita Vashisht,actors,unknown,unknown,datasets/raw\actors\mita_vashisht\34de01e1ab.jpg,1,high,550.9,278x182,yes,unknown,unknown
mita_vashisht,Mita Vashisht,actors,unknown,unknown,datasets/raw\actors\mita_vashisht\3e559bb30e.jpg,0,low,527.4,350x400,no,unknown,unknown
mita_vashisht,Mita Vashisht,actors,unknown,unknown,datasets/raw\actors\mita_vashisht\407af61bb0.jpg,1,high,680.3,149x320,yes,unknown,unknown
mita_vashisht,Mita Vashisht,actors,unknown,unknown,datasets/raw\actors\mita_vashisht\4cbef2181c.jpg,0,low,227.4,660x1112,no,unknown,unknown
mita_vashisht,Mita Vashisht,actors,unknown,unknown,datasets/raw\actors\mita_vashisht\57da12a66a.jpg,1,high,1067.9,290x174,yes,unknown,unknown
mita_vashisht,Mita Vashisht,actors,unknown,unknown,datasets/raw\actors\mita_vashisht\5d6197495d.jpg,0,low,1802.7,149x339,no,unknown,unknown
mita_vashisht,Mita Vashisht,actors,unknown,unknown,datasets/raw\actors\mita_vashisht\5eac6f55e0.jpg,1,high,476.4,600x902,yes,unknown,unknown
mita_vashisht,Mita Vashisht,actors,unknown,unknown,datasets/raw\actors\mita_vashisht\667c5c617b.jpg,0,low,870.2,184x274,no,unknown,unknown
mita_vashisht,Mita Vashisht,actors,unknown,unknown,datasets/raw\actors\mita_vashisht\6e49b5262c.jpg,1,high,538.6,612x421,yes,unknown,unknown
mita_vashisht,Mita Vashisht,actors,unknown,unknown,datasets/raw\actors\mita_vashisht\6ebf6980ba.jpg,1,high,2043.2,183x276,yes,unknown,unknown
mita_vashisht,Mita Vashisht,actors,unknown,unknown,datasets/raw\actors\mita_vashisht\7f1bbedaab.jpg,0,low,1233.3,503x478,no,unknown,unknown
mita_vashisht,Mita Vashisht,actors,unknown,unknown,datasets/raw\actors\mita_vashisht\861bb15eb6.jpg,1,high,2498.5,183x275,yes,unknown,unknown
mita_vashisht,Mita Vashisht,actors,unknown,unknown,datasets/raw\actors\mita_vashisht\8f9d0c9eee.jpg,1,high,1159.8,204x204,yes,unknown,unknown
mita_vashisht,Mita Vashisht,actors,unknown,unknown,datasets/raw\actors\mita_vashisht\ff43f59e67.jpg,0,low,183.1,217x232,no,unknown,unknown
mithun_chakraborty,Mithun Chakraborty,actors,unknown,unknown,datasets/raw\actors\mithun_chakraborty\00e1636f97.jpg,1,high,133.0,1200x800,yes,unknown,unknown
mithun_chakraborty,Mithun Chakraborty,actors,unknown,unknown,datasets/raw\actors\mithun_chakraborty\04b8bd7402.jpg,1,high,2265.4,251x201,yes,unknown,unknown
mithun_chakraborty,Mithun Chakraborty,actors,unknown,unknown,datasets/raw\actors\mithun_chakraborty\0a74dd9faf.jpg,0,low,174.2,758x433,no,unknown,unknown
mithun_chakraborty,Mithun Chakraborty,actors,unknown,unknown,datasets/raw\actors\mithun_chakraborty\133ffdfbf6.jpg,1,high,399.1,275x183,yes,unknown,unknown
mithun_chakraborty,Mithun Chakraborty,actors,unknown,unknown,datasets/raw\actors\mithun_chakraborty\18ad859f64.jpg,1,high,103.5,299x168,yes,unknown,unknown
mithun_chakraborty,Mithun Chakraborty,actors,unknown,unknown,datasets/raw\actors\mithun_chakraborty\1967aeabb4.jpg,1,medium,53.4,1000x600,yes,unknown,unknown
mithun_chakraborty,Mithun Chakraborty,actors,unknown,unknown,datasets/raw\actors\mithun_chakraborty\1cc51f05ae.jpg,1,high,1008.4,206x245,yes,unknown,unknown
mithun_chakraborty,Mithun Chakraborty,actors,unknown,unknown,datasets/raw\actors\mithun_chakraborty\1d5cfa539a.jpg,1,high,372.3,204x204,yes,unknown,unknown
mithun_chakraborty,Mithun Chakraborty,actors,unknown,unknown,datasets/raw\actors\mithun_chakraborty\2a6c977af4.jpg,1,medium,52.7,600x879,yes,unknown,unknown
mithun_chakraborty,Mithun Chakraborty,actors,unknown,unknown,datasets/raw\actors\mithun_chakraborty\2ef7b7b1e0.jpg,0,low,3576.7,770x433,no,unknown,unknown
mithun_chakraborty,Mithun Chakraborty,actors,unknown,unknown,datasets/raw\actors\mithun_chakraborty\395f85e9b4.jpg,1,high,529.3,299x168,yes,unknown,unknown
mithun_chakraborty,Mithun Chakraborty,actors,unknown,unknown,datasets/raw\actors\mithun_chakraborty\41c06c4b26.jpg,1,high,423.6,1280x720,yes,unknown,unknown
mithun_chakraborty,Mithun Chakraborty,actors,unknown,unknown,datasets/raw\actors\mithun_chakraborty\451b4a0605.jpg,0,low,601.1,770x433,no,unknown,unknown
mithun_chakraborty,Mithun Chakraborty,actors,unknown,unknown,datasets/raw\actors\mithun_chakraborty\49f405fcd3.jpg,1,high,731.2,620x450,yes,unknown,unknown
mithun_chakraborty,Mithun Chakraborty,actors,unknown,unknown,datasets/raw\actors\mithun_chakraborty\4a3a893fca.jpg,1,high,195.7,300x300,yes,unknown,unknown
mithun_chakraborty,Mithun Chakraborty,actors,unknown,unknown,datasets/raw\actors\mithun_chakraborty\4d2c7c2dba.jpg,1,high,617.4,284x177,yes,unknown,unknown
mithun_chakraborty,Mithun Chakraborty,actors,unknown,unknown,datasets/raw\actors\mithun_chakraborty\54b14bae70.jpg,0,low,390.7,245x206,no,unknown,unknown
mithun_chakraborty,Mithun Chakraborty,actors,unknown,unknown,datasets/raw\actors\mithun_chakraborty\68ec21063c.jpg,1,high,614.6,301x167,yes,unknown,unknown
mithun_chakraborty,Mithun Chakraborty,actors,unknown,unknown,datasets/raw\actors\mithun_chakraborty\717fa58e38.jpg,0,low,256.4,600x450,no,unknown,unknown
mithun_chakraborty,Mithun Chakraborty,actors,unknown,unknown,datasets/raw\actors\mithun_chakraborty\8d0be25972.jpg,1,high,582.4,506x652,yes,unknown,unknown
mithun_chakraborty,Mithun Chakraborty,actors,unknown,unknown,datasets/raw\actors\mithun_chakraborty\8e2e4c0d45.jpg,1,high,715.3,184x273,yes,unknown,unknown
mithun_chakraborty,Mithun Chakraborty,actors,unknown,unknown,datasets/raw\actors\mithun_chakraborty\905a536a81.jpg,0,low,757.4,262x192,no,unknown,unknown
mohanlal,Mohanlal,actors,unknown,unknown,datasets/raw\actors\mohanlal\030f7fc45b.jpg,1,high,1307.4,286x176,yes,unknown,unknown
mohanlal,Mohanlal,actors,unknown,unknown,datasets/raw\actors\mohanlal\084cf0b113.jpg,0,low,1259.5,273x185,no,unknown,unknown
mohanlal,Mohanlal,actors,unknown,unknown,datasets/raw\actors\mohanlal\0ff0ae081f.jpg,1,high,939.9,212x238,yes,unknown,unknown
mohanlal,Mohanlal,actors,unknown,unknown,datasets/raw\actors\mohanlal\10cd31fb7e.jpg,1,medium,46.6,630x1200,yes,unknown,unknown
mohanlal,Mohanlal,actors,unknown,unknown,datasets/raw\actors\mohanlal\16e7f54724.jpg,1,high,382.5,162x202,yes,unknown,unknown
mohanlal,Mohanlal,actors,unknown,unknown,datasets/raw\actors\mohanlal\183bf144d9.jpg,0,low,1189.1,294x171,no,unknown,unknown
mohanlal,Mohanlal,actors,unknown,unknown,datasets/raw\actors\mohanlal\1c1d94e7a9.jpg,1,high,321.0,583x450,yes,unknown,unknown
mohanlal,Mohanlal,actors,unknown,unknown,datasets/raw\actors\mohanlal\1c997684d3.jpg,1,high,2475.0,170x255,yes,unknown,unknown
mohanlal,Mohanlal,actors,unknown,unknown,datasets/raw\actors\mohanlal\245e5dae4e.jpg,0,low,2128.5,301x167,no,unknown,unknown
mohanlal,Mohanlal,actors,unknown,unknown,datasets/raw\actors\mohanlal\2b1ed55df3.jpg,1,high,139.8,275x183,yes,unknown,unknown
mohanlal,Mohanlal,actors,unknown,unknown,datasets/raw\actors\mohanlal\2cf5c9476e.jpg,0,low,1664.2,225x225,no,unknown,unknown
mohanlal,Mohanlal,actors,unknown,unknown,datasets/raw\actors\mohanlal\31ef7f4a8e.jpg,1,high,437.6,1200x900,yes,unknown,unknown
mohanlal,Mohanlal,actors,unknown,unknown,datasets/raw\actors\mohanlal\3b58497b66.jpg,1,high,1321.4,286x176,yes,unknown,unknown
mohanlal,Mohanlal,actors,unknown,unknown,datasets/raw\actors\mohanlal\4d14224a1d.jpg,1,medium,43.1,894x586,yes,unknown,unknown
mohanlal,Mohanlal,actors,unknown,unknown,datasets/raw\actors\mohanlal\5d3c7d35c4.jpg,0,low,342.9,630x357,no,unknown,unknown
mohanlal,Mohanlal,actors,unknown,unknown,datasets/raw\actors\mohanlal\5d9923644f.jpg,1,medium,80.3,750x422,yes,unknown,unknown
mohanlal,Mohanlal,actors,unknown,unknown,datasets/raw\actors\mohanlal\5ff97dd4cd.jpg,1,high,1154.4,259x194,yes,unknown,unknown
mohanlal,Mohanlal,actors,unknown,unknown,datasets/raw\actors\mohanlal\68fe06f2d5.jpg,1,high,383.5,275x183,yes,unknown,unknown
mohanlal,Mohanlal,actors,unknown,unknown,datasets/raw\actors\mohanlal\6b853da96c.jpg,1,high,246.6,284x177,yes,unknown,unknown
mohanlal,Mohanlal,actors,unknown,unknown,datasets/raw\actors\mohanlal\6f3d9f39dc.jpg,0,low,1679.3,600x338,no,unknown,unknown
mohanlal,Mohanlal,actors,unknown,unknown,datasets/raw\actors\mohanlal\75ca0b4041.jpg,1,high,1982.6,275x183,yes,unknown,unknown
mohanlal,Mohanlal,actors,unknown,unknown,datasets/raw\actors\mohanlal\7a43b83740.jpg,1,high,156.9,759x422,yes,unknown,unknown
mohanlal,Mohanlal,actors,unknown,unknown,datasets/raw\actors\mohanlal\7d4568a935.jpg,1,high,350.9,300x168,yes,unknown,unknown
mohanlal,Mohanlal,actors,unknown,unknown,datasets/raw\actors\mohanlal\82da70ca47.jpg,1,high,2226.5,275x183,yes,unknown,unknown
mohanlal,Mohanlal,actors,unknown,unknown,datasets/raw\actors\mohanlal\9a3bd72085.jpg,1,high,190.2,1280x720,yes,unknown,unknown
mohnish_bahl,Mohnish Bahl,actors,unknown,unknown,datasets/raw\actors\mohnish_bahl\0daeabc741.jpg,1,high,1427.7,277x182,yes,unknown,unknown
mohnish_bahl,Mohnish Bahl,actors,unknown,unknown,datasets/raw\actors\mohnish_bahl\188e7bdf4b.jpg,1,medium,67.5,800x600,yes,unknown,unknown
mohnish_bahl,Mohnish Bahl,actors,unknown,unknown,datasets/raw\actors\mohnish_bahl\1992d59cd1.jpg,0,low,1846.3,1280x720,no,unknown,unknown
mohnish_bahl,Mohnish Bahl,actors,unknown,unknown,datasets/raw\actors\mohnish_bahl\239b7aae87.jpg,1,high,1330.2,311x162,yes,unknown,unknown
mohnish_bahl,Mohnish Bahl,actors,unknown,unknown,datasets/raw\actors\mohnish_bahl\2ae643f64d.jpg,0,low,4413.6,262x193,no,unknown,unknown
mohnish_bahl,Mohnish Bahl,actors,unknown,unknown,datasets/raw\actors\mohnish_bahl\47d96cbc9c.jpg,1,high,4296.0,259x194,yes,unknown,unknown
mohnish_bahl,Mohnish Bahl,actors,unknown,unknown,datasets/raw\actors\mohnish_bahl\5bb64903b0.jpg,0,low,67.0,630x450,no,unknown,unknown
mohnish_bahl,Mohnish Bahl,actors,unknown,unknown,datasets/raw\actors\mohnish_bahl\61ef3ac826.jpg,1,high,122.5,517x476,yes,unknown,unknown
mohnish_bahl,Mohnish Bahl,actors,unknown,unknown,datasets/raw\actors\mohnish_bahl\6b112dbcc3.jpg,0,low,607.5,194x259,no,unknown,unknown
mohnish_bahl,Mohnish Bahl,actors,unknown,unknown,datasets/raw\actors\mohnish_bahl\81a21b6981.jpg,1,high,334.1,585x877,yes,unknown,unknown
mohnish_bahl,Mohnish Bahl,actors,unknown,unknown,datasets/raw\actors\mohnish_bahl\90b9d1dd57.jpg,1,high,1257.9,179x282,yes,unknown,unknown
mohnish_bahl,Mohnish Bahl,actors,unknown,unknown,datasets/raw\actors\mohnish_bahl\9a8a6c8b90.jpg,0,low,59.6,600x338,no,unknown,unknown
mohnish_bahl,Mohnish Bahl,actors,unknown,unknown,datasets/raw\actors\mohnish_bahl\b3117568c1.jpg,1,high,343.1,204x204,yes,unknown,unknown
mohnish_bahl,Mohnish Bahl,actors,unknown,unknown,datasets/raw\actors\mohnish_bahl\bbeb48ff71.jpg,1,high,265.3,179x281,yes,unknown,unknown
mohnish_bahl,Mohnish Bahl,actors,unknown,unknown,datasets/raw\actors\mohnish_bahl\cb3686f2a1.jpg,0,low,1173.4,1280x720,no,unknown,unknown
mohnish_bahl,Mohnish Bahl,actors,unknown,unknown,datasets/raw\actors\mohnish_bahl\d25c1e3af4.jpg,1,high,441.7,680x354,yes,unknown,unknown
mohnish_bahl,Mohnish Bahl,actors,unknown,unknown,datasets/raw\actors\mohnish_bahl\e5b41eeaf1.jpg,1,high,535.4,201x251,yes,unknown,unknown
mohnish_bahl,Mohnish Bahl,actors,unknown,unknown,datasets/raw\actors\mohnish_bahl\f884be6dd4.jpg,0,low,557.5,322x157,no,unknown,unknown
mukesh_khanna,Mukesh Khanna,actors,unknown,unknown,datasets/raw\actors\mukesh_khanna\00b170622b.jpg,1,high,201.8,600x900,yes,unknown,unknown
mukesh_khanna,Mukesh Khanna,actors,unknown,unknown,datasets/raw\actors\mukesh_khanna\09322e0b4f.jpg,0,low,649.8,300x168,no,unknown,unknown
mukesh_khanna,Mukesh Khanna,actors,unknown,unknown,datasets/raw\actors\mukesh_khanna\11c79aa4fe.jpg,1,high,417.9,275x183,yes,unknown,unknown
mukesh_khanna,Mukesh Khanna,actors,unknown,unknown,datasets/raw\actors\mukesh_khanna\1b9b1d8ba9.jpg,1,high,600.8,160x200,yes,unknown,unknown
mukesh_khanna,Mukesh Khanna,actors,unknown,unknown,datasets/raw\actors\mukesh_khanna\1f76c43830.jpg,0,low,1133.3,275x183,no,unknown,unknown
mukesh_khanna,Mukesh Khanna,actors,unknown,unknown,datasets/raw\actors\mukesh_khanna\1fd51adc9c.jpg,1,high,822.7,400x400,yes,unknown,unknown
mukesh_khanna,Mukesh Khanna,actors,unknown,unknown,datasets/raw\actors\mukesh_khanna\406d491d86.jpg,0,low,367.1,259x194,no,unknown,unknown
mukesh_khanna,Mukesh Khanna,actors,unknown,unknown,datasets/raw\actors\mukesh_khanna\4348571d06.jpg,1,high,790.9,300x168,yes,unknown,unknown
mukesh_khanna,Mukesh Khanna,actors,unknown,unknown,datasets/raw\actors\mukesh_khanna\49b5c5a2bb.jpg,1,high,421.0,800x500,yes,unknown,unknown
mukesh_khanna,Mukesh Khanna,actors,unknown,unknown,datasets/raw\actors\mukesh_khanna\5115a37dd3.jpg,0,low,2089.5,259x194,no,unknown,unknown
mukesh_khanna,Mukesh Khanna,actors,unknown,unknown,datasets/raw\actors\mukesh_khanna\5a09ab1835.jpg,1,high,117.3,1216x1500,yes,unknown,unknown
mukesh_khanna,Mukesh Khanna,actors,unknown,unknown,datasets/raw\actors\mukesh_khanna\638c2ec81b.jpg,0,low,44.1,1200x900,no,unknown,unknown
mukesh_khanna,Mukesh Khanna,actors,unknown,unknown,datasets/raw\actors\mukesh_khanna\645d3f8d13.jpg,1,medium,88.5,620x450,yes,unknown,unknown
mukesh_khanna,Mukesh Khanna,actors,unknown,unknown,datasets/raw\actors\mukesh_khanna\71774f0615.jpg,0,low,415.4,259x194,no,unknown,unknown
mukesh_khanna,Mukesh Khanna,actors,unknown,unknown,datasets/raw\actors\mukesh_khanna\7e94f2b4d9.jpg,1,high,1979.4,232x300,yes,unknown,unknown
mukesh_khanna,Mukesh Khanna,actors,unknown,unknown,datasets/raw\actors\mukesh_khanna\8b603afb00.jpg,0,low,200.5,454x322,no,unknown,unknown
mukesh_khanna,Mukesh Khanna,actors,unknown,unknown,datasets/raw\actors\mukesh_khanna\8d2f2864a6.jpg,1,high,1274.0,204x204,yes,unknown,unknown
mukesh_khanna,Mukesh Khanna,actors,unknown,unknown,datasets/raw\actors\mukesh_khanna\94a9dd1343.jpg,0,low,2822.4,239x211,no,unknown,unknown
mukesh_khanna,Mukesh Khanna,actors,unknown,unknown,datasets/raw\actors\mukesh_khanna\a52d50c04c.jpg,1,high,1826.8,400x300,yes,unknown,unknown
mukesh_khanna,Mukesh Khanna,actors,unknown,unknown,datasets/raw\actors\mukesh_khanna\a75fe97f56.jpg,1,high,731.3,186x271,yes,unknown,unknown
mukesh_khanna,Mukesh Khanna,actors,unknown,unknown,datasets/raw\actors\mukesh_khanna\f4533418d1.jpg,0,low,351.5,300x168,no,unknown,unknown
mukesh_khanna,Mukesh Khanna,actors,unknown,unknown,datasets/raw\actors\mukesh_khanna\f67981d054.jpg,1,high,202.5,674x600,yes,unknown,unknown
mukesh_khanna,Mukesh Khanna,actors,unknown,unknown,datasets/raw\actors\mukesh_khanna\fabd4fb77f.jpg,1,high,753.4,650x400,yes,unknown,unknown
mukul_dev,Mukul Dev,actors,unknown,unknown,datasets/raw\actors\mukul_dev\046caea9db.jpg,1,high,376.9,279x181,yes,unknown,unknown
mukul_dev,Mukul Dev,actors,unknown,unknown,datasets/raw\actors\mukul_dev\0c215c6d58.jpg,0,low,7614.4,164x307,no,unknown,unknown
mukul_dev,Mukul Dev,actors,unknown,unknown,datasets/raw\actors\mukul_dev\17db7e3f4b.jpg,1,high,346.6,259x194,yes,unknown,unknown
mukul_dev,Mukul Dev,actors,unknown,unknown,datasets/raw\actors\mukul_dev\1a95d5dd0b.jpg,1,high,1533.2,500x733,yes,unknown,unknown
mukul_dev,Mukul Dev,actors,unknown,unknown,datasets/raw\actors\mukul_dev\1b4756a8e5.jpg,1,high,1433.7,185x272,yes,unknown,unknown
mukul_dev,Mukul Dev,actors,unknown,unknown,datasets/raw\actors\mukul_dev\1bad567335.jpg,1,high,506.0,660x987,yes,unknown,unknown
mukul_dev,Mukul Dev,actors,unknown,unknown,datasets/raw\actors\mukul_dev\2a45f6b112.jpg,1,high,1014.7,259x194,yes,unknown,unknown
mukul_dev,Mukul Dev,actors,unknown,unknown,datasets/raw\actors\mukul_dev\2bfbedff8a.jpg,1,high,1804.9,200x200,yes,unknown,unknown
mukul_dev,Mukul Dev,actors,unknown,unknown,datasets/raw\actors\mukul_dev\354a828416.jpg,0,low,149.4,630x354,no,unknown,unknown
mukul_dev,Mukul Dev,actors,unknown,unknown,datasets/raw\actors\mukul_dev\3d4aea02e6.jpg,1,high,1606.2,186x271,yes,unknown,unknown
mukul_dev,Mukul Dev,actors,unknown,unknown,datasets/raw\actors\mukul_dev\4e1ff80237.jpg,0,low,260.1,1200x627,no,unknown,unknown
mukul_dev,Mukul Dev,actors,unknown,unknown,datasets/raw\actors\mukul_dev\5674d60503.jpg,1,high,856.0,300x168,yes,unknown,unknown
mukul_dev,Mukul Dev,actors,unknown,unknown,datasets/raw\actors\mukul_dev\589a685c78.jpg,1,high,306.4,225x225,yes,unknown,unknown
mukul_dev,Mukul Dev,actors,unknown,unknown,datasets/raw\actors\mukul_dev\59a1ba2a8f.jpg,1,high,497.9,218x232,yes,unknown,unknown
mukul_dev,Mukul Dev,actors,unknown,unknown,datasets/raw\actors\mukul_dev\5cd2dcf6db.jpg,0,low,90.4,1500x1110,no,unknown,unknown
mukul_dev,Mukul Dev,actors,unknown,unknown,datasets/raw\actors\mukul_dev\6c43994777.jpg,1,high,408.0,411x519,yes,unknown,unknown
mukul_dev,Mukul Dev,actors,unknown,unknown,datasets/raw\actors\mukul_dev\6e9d2bf97b.jpg,0,low,1084.3,209x241,no,unknown,unknown
mukul_dev,Mukul Dev,actors,unknown,unknown,datasets/raw\actors\mukul_dev\78766b2071.jpg,1,high,556.9,660x346,yes,unknown,unknown
mukul_dev,Mukul Dev,actors,unknown,unknown,datasets/raw\actors\mukul_dev\7ef9494f40.jpg,1,high,172.3,301x167,yes,unknown,unknown
mukul_dev,Mukul Dev,actors,unknown,unknown,datasets/raw\actors\mukul_dev\89334cac48.jpg,1,medium,58.4,611x491,yes,unknown,unknown
mukul_dev,Mukul Dev,actors,unknown,unknown,datasets/raw\actors\mukul_dev\8c2a5aaaf0.jpg,1,high,1181.2,168x300,yes,unknown,unknown
mukul_dev,Mukul Dev,actors,unknown,unknown,datasets/raw\actors\mukul_dev\92305ee320.jpg,0,low,1130.5,200x300,no,unknown,unknown
mukul_dev,Mukul Dev,actors,unknown,unknown,datasets/raw\actors\mukul_dev\9c879abec1.jpg,1,high,279.3,1280x720,yes,unknown,unknown
mukul_dev,Mukul Dev,actors,unknown,unknown,datasets/raw\actors\mukul_dev\9dd483eed8.jpg,0,low,1851.1,1280x720,no,unknown,unknown
nagarjuna_akkineni,Nagarjuna Akkineni,actors,unknown,unknown,datasets/raw\actors\nagarjuna_akkineni\0a11766474.jpg,1,high,512.3,183x275,yes,unknown,unknown
nagarjuna_akkineni,Nagarjuna Akkineni,actors,unknown,unknown,datasets/raw\actors\nagarjuna_akkineni\0d3ef6d27a.jpg,1,high,433.9,220x211,yes,unknown,unknown
nagarjuna_akkineni,Nagarjuna Akkineni,actors,unknown,unknown,datasets/raw\actors\nagarjuna_akkineni\14b25cc0d1.jpg,1,high,429.6,284x177,yes,unknown,unknown
nagarjuna_akkineni,Nagarjuna Akkineni,actors,unknown,unknown,datasets/raw\actors\nagarjuna_akkineni\1550f10789.jpg,1,high,395.7,258x195,yes,unknown,unknown
nagarjuna_akkineni,Nagarjuna Akkineni,actors,unknown,unknown,datasets/raw\actors\nagarjuna_akkineni\1d1e1d5ff7.jpg,0,low,361.9,815x562,no,unknown,unknown
nagarjuna_akkineni,Nagarjuna Akkineni,actors,unknown,unknown,datasets/raw\actors\nagarjuna_akkineni\1ffb7df113.jpg,1,high,119.3,299x168,yes,unknown,unknown
nagarjuna_akkineni,Nagarjuna Akkineni,actors,unknown,unknown,datasets/raw\actors\nagarjuna_akkineni\287bc2ff0f.jpg,0,low,1055.0,1024x1572,no,unknown,unknown
nagarjuna_akkineni,Nagarjuna Akkineni,actors,unknown,unknown,datasets/raw\actors\nagarjuna_akkineni\3347554242.jpg,1,high,2757.4,206x245,yes,unknown,unknown
nagarjuna_akkineni,Nagarjuna Akkineni,actors,unknown,unknown,datasets/raw\actors\nagarjuna_akkineni\3a58d8e6af.jpg,0,low,242.8,920x518,no,unknown,unknown
nagarjuna_akkineni,Nagarjuna Akkineni,actors,unknown,unknown,datasets/raw\actors\nagarjuna_akkineni\46152a7294.jpg,1,medium,82.7,600x600,yes,unknown,unknown
nagarjuna_akkineni,Nagarjuna Akkineni,actors,unknown,unknown,datasets/raw\actors\nagarjuna_akkineni\5244d74615.jpg,0,low,2255.0,275x183,no,unknown,unknown
nagarjuna_akkineni,Nagarjuna Akkineni,actors,unknown,unknown,datasets/raw\actors\nagarjuna_akkineni\57b89f16de.jpg,1,high,591.7,196x257,yes,unknown,unknown
nagarjuna_akkineni,Nagarjuna Akkineni,actors,unknown,unknown,datasets/raw\actors\nagarjuna_akkineni\5c577042bb.jpg,0,low,326.4,750x450,no,unknown,unknown
nagarjuna_akkineni,Nagarjuna Akkineni,actors,unknown,unknown,datasets/raw\actors\nagarjuna_akkineni\63dca71f24.jpg,1,high,816.6,297x170,yes,unknown,unknown
nagarjuna_akkineni,Nagarjuna Akkineni,actors,unknown,unknown,datasets/raw\actors\nagarjuna_akkineni\65c64c0646.jpg,0,low,1120.0,190x266,no,unknown,unknown
nagarjuna_akkineni,Nagarjuna Akkineni,actors,unknown,unknown,datasets/raw\actors\nagarjuna_akkineni\724779a5fc.jpg,1,high,696.6,220x275,yes,unknown,unknown
nagarjuna_akkineni,Nagarjuna Akkineni,actors,unknown,unknown,datasets/raw\actors\nagarjuna_akkineni\7c532facac.jpg,1,high,1289.9,600x400,yes,unknown,unknown
nagarjuna_akkineni,Nagarjuna Akkineni,actors,unknown,unknown,datasets/raw\actors\nagarjuna_akkineni\82fcd0c5ce.jpg,1,medium,51.9,1280x720,yes,unknown,unknown
nagarjuna_akkineni,Nagarjuna Akkineni,actors,unknown,unknown,datasets/raw\actors\nagarjuna_akkineni\8982db4a1f.jpg,1,high,2478.6,200x200,yes,unknown,unknown
nagarjuna_akkineni,Nagarjuna Akkineni,actors,unknown,unknown,datasets/raw\actors\nagarjuna_akkineni\8d308fd712.jpg,0,low,907.7,271x186,no,unknown,unknown
nagarjuna_akkineni,Nagarjuna Akkineni,actors,unknown,unknown,datasets/raw\actors\nagarjuna_akkineni\997e8ca84c.jpg,1,medium,60.5,1200x667,yes,unknown,unknown
nana_patekar,Nana Patekar,actors,unknown,unknown,datasets/raw\actors\nana_patekar\0a2717b374.jpg,1,high,278.5,602x339,yes,unknown,unknown
nana_patekar,Nana Patekar,actors,unknown,unknown,datasets/raw\actors\nana_patekar\0ce6f92773.jpg,1,high,2621.1,300x168,yes,unknown,unknown
nana_patekar,Nana Patekar,actors,unknown,unknown,datasets/raw\actors\nana_patekar\0fdfc886b8.jpg,1,high,953.7,650x400,yes,unknown,unknown
nana_patekar,Nana Patekar,actors,unknown,unknown,datasets/raw\actors\nana_patekar\16b38ca838.jpg,1,high,573.0,162x202,yes,unknown,unknown
nana_patekar,Nana Patekar,actors,unknown,unknown,datasets/raw\actors\nana_patekar\1a34e5a2af.jpg,0,low,709.2,1024x576,no,unknown,unknown
nana_patekar,Nana Patekar,actors,unknown,unknown,datasets/raw\actors\nana_patekar\21cfdd8998.jpg,1,high,414.0,1200x900,yes,unknown,unknown
nana_patekar,Nana Patekar,actors,unknown,unknown,datasets/raw\actors\nana_patekar\26d831aced.jpg,1,medium,92.7,1200x900,yes,unknown,unknown
nana_patekar,Nana Patekar,actors,unknown,unknown,datasets/raw\actors\nana_patekar\2a763df33c.jpg,0,low,3489.9,264x191,no,unknown,unknown
nana_patekar,Nana Patekar,actors,unknown,unknown,datasets/raw\actors\nana_patekar\2f947c9364.jpg,1,high,1550.6,270x300,yes,unknown,unknown
nana_patekar,Nana Patekar,actors,unknown,unknown,datasets/raw\actors\nana_patekar\3cc10e44c2.jpg,0,low,1443.0,264x191,no,unknown,unknown
nana_patekar,Nana Patekar,actors,unknown,unknown,datasets/raw\actors\nana_patekar\43dc183a0b.jpg,1,high,692.8,170x240,yes,unknown,unknown
nana_patekar,Nana Patekar,actors,unknown,unknown,datasets/raw\actors\nana_patekar\4b06fe8824.jpg,1,high,812.0,189x267,yes,unknown,unknown
nana_patekar,Nana Patekar,actors,unknown,unknown,datasets/raw\actors\nana_patekar\5ada42ca15.jpg,0,low,942.2,407x612,no,unknown,unknown
nana_patekar,Nana Patekar,actors,unknown,unknown,datasets/raw\actors\nana_patekar\63ac59447a.jpg,1,high,4782.4,630x1200,yes,unknown,unknown
nana_patekar,Nana Patekar,actors,unknown,unknown,datasets/raw\actors\nana_patekar\6ab8e2313c.jpg,0,low,2083.4,311x162,no,unknown,unknown
nana_patekar,Nana Patekar,actors,unknown,unknown,datasets/raw\actors\nana_patekar\6ddc49e5a5.jpg,1,high,3204.2,301x167,yes,unknown,unknown
nana_patekar,Nana Patekar,actors,unknown,unknown,datasets/raw\actors\nana_patekar\6ffcca0a4b.jpg,1,high,188.4,275x183,yes,unknown,unknown
nana_patekar,Nana Patekar,actors,unknown,unknown,datasets/raw\actors\nana_patekar\75ce17f75f.jpg,1,high,3489.3,186x271,yes,unknown,unknown
nana_patekar,Nana Patekar,actors,unknown,unknown,datasets/raw\actors\nana_patekar\80b67aa3fd.jpg,0,low,202.3,749x506,no,unknown,unknown
nana_patekar,Nana Patekar,actors,unknown,unknown,datasets/raw\actors\nana_patekar\83ced02e82.jpg,1,high,1260.6,300x168,yes,unknown,unknown
nana_patekar,Nana Patekar,actors,unknown,unknown,datasets/raw\actors\nana_patekar\8acfeccec9.jpg,0,low,132.3,926x517,no,unknown,unknown
nana_patekar,Nana Patekar,actors,unknown,unknown,datasets/raw\actors\nana_patekar\91b9a6111e.jpg,1,high,793.4,271x186,yes,unknown,unknown
nana_patekar,Nana Patekar,actors,unknown,unknown,datasets/raw\actors\nana_patekar\9d2b7cef5d.jpg,1,high,184.8,292x173,yes,unknown,unknown
nandita_das,Nandita Das,actors,unknown,unknown,datasets/raw\actors\nandita_das\075d0ea4e6.jpg,0,low,48.0,1280x720,no,unknown,unknown
nandita_das,Nandita Das,actors,unknown,unknown,datasets/raw\actors\nandita_das\09d873bef9.jpg,1,medium,98.5,3008x2000,yes,unknown,unknown
nandita_das,Nandita Das,actors,unknown,unknown,datasets/raw\actors\nandita_das\0c71fb1e41.jpg,0,low,304.9,705x470,no,unknown,unknown
nandita_das,Nandita Das,actors,unknown,unknown,datasets/raw\actors\nandita_das\0de50a42c4.jpg,1,high,612.8,268x188,yes,unknown,unknown
nandita_das,Nandita Das,actors,unknown,unknown,datasets/raw\actors\nandita_das\19bf885a4d.jpg,0,low,1114.8,1280x720,no,unknown,unknown
nandita_das,Nandita Das,actors,unknown,unknown,datasets/raw\actors\nandita_das\1e5e18876c.jpg,1,high,868.4,734x1024,yes,unknown,unknown
nandita_das,Nandita Das,actors,unknown,unknown,datasets/raw\actors\nandita_das\22c9ec84c7.jpg,0,low,2743.5,272x185,no,unknown,unknown
nandita_das,Nandita Das,actors,unknown,unknown,datasets/raw\actors\nandita_das\2d995ae2e7.jpg,1,high,294.5,187x269,yes,unknown,unknown
nandita_das,Nandita Das,actors,unknown,unknown,datasets/raw\actors\nandita_das\2f3d152b02.jpg,0,low,80.0,759x422,no,unknown,unknown
nandita_das,Nandita Das,actors,unknown,unknown,datasets/raw\actors\nandita_das\30b40adc7a.jpg,1,high,1028.9,251x201,yes,unknown,unknown
nandita_das,Nandita Das,actors,unknown,unknown,datasets/raw\actors\nandita_das\36f1d018fb.jpg,1,high,342.3,225x225,yes,unknown,unknown
nandita_das,Nandita Das,actors,unknown,unknown,datasets/raw\actors\nandita_das\3ec9c9aea8.jpg,0,low,256.1,1500x1800,no,unknown,unknown
nandita_das,Nandita Das,actors,unknown,unknown,datasets/raw\actors\nandita_das\55de582d23.jpg,1,high,1644.0,222x227,yes,unknown,unknown
nandita_das,Nandita Das,actors,unknown,unknown,datasets/raw\actors\nandita_das\5b8d16324c.jpg,0,low,1440.6,183x275,no,unknown,unknown
nandita_das,Nandita Das,actors,unknown,unknown,datasets/raw\actors\nandita_das\64fdda4367.jpg,1,high,286.6,300x168,yes,unknown,unknown
nandita_das,Nandita Das,actors,unknown,unknown,datasets/raw\actors\nandita_das\6ca70ac0f2.jpg,0,low,178.8,518x760,no,unknown,unknown
nandita_das,Nandita Das,actors,unknown,unknown,datasets/raw\actors\nandita_das\70c00bd06c.jpg,1,high,450.3,184x274,yes,unknown,unknown
nandita_das,Nandita Das,actors,unknown,unknown,datasets/raw\actors\nandita_das\72de305d7e.jpg,0,low,161.9,644x362,no,unknown,unknown
nandita_das,Nandita Das,actors,unknown,unknown,datasets/raw\actors\nandita_das\7ef8d43689.jpg,1,high,757.6,259x194,yes,unknown,unknown
nandita_das,Nandita Das,actors,unknown,unknown,datasets/raw\actors\nandita_das\7f95b3f084.jpg,0,low,195.9,1200x675,no,unknown,unknown
nandita_das,Nandita Das,actors,unknown,unknown,datasets/raw\actors\nandita_das\8f29a79dc5.jpg,1,medium,71.7,534x356,yes,unknown,unknown
nandita_das,Nandita Das,actors,unknown,unknown,datasets/raw\actors\nandita_das\9dc3c7e058.jpg,1,high,363.5,264x191,yes,unknown,unknown
nandita_das,Nandita Das,actors,unknown,unknown,datasets/raw\actors\nandita_das\9e43ec381a.jpg,1,high,761.0,300x168,yes,unknown,unknown
nandita_das,Nandita Das,actors,unknown,unknown,datasets/raw\actors\nandita_das\9f426109da.jpg,1,high,177.2,800x572,yes,unknown,unknown
nargis,Nargis,actors,unknown,unknown,datasets/raw\actors\nargis\009aca33e0.jpg,1,high,289.7,360x499,yes,unknown,unknown
nargis,Nargis,actors,unknown,unknown,datasets/raw\actors\nargis\05c77a5ed0.jpg,0,low,281.8,1248x702,no,unknown,unknown
nargis,Nargis,actors,unknown,unknown,datasets/raw\actors\nargis\160f99e9af.jpg,1,high,2716.5,250x186,yes,unknown,unknown
nargis,Nargis,actors,unknown,unknown,datasets/raw\actors\nargis\1bf7ebfe43.jpg,1,high,816.4,271x186,yes,unknown,unknown
nargis,Nargis,actors,unknown,unknown,datasets/raw\actors\nargis\1c5323f530.jpg,1,high,1088.2,300x168,yes,unknown,unknown
nargis,Nargis,actors,unknown,unknown,datasets/raw\actors\nargis\1e9a176f1b.jpg,0,low,1186.4,301x167,no,unknown,unknown
nargis,Nargis,actors,unknown,unknown,datasets/raw\actors\nargis\268262af97.jpg,1,high,2195.3,300x168,yes,unknown,unknown
nargis,Nargis,actors,unknown,unknown,datasets/raw\actors\nargis\2ad919a315.jpg,0,low,340.6,600x380,no,unknown,unknown
nargis,Nargis,actors,unknown,unknown,datasets/raw\actors\nargis\339d375d2a.jpg,1,high,791.2,1280x720,yes,unknown,unknown
nargis,Nargis,actors,unknown,unknown,datasets/raw\actors\nargis\3409a63bd0.jpg,1,high,975.3,265x190,yes,unknown,unknown
nargis,Nargis,actors,unknown,unknown,datasets/raw\actors\nargis\36782357a4.jpg,1,high,4707.5,190x265,yes,unknown,unknown
nargis,Nargis,actors,unknown,unknown,datasets/raw\actors\nargis\4a4136d72e.jpg,0,low,71.3,1000x750,no,unknown,unknown
nargis,Nargis,actors,unknown,unknown,datasets/raw\actors\nargis\4e6dd431d9.jpg,1,high,422.9,275x183,yes,unknown,unknown
nargis,Nargis,actors,unknown,unknown,datasets/raw\actors\nargis\5001c382a7.jpg,1,high,856.2,259x194,yes,unknown,unknown
nargis,Nargis,actors,unknown,unknown,datasets/raw\actors\nargis\5d5982671f.jpg,0,low,1482.8,414x602,no,unknown,unknown
nargis,Nargis,actors,unknown,unknown,datasets/raw\actors\nargis\69eac3689b.jpg,1,high,3496.1,225x225,yes,unknown,unknown
nargis,Nargis,actors,unknown,unknown,datasets/raw\actors\nargis\74f6acbbf1.jpg,0,low,75.4,770x433,no,unknown,unknown
nargis,Nargis,actors,unknown,unknown,datasets/raw\actors\nargis\7df68edca9.jpg,1,high,7347.9,196x257,yes,unknown,unknown
nargis,Nargis,actors,unknown,unknown,datasets/raw\actors\nargis\8a4925c082.jpg,0,low,812.3,325x449,no,unknown,unknown
nargis,Nargis,actors,unknown,unknown,datasets/raw\actors\nargis\9d43c35b08.jpg,1,medium,41.4,630x1200,yes,unknown,unknown
nargis,Nargis,actors,unknown,unknown,datasets/raw\actors\nargis\a9afa268cf.jpg,0,low,2359.0,220x292,no,unknown,unknown
nargis,Nargis,actors,unknown,unknown,datasets/raw\actors\nargis\c56ad11a74.jpg,1,high,346.3,477x268,yes,unknown,unknown
naseeruddin_shah,Naseeruddin Shah,actors,unknown,unknown,datasets/raw\actors\naseeruddin_shah\019a8a4a81.jpg,1,high,1632.5,259x194,yes,unknown,unknown
naseeruddin_shah,Naseeruddin Shah,actors,unknown,unknown,datasets/raw\actors\naseeruddin_shah\01aeb9d408.jpg,1,high,318.4,300x300,yes,unknown,unknown
naseeruddin_shah,Naseeruddin Shah,actors,unknown,unknown,datasets/raw\actors\naseeruddin_shah\067c878c1b.jpg,0,low,48.6,1248x702,no,unknown,unknown
naseeruddin_shah,Naseeruddin Shah,actors,unknown,unknown,datasets/raw\actors\naseeruddin_shah\195f35b245.jpg,1,medium,49.7,696x391,yes,unknown,unknown
naseeruddin_shah,Naseeruddin Shah,actors,unknown,unknown,datasets/raw\actors\naseeruddin_shah\1eb74207dd.jpg,1,high,347.6,534x356,yes,unknown,unknown
naseeruddin_shah,Naseeruddin Shah,actors,unknown,unknown,datasets/raw\actors\naseeruddin_shah\2b0fefb40b.jpg,0,low,1321.9,263x191,no,unknown,unknown
naseeruddin_shah,Naseeruddin Shah,actors,unknown,unknown,datasets/raw\actors\naseeruddin_shah\3fc37b25ee.jpg,1,high,141.1,696x387,yes,unknown,unknown
naseeruddin_shah,Naseeruddin Shah,actors,unknown,unknown,datasets/raw\actors\naseeruddin_shah\4b1adb6719.jpg,1,high,1223.6,720x540,yes,unknown,unknown
naseeruddin_shah,Naseeruddin Shah,actors,unknown,unknown,datasets/raw\actors\naseeruddin_shah\4bcb404a66.jpg,0,low,1114.6,275x183,no,unknown,unknown
naseeruddin_shah,Naseeruddin Shah,actors,unknown,unknown,datasets/raw\actors\naseeruddin_shah\4f4ff395de.jpg,1,high,1399.8,297x170,yes,unknown,unknown
naseeruddin_shah,Naseeruddin Shah,actors,unknown,unknown,datasets/raw\actors\naseeruddin_shah\4f70e2080a.jpg,1,high,179.6,647x404,yes,unknown,unknown
naseeruddin_shah,Naseeruddin Shah,actors,unknown,unknown,datasets/raw\actors\naseeruddin_shah\53ade610ac.jpg,0,low,966.1,620x450,no,unknown,unknown
naseeruddin_shah,Naseeruddin Shah,actors,unknown,unknown,datasets/raw\actors\naseeruddin_shah\59e8fa1ccb.jpg,1,medium,88.7,750x563,yes,unknown,unknown
naseeruddin_shah,Naseeruddin Shah,actors,unknown,unknown,datasets/raw\actors\naseeruddin_shah\59f44d291b.jpg,1,high,1072.5,596x433,yes,unknown,unknown
naseeruddin_shah,Naseeruddin Shah,actors,unknown,unknown,datasets/raw\actors\naseeruddin_shah\6c8fef32e3.jpg,0,low,627.5,866x1390,no,unknown,unknown
naseeruddin_shah,Naseeruddin Shah,actors,unknown,unknown,datasets/raw\actors\naseeruddin_shah\74c8384666.jpg,1,high,752.4,310x163,yes,unknown,unknown
naseeruddin_shah,Naseeruddin Shah,actors,unknown,unknown,datasets/raw\actors\naseeruddin_shah\7bed7f7b1d.jpg,1,high,262.6,1200x675,yes,unknown,unknown
naseeruddin_shah,Naseeruddin Shah,actors,unknown,unknown,datasets/raw\actors\naseeruddin_shah\7d10321aed.jpg,0,low,391.6,470x262,no,unknown,unknown
naseeruddin_shah,Naseeruddin Shah,actors,unknown,unknown,datasets/raw\actors\naseeruddin_shah\8cbabbb4e4.jpg,1,high,3204.5,216x233,yes,unknown,unknown
naseeruddin_shah,Naseeruddin Shah,actors,unknown,unknown,datasets/raw\actors\naseeruddin_shah\8da4a27887.jpg,1,high,3605.5,243x208,yes,unknown,unknown
naseeruddin_shah,Naseeruddin Shah,actors,unknown,unknown,datasets/raw\actors\naseeruddin_shah\91fee4318e.jpg,0,low,158.3,300x168,no,unknown,unknown
naseeruddin_shah,Naseeruddin Shah,actors,unknown,unknown,datasets/raw\actors\naseeruddin_shah\92b2610574.jpg,1,high,367.8,500x300,yes,unknown,unknown
naseeruddin_shah,Naseeruddin Shah,actors,unknown,unknown,datasets/raw\actors\naseeruddin_shah\9b0a5d36b9.jpg,1,high,450.0,824x728,yes,unknown,unknown
navin_nischol,Navin Nischol,actors,unknown,unknown,datasets/raw\actors\navin_nischol\014e112bd8.jpg,0,low,2135.8,185x234,no,unknown,unknown
navin_nischol,Navin Nischol,actors,unknown,unknown,datasets/raw\actors\navin_nischol\0baecd2439.jpg,1,high,1374.6,204x204,yes,unknown,unknown
navin_nischol,Navin Nischol,actors,unknown,unknown,datasets/raw\actors\navin_nischol\0cdfd7b46f.jpg,1,medium,43.0,630x1200,yes,unknown,unknown
navin_nischol,Navin Nischol,actors,unknown,unknown,datasets/raw\actors\navin_nischol\1502c12a30.jpg,0,low,3165.4,225x225,no,unknown,unknown
navin_nischol,Navin Nischol,actors,unknown,unknown,datasets/raw\actors\navin_nischol\1c464a8d92.jpg,1,high,5171.6,500x630,yes,unknown,unknown
navin_nischol,Navin Nischol,actors,unknown,unknown,datasets/raw\actors\navin_nischol\1dfe9a2580.jpg,1,high,176.1,225x225,yes,unknown,unknown
navin_nischol,Navin Nischol,actors,unknown,unknown,datasets/raw\actors\navin_nischol\20d761b483.jpg,1,high,271.1,480x360,yes,unknown,unknown
navin_nischol,Navin Nischol,actors,unknown,unknown,datasets/raw\actors\navin_nischol\2c264fd364.jpg,1,high,153.7,248x178,yes,unknown,unknown
navin_nischol,Navin Nischol,actors,unknown,unknown,datasets/raw\actors\navin_nischol\3b3206378b.jpg,0,low,6788.1,320x180,no,unknown,unknown
navin_nischol,Navin Nischol,actors,unknown,unknown,datasets/raw\actors\navin_nischol\3b7a473782.jpg,1,high,757.6,192x263,yes,unknown,unknown
navin_nischol,Navin Nischol,actors,unknown,unknown,datasets/raw\actors\navin_nischol\3c85ec3e18.jpg,0,low,177.6,473x500,no,unknown,unknown
navin_nischol,Navin Nischol,actors,unknown,unknown,datasets/raw\actors\navin_nischol\3f77c23c28.jpg,1,high,2789.6,168x94,yes,unknown,unknown
navin_nischol,Navin Nischol,actors,unknown,unknown,datasets/raw\actors\navin_nischol\4290a00b79.jpg,1,high,302.9,170x240,yes,unknown,unknown
navin_nischol,Navin Nischol,actors,unknown,unknown,datasets/raw\actors\navin_nischol\5698dcaf7e.jpg,0,low,438.1,256x197,no,unknown,unknown
navin_nischol,Navin Nischol,actors,unknown,unknown,datasets/raw\actors\navin_nischol\6cbbf453b9.jpg,1,high,332.7,300x168,yes,unknown,unknown
navin_nischol,Navin Nischol,actors,unknown,unknown,datasets/raw\actors\navin_nischol\83bbd98c3e.jpg,0,low,922.6,244x206,no,unknown,unknown
navin_nischol,Navin Nischol,actors,unknown,unknown,datasets/raw\actors\navin_nischol\904d6c3e21.jpg,1,high,3777.1,259x194,yes,unknown,unknown
navin_nischol,Navin Nischol,actors,unknown,unknown,datasets/raw\actors\navin_nischol\9dc006a84b.jpg,0,low,139.2,462x616,no,unknown,unknown
navin_nischol,Navin Nischol,actors,unknown,unknown,datasets/raw\actors\navin_nischol\a82386b064.jpg,1,high,247.6,223x226,yes,unknown,unknown
navin_nischol,Navin Nischol,actors,unknown,unknown,datasets/raw\actors\navin_nischol\fd707d3d34.jpg,1,medium,84.3,400x400,yes,unknown,unknown
nawazuddin_siddiqui,Nawazuddin Siddiqui,actors,unknown,unknown,datasets/raw\actors\nawazuddin_siddiqui\01ab12bc37.jpg,0,low,553.2,299x169,no,unknown,unknown
nawazuddin_siddiqui,Nawazuddin Siddiqui,actors,unknown,unknown,datasets/raw\actors\nawazuddin_siddiqui\0a4be094dd.jpg,1,high,1097.5,224x354,yes,unknown,unknown
nawazuddin_siddiqui,Nawazuddin Siddiqui,actors,unknown,unknown,datasets/raw\actors\nawazuddin_siddiqui\196fcb1d45.jpg,0,low,1306.3,600x780,no,unknown,unknown
nawazuddin_siddiqui,Nawazuddin Siddiqui,actors,unknown,unknown,datasets/raw\actors\nawazuddin_siddiqui\1aa521adf7.jpg,1,high,784.8,650x400,yes,unknown,unknown
nawazuddin_siddiqui,Nawazuddin Siddiqui,actors,unknown,unknown,datasets/raw\actors\nawazuddin_siddiqui\21b2f52188.jpg,1,high,511.2,299x169,yes,unknown,unknown
nawazuddin_siddiqui,Nawazuddin Siddiqui,actors,unknown,unknown,datasets/raw\actors\nawazuddin_siddiqui\21c7d1d4bb.jpg,1,high,1253.8,264x191,yes,unknown,unknown
nawazuddin_siddiqui,Nawazuddin Siddiqui,actors,unknown,unknown,datasets/raw\actors\nawazuddin_siddiqui\228b9354a8.jpg,1,high,794.0,400x210,yes,unknown,unknown
nawazuddin_siddiqui,Nawazuddin Siddiqui,actors,unknown,unknown,datasets/raw\actors\nawazuddin_siddiqui\2a5ba37da0.jpg,1,high,805.2,294x171,yes,unknown,unknown
nawazuddin_siddiqui,Nawazuddin Siddiqui,actors,unknown,unknown,datasets/raw\actors\nawazuddin_siddiqui\32aedfc157.jpg,0,low,40.8,1596x2400,no,unknown,unknown
nawazuddin_siddiqui,Nawazuddin Siddiqui,actors,unknown,unknown,datasets/raw\actors\nawazuddin_siddiqui\3951dc1fe9.jpg,1,high,1367.5,170x240,yes,unknown,unknown
nawazuddin_siddiqui,Nawazuddin Siddiqui,actors,unknown,unknown,datasets/raw\actors\nawazuddin_siddiqui\426abddd50.jpg,0,low,1151.5,183x275,no,unknown,unknown
nawazuddin_siddiqui,Nawazuddin Siddiqui,actors,unknown,unknown,datasets/raw\actors\nawazuddin_siddiqui\427e1eeed1.jpg,1,medium,71.9,630x1200,yes,unknown,unknown
nawazuddin_siddiqui,Nawazuddin Siddiqui,actors,unknown,unknown,datasets/raw\actors\nawazuddin_siddiqui\4530cab36b.jpg,0,low,3212.2,299x168,no,unknown,unknown
nawazuddin_siddiqui,Nawazuddin Siddiqui,actors,unknown,unknown,datasets/raw\actors\nawazuddin_siddiqui\473e612fc0.jpg,1,high,300.8,1280x720,yes,unknown,unknown
nawazuddin_siddiqui,Nawazuddin Siddiqui,actors,unknown,unknown,datasets/raw\actors\nawazuddin_siddiqui\4b9e7b8e33.jpg,0,low,531.9,620x450,no,unknown,unknown
nawazuddin_siddiqui,Nawazuddin Siddiqui,actors,unknown,unknown,datasets/raw\actors\nawazuddin_siddiqui\5de1223606.jpg,1,high,2379.1,300x168,yes,unknown,unknown
nawazuddin_siddiqui,Nawazuddin Siddiqui,actors,unknown,unknown,datasets/raw\actors\nawazuddin_siddiqui\5dff318446.jpg,1,high,1158.3,265x190,yes,unknown,unknown
nawazuddin_siddiqui,Nawazuddin Siddiqui,actors,unknown,unknown,datasets/raw\actors\nawazuddin_siddiqui\60f5736133.jpg,1,high,377.3,310x163,yes,unknown,unknown
nawazuddin_siddiqui,Nawazuddin Siddiqui,actors,unknown,unknown,datasets/raw\actors\nawazuddin_siddiqui\6f2601a3a3.jpg,1,high,264.8,759x422,yes,unknown,unknown
nawazuddin_siddiqui,Nawazuddin Siddiqui,actors,unknown,unknown,datasets/raw\actors\nawazuddin_siddiqui\6fe4d5e4c6.jpg,1,high,495.7,259x194,yes,unknown,unknown
nawazuddin_siddiqui,Nawazuddin Siddiqui,actors,unknown,unknown,datasets/raw\actors\nawazuddin_siddiqui\72b0718b6c.jpg,1,high,212.9,1200x667,yes,unknown,unknown
nawazuddin_siddiqui,Nawazuddin Siddiqui,actors,unknown,unknown,datasets/raw\actors\nawazuddin_siddiqui\7b99643f6e.jpg,1,high,909.7,259x194,yes,unknown,unknown
nawazuddin_siddiqui,Nawazuddin Siddiqui,actors,unknown,unknown,datasets/raw\actors\nawazuddin_siddiqui\851dfa2001.jpg,0,low,1313.5,209x241,no,unknown,unknown
nawazuddin_siddiqui,Nawazuddin Siddiqui,actors,unknown,unknown,datasets/raw\actors\nawazuddin_siddiqui\8bb49d78cd.jpg,1,high,585.0,240x210,yes,unknown,unknown
neeraj_kabi,Neeraj Kabi,actors,unknown,unknown,datasets/raw\actors\neeraj_kabi\0178c72b76.jpg,0,low,75.2,615x384,no,unknown,unknown
neeraj_kabi,Neeraj Kabi,actors,unknown,unknown,datasets/raw\actors\neeraj_kabi\0738fde5aa.jpg,1,high,488.5,647x363,yes,unknown,unknown
neeraj_kabi,Neeraj Kabi,actors,unknown,unknown,datasets/raw\actors\neeraj_kabi\0c1d7f5b49.jpg,0,low,1292.9,650x366,no,unknown,unknown
neeraj_kabi,Neeraj Kabi,actors,unknown,unknown,datasets/raw\actors\neeraj_kabi\10da5409e5.jpg,1,high,566.5,297x170,yes,unknown,unknown
neeraj_kabi,Neeraj Kabi,actors,unknown,unknown,datasets/raw\actors\neeraj_kabi\1ba9009d18.jpg,0,low,369.4,224x224,no,unknown,unknown
neeraj_kabi,Neeraj Kabi,actors,unknown,unknown,datasets/raw\actors\neeraj_kabi\208dbaa021.jpg,1,medium,63.1,646x903,yes,unknown,unknown
neeraj_kabi,Neeraj Kabi,actors,unknown,unknown,datasets/raw\actors\neeraj_kabi\2df2ef547a.jpg,0,low,383.2,300x168,no,unknown,unknown
neeraj_kabi,Neeraj Kabi,actors,unknown,unknown,datasets/raw\actors\neeraj_kabi\32eaff9fd6.jpg,1,high,923.1,198x255,yes,unknown,unknown
neeraj_kabi,Neeraj Kabi,actors,unknown,unknown,datasets/raw\actors\neeraj_kabi\36f6278b90.jpg,0,low,1666.6,264x191,no,unknown,unknown
neeraj_kabi,Neeraj Kabi,actors,unknown,unknown,datasets/raw\actors\neeraj_kabi\4a7b8720c3.jpg,1,high,919.6,275x183,yes,unknown,unknown
neeraj_kabi,Neeraj Kabi,actors,unknown,unknown,datasets/raw\actors\neeraj_kabi\5288dc251a.jpg,0,low,271.3,250x250,no,unknown,unknown
neeraj_kabi,Neeraj Kabi,actors,unknown,unknown,datasets/raw\actors\neeraj_kabi\56edbf23ed.jpg,1,high,931.0,225x225,yes,unknown,unknown
neeraj_kabi,Neeraj Kabi,actors,unknown,unknown,datasets/raw\actors\neeraj_kabi\5dbb874478.jpg,0,low,4090.7,259x194,no,unknown,unknown
neeraj_kabi,Neeraj Kabi,actors,unknown,unknown,datasets/raw\actors\neeraj_kabi\60a21c9500.jpg,1,high,119.6,300x168,yes,unknown,unknown
neeraj_kabi,Neeraj Kabi,actors,unknown,unknown,datasets/raw\actors\neeraj_kabi\65f1a2510c.jpg,0,low,821.8,1280x720,no,unknown,unknown
neeraj_kabi,Neeraj Kabi,actors,unknown,unknown,datasets/raw\actors\neeraj_kabi\6b228594ca.jpg,1,high,1639.4,301x167,yes,unknown,unknown
neeraj_kabi,Neeraj Kabi,actors,unknown,unknown,datasets/raw\actors\neeraj_kabi\732ad3e61d.jpg,1,high,445.9,270x187,yes,unknown,unknown
neeraj_kabi,Neeraj Kabi,actors,unknown,unknown,datasets/raw\actors\neeraj_kabi\84a97a02ed.jpg,0,low,1448.2,160x315,no,unknown,unknown
neeraj_kabi,Neeraj Kabi,actors,unknown,unknown,datasets/raw\actors\neeraj_kabi\8cade4662c.jpg,1,high,691.2,244x251,yes,unknown,unknown
neeraj_kabi,Neeraj Kabi,actors,unknown,unknown,datasets/raw\actors\neeraj_kabi\981b92a65e.jpg,0,low,850.6,650x750,no,unknown,unknown
nirupa_roy,Nirupa Roy,actors,unknown,unknown,datasets/raw\actors\nirupa_roy\0188f07aab.jpg,1,high,228.9,186x250,yes,unknown,unknown
nirupa_roy,Nirupa Roy,actors,unknown,unknown,datasets/raw\actors\nirupa_roy\03d1ff59cb.jpg,1,medium,65.3,284x304,yes,unknown,unknown
nirupa_roy,Nirupa Roy,actors,unknown,unknown,datasets/raw\actors\nirupa_roy\0707de42de.jpg,0,low,3431.8,698x1024,no,unknown,unknown
nirupa_roy,Nirupa Roy,actors,unknown,unknown,datasets/raw\actors\nirupa_roy\0b9768613e.jpg,1,high,207.0,394x500,yes,unknown,unknown
nirupa_roy,Nirupa Roy,actors,unknown,unknown,datasets/raw\actors\nirupa_roy\0d70baa726.jpg,1,high,1904.6,185x267,yes,unknown,unknown
nirupa_roy,Nirupa Roy,actors,unknown,unknown,datasets/raw\actors\nirupa_roy\0eb6234816.jpg,1,high,149.4,630x404,yes,unknown,unknown
nirupa_roy,Nirupa Roy,actors,unknown,unknown,datasets/raw\actors\nirupa_roy\13a53f6da5.jpg,0,low,103.4,300x168,no,unknown,unknown
nirupa_roy,Nirupa Roy,actors,unknown,unknown,datasets/raw\actors\nirupa_roy\194a29b624.jpg,1,high,1363.2,170x240,yes,unknown,unknown
nirupa_roy,Nirupa Roy,actors,unknown,unknown,datasets/raw\actors\nirupa_roy\1c8a603d44.jpg,1,high,617.7,632x954,yes,unknown,unknown
nirupa_roy,Nirupa Roy,actors,unknown,unknown,datasets/raw\actors\nirupa_roy\23c3f0877e.jpg,0,low,4029.2,300x168,no,unknown,unknown
nirupa_roy,Nirupa Roy,actors,unknown,unknown,datasets/raw\actors\nirupa_roy\2b8bef4527.jpg,1,medium,82.4,1056x1408,yes,unknown,unknown
nirupa_roy,Nirupa Roy,actors,unknown,unknown,datasets/raw\actors\nirupa_roy\31fc60a59b.jpg,1,high,106.3,225x225,yes,unknown,unknown
nirupa_roy,Nirupa Roy,actors,unknown,unknown,datasets/raw\actors\nirupa_roy\344cfc2b9a.jpg,1,high,141.4,303x167,yes,unknown,unknown
nirupa_roy,Nirupa Roy,actors,unknown,unknown,datasets/raw\actors\nirupa_roy\48c9d2b198.jpg,1,high,922.7,245x282,yes,unknown,unknown
nirupa_roy,Nirupa Roy,actors,unknown,unknown,datasets/raw\actors\nirupa_roy\50cd0de001.jpg,1,high,1676.9,172x265,yes,unknown,unknown
nirupa_roy,Nirupa Roy,actors,unknown,unknown,datasets/raw\actors\nirupa_roy\5837c4db6a.jpg,0,low,2745.0,277x182,no,unknown,unknown
nirupa_roy,Nirupa Roy,actors,unknown,unknown,datasets/raw\actors\nirupa_roy\6d73488f8c.jpg,1,medium,98.6,800x450,yes,unknown,unknown
nirupa_roy,Nirupa Roy,actors,unknown,unknown,datasets/raw\actors\nirupa_roy\793e177f74.jpg,0,low,374.1,236x255,no,unknown,unknown
nirupa_roy,Nirupa Roy,actors,unknown,unknown,datasets/raw\actors\nirupa_roy\7c995bebc6.jpg,1,high,213.7,480x360,yes,unknown,unknown
nirupa_roy,Nirupa Roy,actors,unknown,unknown,datasets/raw\actors\nirupa_roy\92ef593bbb.jpg,1,high,145.7,227x222,yes,unknown,unknown
nirupa_roy,Nirupa Roy,actors,unknown,unknown,datasets/raw\actors\nirupa_roy\9f963c0a89.jpg,0,low,3801.8,249x202,no,unknown,unknown
om_puri,Om Puri,actors,unknown,unknown,datasets/raw\actors\om_puri\0adf605f67.jpg,1,high,237.6,700x400,yes,unknown,unknown
om_puri,Om Puri,actors,unknown,unknown,datasets/raw\actors\om_puri\0f7d640dfa.jpg,0,low,52.7,1200x630,no,unknown,unknown
om_puri,Om Puri,actors,unknown,unknown,datasets/raw\actors\om_puri\1c4dccec86.jpg,1,high,775.9,791x1200,yes,unknown,unknown
om_puri,Om Puri,actors,unknown,unknown,datasets/raw\actors\om_puri\20eb2182ed.jpg,0,low,989.2,251x201,no,unknown,unknown
om_puri,Om Puri,actors,unknown,unknown,datasets/raw\actors\om_puri\26b7f9f9f0.jpg,1,high,1702.5,220x220,yes,unknown,unknown
om_puri,Om Puri,actors,unknown,unknown,datasets/raw\actors\om_puri\27b9ec2191.jpg,1,high,882.3,198x255,yes,unknown,unknown
om_puri,Om Puri,actors,unknown,unknown,datasets/raw\actors\om_puri\2d83d335dc.jpg,0,low,830.3,300x168,no,unknown,unknown
om_puri,Om Puri,actors,unknown,unknown,datasets/raw\actors\om_puri\37b978e431.jpg,1,high,251.7,259x195,yes,unknown,unknown
om_puri,Om Puri,actors,unknown,unknown,datasets/raw\actors\om_puri\3dda341418.jpg,1,high,342.8,503x302,yes,unknown,unknown
om_puri,Om Puri,actors,unknown,unknown,datasets/raw\actors\om_puri\46cf6a975c.jpg,0,low,166.6,1280x720,no,unknown,unknown
om_puri,Om Puri,actors,unknown,unknown,datasets/raw\actors\om_puri\4dc265bfa0.jpg,1,high,218.0,310x163,yes,unknown,unknown
om_puri,Om Puri,actors,unknown,unknown,datasets/raw\actors\om_puri\4dcc8f3942.jpg,1,high,2083.6,262x192,yes,unknown,unknown
om_puri,Om Puri,actors,unknown,unknown,datasets/raw\actors\om_puri\4ff338ba44.jpg,0,low,1555.1,304x171,no,unknown,unknown
om_puri,Om Puri,actors,unknown,unknown,datasets/raw\actors\om_puri\65adbe048b.jpg,1,high,645.3,640x480,yes,unknown,unknown
om_puri,Om Puri,actors,unknown,unknown,datasets/raw\actors\om_puri\6a917ba920.jpg,1,high,2640.1,195x259,yes,unknown,unknown
om_puri,Om Puri,actors,unknown,unknown,datasets/raw\actors\om_puri\6dd39d2859.jpg,0,low,741.1,350x500,no,unknown,unknown
om_puri,Om Puri,actors,unknown,unknown,datasets/raw\actors\om_puri\81bb0faadf.jpg,1,high,130.2,480x270,yes,unknown,unknown
om_puri,Om Puri,actors,unknown,unknown,datasets/raw\actors\om_puri\8c80831da9.jpg,0,low,119.2,800x599,no,unknown,unknown
om_puri,Om Puri,actors,unknown,unknown,datasets/raw\actors\om_puri\9afac81ca1.jpg,1,high,436.5,259x194,yes,unknown,unknown
pankaj_kapur,Pankaj Kapur,actors,unknown,unknown,datasets/raw\actors\pankaj_kapur\12fa72e5b3.jpg,1,high,625.1,320x157,yes,unknown,unknown
pankaj_kapur,Pankaj Kapur,actors,unknown,unknown,datasets/raw\actors\pankaj_kapur\1ab9ede00c.jpg,0,low,47.0,770x433,no,unknown,unknown
pankaj_kapur,Pankaj Kapur,actors,unknown,unknown,datasets/raw\actors\pankaj_kapur\1e696e3b2c.jpg,1,high,327.2,170x240,yes,unknown,unknown
pankaj_kapur,Pankaj Kapur,actors,unknown,unknown,datasets/raw\actors\pankaj_kapur\35468bd6f3.jpg,0,low,304.4,500x300,no,unknown,unknown
pankaj_kapur,Pankaj Kapur,actors,unknown,unknown,datasets/raw\actors\pankaj_kapur\378b296190.jpg,1,high,535.8,225x225,yes,unknown,unknown
pankaj_kapur,Pankaj Kapur,actors,unknown,unknown,datasets/raw\actors\pankaj_kapur\3b35ba2a71.jpg,0,low,241.5,400x400,no,unknown,unknown
pankaj_kapur,Pankaj Kapur,actors,unknown,unknown,datasets/raw\actors\pankaj_kapur\4415726852.jpg,1,high,1475.7,750x563,yes,unknown,unknown
pankaj_kapur,Pankaj Kapur,actors,unknown,unknown,datasets/raw\actors\pankaj_kapur\47e50a07e7.jpg,1,medium,80.7,1069x580,yes,unknown,unknown
pankaj_kapur,Pankaj Kapur,actors,unknown,unknown,datasets/raw\actors\pankaj_kapur\4c8ccae220.jpg,1,high,1030.9,259x194,yes,unknown,unknown
pankaj_kapur,Pankaj Kapur,actors,unknown,unknown,datasets/raw\actors\pankaj_kapur\4d16c07b22.jpg,0,low,232.4,1200x667,no,unknown,unknown
pankaj_kapur,Pankaj Kapur,actors,unknown,unknown,datasets/raw\actors\pankaj_kapur\53d5937f45.jpg,1,high,5023.6,204x204,yes,unknown,unknown
pankaj_kapur,Pankaj Kapur,actors,unknown,unknown,datasets/raw\actors\pankaj_kapur\5b1cbd274f.jpg,0,low,588.6,286x176,no,unknown,unknown
pankaj_kapur,Pankaj Kapur,actors,unknown,unknown,datasets/raw\actors\pankaj_kapur\66304fa693.jpg,1,high,380.6,760x443,yes,unknown,unknown
pankaj_kapur,Pankaj Kapur,actors,unknown,unknown,datasets/raw\actors\pankaj_kapur\70b0eb7ef5.jpg,1,high,516.9,191x264,yes,unknown,unknown
pankaj_kapur,Pankaj Kapur,actors,unknown,unknown,datasets/raw\actors\pankaj_kapur\7f7038975a.jpg,0,low,146.4,320x180,no,unknown,unknown
pankaj_kapur,Pankaj Kapur,actors,unknown,unknown,datasets/raw\actors\pankaj_kapur\8b22aa69a5.jpg,1,high,281.5,225x225,yes,unknown,unknown
pankaj_kapur,Pankaj Kapur,actors,unknown,unknown,datasets/raw\actors\pankaj_kapur\8dc9380ba1.jpg,1,high,317.6,259x194,yes,unknown,unknown
pankaj_kapur,Pankaj Kapur,actors,unknown,unknown,datasets/raw\actors\pankaj_kapur\a51311f18e.jpg,1,high,648.8,759x422,yes,unknown,unknown
pankaj_kapur,Pankaj Kapur,actors,unknown,unknown,datasets/raw\actors\pankaj_kapur\accb121b06.jpg,1,high,163.3,621x414,yes,unknown,unknown
pankaj_kapur,Pankaj Kapur,actors,unknown,unknown,datasets/raw\actors\pankaj_kapur\bccd3ed0f8.jpg,1,high,634.8,275x183,yes,unknown,unknown
pankaj_tripathi,Pankaj Tripathi,actors,unknown,unknown,datasets/raw\actors\pankaj_tripathi\0ad408cf42.jpg,1,high,170.9,640x480,yes,unknown,unknown
pankaj_tripathi,Pankaj Tripathi,actors,unknown,unknown,datasets/raw\actors\pankaj_tripathi\0adda37db4.jpg,1,high,129.2,600x900,yes,unknown,unknown
pankaj_tripathi,Pankaj Tripathi,actors,unknown,unknown,datasets/raw\actors\pankaj_tripathi\14e1383527.jpg,0,low,90.3,960x640,no,unknown,unknown
pankaj_tripathi,Pankaj Tripathi,actors,unknown,unknown,datasets/raw\actors\pankaj_tripathi\181c9679af.jpg,1,high,162.1,300x168,yes,unknown,unknown
pankaj_tripathi,Pankaj Tripathi,actors,unknown,unknown,datasets/raw\actors\pankaj_tripathi\1eb0598dc8.jpg,0,low,780.2,300x168,no,unknown,unknown
pankaj_tripathi,Pankaj Tripathi,actors,unknown,unknown,datasets/raw\actors\pankaj_tripathi\21ef2f4124.jpg,1,medium,46.8,800x600,yes,unknown,unknown
pankaj_tripathi,Pankaj Tripathi,actors,unknown,unknown,datasets/raw\actors\pankaj_tripathi\270e67eff5.jpg,0,low,287.6,300x168,no,unknown,unknown
pankaj_tripathi,Pankaj Tripathi,actors,unknown,unknown,datasets/raw\actors\pankaj_tripathi\2b6f679267.jpg,1,high,249.4,1708x1593,yes,unknown,unknown
pankaj_tripathi,Pankaj Tripathi,actors,unknown,unknown,datasets/raw\actors\pankaj_tripathi\2c73bb0481.jpg,0,low,980.8,650x400,no,unknown,unknown
pankaj_tripathi,Pankaj Tripathi,actors,unknown,unknown,datasets/raw\actors\pankaj_tripathi\339c10b3c9.jpg,1,high,410.6,298x169,yes,unknown,unknown
pankaj_tripathi,Pankaj Tripathi,actors,unknown,unknown,datasets/raw\actors\pankaj_tripathi\372a154590.jpg,0,low,197.1,1200x667,no,unknown,unknown
pankaj_tripathi,Pankaj Tripathi,actors,unknown,unknown,datasets/raw\actors\pankaj_tripathi\381ce98de9.jpg,1,high,522.4,650x400,yes,unknown,unknown
pankaj_tripathi,Pankaj Tripathi,actors,unknown,unknown,datasets/raw\actors\pankaj_tripathi\3f248f46e6.jpg,0,low,2774.3,301x167,no,unknown,unknown
pankaj_tripathi,Pankaj Tripathi,actors,unknown,unknown,datasets/raw\actors\pankaj_tripathi\41b77df3cb.jpg,1,high,1139.6,259x194,yes,unknown,unknown
pankaj_tripathi,Pankaj Tripathi,actors,unknown,unknown,datasets/raw\actors\pankaj_tripathi\4f5ee44d28.jpg,1,high,289.4,259x194,yes,unknown,unknown
pankaj_tripathi,Pankaj Tripathi,actors,unknown,unknown,datasets/raw\actors\pankaj_tripathi\587cbb4834.jpg,1,medium,44.7,1200x696,yes,unknown,unknown
pankaj_tripathi,Pankaj Tripathi,actors,unknown,unknown,datasets/raw\actors\pankaj_tripathi\66ca137cd2.jpg,0,low,3057.7,300x168,no,unknown,unknown
pankaj_tripathi,Pankaj Tripathi,actors,unknown,unknown,datasets/raw\actors\pankaj_tripathi\73f11e638f.jpg,1,high,462.5,650x400,yes,unknown,unknown
pankaj_tripathi,Pankaj Tripathi,actors,unknown,unknown,datasets/raw\actors\pankaj_tripathi\7a075d4375.jpg,1,high,542.2,292x173,yes,unknown,unknown
pankaj_tripathi,Pankaj Tripathi,actors,unknown,unknown,datasets/raw\actors\pankaj_tripathi\7c206d53d3.jpg,1,medium,61.2,650x461,yes,unknown,unknown
pankaj_tripathi,Pankaj Tripathi,actors,unknown,unknown,datasets/raw\actors\pankaj_tripathi\8efbbd2294.jpg,1,high,321.8,650x540,yes,unknown,unknown
pankaj_tripathi,Pankaj Tripathi,actors,unknown,unknown,datasets/raw\actors\pankaj_tripathi\9ac5250d87.jpg,0,low,2835.8,286x176,no,unknown,unknown
paresh_rawal,Paresh Rawal,actors,unknown,unknown,datasets/raw\actors\paresh_rawal\06dbe2c13f.jpg,1,high,374.9,302x402,yes,unknown,unknown
paresh_rawal,Paresh Rawal,actors,unknown,unknown,datasets/raw\actors\paresh_rawal\0702f4ce23.jpg,1,medium,88.4,875x583,yes,unknown,unknown
paresh_rawal,Paresh Rawal,actors,unknown,unknown,datasets/raw\actors\paresh_rawal\0b520ed85b.jpg,1,high,432.9,246x205,yes,unknown,unknown
paresh_rawal,Paresh Rawal,actors,unknown,unknown,datasets/raw\actors\paresh_rawal\21c02832c8.jpg,0,low,2416.0,660x942,no,unknown,unknown
paresh_rawal,Paresh Rawal,actors,unknown,unknown,datasets/raw\actors\paresh_rawal\298db23c43.jpg,1,high,666.0,201x250,yes,unknown,unknown
paresh_rawal,Paresh Rawal,actors,unknown,unknown,datasets/raw\actors\paresh_rawal\2c59cdd582.jpg,0,low,543.8,800x600,no,unknown,unknown
paresh_rawal,Paresh Rawal,actors,unknown,unknown,datasets/raw\actors\paresh_rawal\36e581dd9d.jpg,1,high,2223.5,300x168,yes,unknown,unknown
paresh_rawal,Paresh Rawal,actors,unknown,unknown,datasets/raw\actors\paresh_rawal\3a56ca376a.jpg,0,low,42.9,700x400,no,unknown,unknown
paresh_rawal,Paresh Rawal,actors,unknown,unknown,datasets/raw\actors\paresh_rawal\3c8a2463a3.jpg,1,high,641.2,300x168,yes,unknown,unknown
paresh_rawal,Paresh Rawal,actors,unknown,unknown,datasets/raw\actors\paresh_rawal\3dae14b160.jpg,1,high,569.8,220x274,yes,unknown,unknown
paresh_rawal,Paresh Rawal,actors,unknown,unknown,datasets/raw\actors\paresh_rawal\3df5af4955.jpg,1,high,5815.2,463x463,yes,unknown,unknown
paresh_rawal,Paresh Rawal,actors,unknown,unknown,datasets/raw\actors\paresh_rawal\4ac373a460.jpg,0,low,414.9,660x434,no,unknown,unknown
paresh_rawal,Paresh Rawal,actors,unknown,unknown,datasets/raw\actors\paresh_rawal\5dd72c11ba.jpg,1,high,593.5,1280x720,yes,unknown,unknown
paresh_rawal,Paresh Rawal,actors,unknown,unknown,datasets/raw\actors\paresh_rawal\601f9b3235.jpg,1,medium,69.9,1200x675,yes,unknown,unknown
paresh_rawal,Paresh Rawal,actors,unknown,unknown,datasets/raw\actors\paresh_rawal\62e8fa2cbf.jpg,1,high,367.1,260x144,yes,unknown,unknown
paresh_rawal,Paresh Rawal,actors,unknown,unknown,datasets/raw\actors\paresh_rawal\65a758163e.jpg,1,high,367.5,162x202,yes,unknown,unknown
paresh_rawal,Paresh Rawal,actors,unknown,unknown,datasets/raw\actors\paresh_rawal\6f767fc247.jpg,1,high,516.7,600x450,yes,unknown,unknown
paresh_rawal,Paresh Rawal,actors,unknown,unknown,datasets/raw\actors\paresh_rawal\74c522ebd1.jpg,1,high,939.8,259x194,yes,unknown,unknown
paresh_rawal,Paresh Rawal,actors,unknown,unknown,datasets/raw\actors\paresh_rawal\76dc99ec3b.jpg,1,high,841.3,198x255,yes,unknown,unknown
paresh_rawal,Paresh Rawal,actors,unknown,unknown,datasets/raw\actors\paresh_rawal\7b3dcc8f64.jpg,0,low,727.4,1600x900,no,unknown,unknown
paresh_rawal,Paresh Rawal,actors,unknown,unknown,datasets/raw\actors\paresh_rawal\7e33aa98cb.jpg,1,medium,71.5,1200x675,yes,unknown,unknown
paresh_rawal,Paresh Rawal,actors,unknown,unknown,datasets/raw\actors\paresh_rawal\853dce2f80.jpg,1,high,647.9,259x194,yes,unknown,unknown
paresh_rawal,Paresh Rawal,actors,unknown,unknown,datasets/raw\actors\paresh_rawal\8a215ceace.jpg,1,high,365.0,1200x667,yes,unknown,unknown
paresh_rawal,Paresh Rawal,actors,unknown,unknown,datasets/raw\actors\paresh_rawal\934f3e4f64.jpg,0,low,41.7,960x542,no,unknown,unknown
paresh_rawal,Paresh Rawal,actors,unknown,unknown,datasets/raw\actors\paresh_rawal\96d18c9787.jpg,1,high,356.0,259x194,yes,unknown,unknown
pawan_malhotra,Pawan Malhotra,actors,unknown,unknown,datasets/raw\actors\pawan_malhotra\00e6c56558.jpg,1,high,576.6,259x194,yes,unknown,unknown
pawan_malhotra,Pawan Malhotra,actors,unknown,unknown,datasets/raw\actors\pawan_malhotra\0401de24c8.jpg,1,high,575.5,292x173,yes,unknown,unknown
pawan_malhotra,Pawan Malhotra,actors,unknown,unknown,datasets/raw\actors\pawan_malhotra\10af8ace8f.jpg,0,low,578.3,219x230,no,unknown,unknown
pawan_malhotra,Pawan Malhotra,actors,unknown,unknown,datasets/raw\actors\pawan_malhotra\17bf43eaab.jpg,1,high,2430.9,300x168,yes,unknown,unknown
pawan_malhotra,Pawan Malhotra,actors,unknown,unknown,datasets/raw\actors\pawan_malhotra\18f1f18b03.jpg,0,low,605.8,291x173,no,unknown,unknown
pawan_malhotra,Pawan Malhotra,actors,unknown,unknown,datasets/raw\actors\pawan_malhotra\22e6626807.jpg,1,high,975.0,195x259,yes,unknown,unknown
pawan_malhotra,Pawan Malhotra,actors,unknown,unknown,datasets/raw\actors\pawan_malhotra\2c2920c160.jpg,0,low,2181.0,215x283,no,unknown,unknown
pawan_malhotra,Pawan Malhotra,actors,unknown,unknown,datasets/raw\actors\pawan_malhotra\2f0bf746d7.jpg,1,high,487.5,301x167,yes,unknown,unknown
pawan_malhotra,Pawan Malhotra,actors,unknown,unknown,datasets/raw\actors\pawan_malhotra\397d3dcfeb.jpg,0,low,1093.5,183x275,no,unknown,unknown
pawan_malhotra,Pawan Malhotra,actors,unknown,unknown,datasets/raw\actors\pawan_malhotra\39dcbf4cdd.jpg,1,high,503.9,170x240,yes,unknown,unknown
pawan_malhotra,Pawan Malhotra,actors,unknown,unknown,datasets/raw\actors\pawan_malhotra\3a444ee3e4.jpg,0,low,68.7,1280x720,no,unknown,unknown
pawan_malhotra,Pawan Malhotra,actors,unknown,unknown,datasets/raw\actors\pawan_malhotra\4b4113ea19.jpg,1,high,1118.4,300x362,yes,unknown,unknown
pawan_malhotra,Pawan Malhotra,actors,unknown,unknown,datasets/raw\actors\pawan_malhotra\4d10af96a0.jpg,0,low,660.5,275x183,no,unknown,unknown
pawan_malhotra,Pawan Malhotra,actors,unknown,unknown,datasets/raw\actors\pawan_malhotra\58ae6fe7ab.jpg,1,high,642.3,202x249,yes,unknown,unknown
pawan_malhotra,Pawan Malhotra,actors,unknown,unknown,datasets/raw\actors\pawan_malhotra\5bef7abd28.jpg,0,low,350.5,1500x1081,no,unknown,unknown
pawan_malhotra,Pawan Malhotra,actors,unknown,unknown,datasets/raw\actors\pawan_malhotra\6b2c2fdd8d.jpg,1,high,1655.4,480x360,yes,unknown,unknown
pawan_malhotra,Pawan Malhotra,actors,unknown,unknown,datasets/raw\actors\pawan_malhotra\6e87555e7a.jpg,0,low,851.9,205x152,no,unknown,unknown
pawan_malhotra,Pawan Malhotra,actors,unknown,unknown,datasets/raw\actors\pawan_malhotra\781c291310.jpg,1,high,262.4,550x524,yes,unknown,unknown
pawan_malhotra,Pawan Malhotra,actors,unknown,unknown,datasets/raw\actors\pawan_malhotra\8de5168641.jpg,1,high,390.1,444x659,yes,unknown,unknown
pawan_malhotra,Pawan Malhotra,actors,unknown,unknown,datasets/raw\actors\pawan_malhotra\94a0cea55b.jpg,1,high,497.5,194x259,yes,unknown,unknown
pawan_malhotra,Pawan Malhotra,actors,unknown,unknown,datasets/raw\actors\pawan_malhotra\9c8639dd1d.jpg,0,low,1918.6,183x276,no,unknown,unknown
pooja_bhatt,Pooja Bhatt,actors,unknown,unknown,datasets/raw\actors\pooja_bhatt\076fcdd63c.jpg,1,high,780.1,302x167,yes,unknown,unknown
pooja_bhatt,Pooja Bhatt,actors,unknown,unknown,datasets/raw\actors\pooja_bhatt\084a1f365e.jpg,1,medium,73.2,241x209,yes,unknown,unknown
pooja_bhatt,Pooja Bhatt,actors,unknown,unknown,datasets/raw\actors\pooja_bhatt\0d94b28e20.jpg,0,low,622.9,290x174,no,unknown,unknown
pooja_bhatt,Pooja Bhatt,actors,unknown,unknown,datasets/raw\actors\pooja_bhatt\11648d5a26.jpg,1,high,481.4,600x338,yes,unknown,unknown
pooja_bhatt,Pooja Bhatt,actors,unknown,unknown,datasets/raw\actors\pooja_bhatt\168409b4b2.jpg,1,high,3119.1,299x168,yes,unknown,unknown
pooja_bhatt,Pooja Bhatt,actors,unknown,unknown,datasets/raw\actors\pooja_bhatt\1a2347e044.jpg,1,high,418.7,928x1254,yes,unknown,unknown
pooja_bhatt,Pooja Bhatt,actors,unknown,unknown,datasets/raw\actors\pooja_bhatt\27bf95376c.jpg,0,low,2401.7,300x168,no,unknown,unknown
pooja_bhatt,Pooja Bhatt,actors,unknown,unknown,datasets/raw\actors\pooja_bhatt\2ea1d5e3cc.jpg,1,high,287.9,300x168,yes,unknown,unknown
pooja_bhatt,Pooja Bhatt,actors,unknown,unknown,datasets/raw\actors\pooja_bhatt\480f92259f.jpg,1,high,1445.6,261x193,yes,unknown,unknown
pooja_bhatt,Pooja Bhatt,actors,unknown,unknown,datasets/raw\actors\pooja_bhatt\6e42c82037.jpg,0,low,153.5,400x400,no,unknown,unknown
pooja_bhatt,Pooja Bhatt,actors,unknown,unknown,datasets/raw\actors\pooja_bhatt\7f6387b938.jpg,1,high,2688.0,1080x1350,yes,unknown,unknown
pooja_bhatt,Pooja Bhatt,actors,unknown,unknown,datasets/raw\actors\pooja_bhatt\9decf37d6c.jpg,0,low,925.2,301x167,no,unknown,unknown
pooja_bhatt,Pooja Bhatt,actors,unknown,unknown,datasets/raw\actors\pooja_bhatt\a47e090335.jpg,1,high,496.2,225x225,yes,unknown,unknown
pooja_bhatt,Pooja Bhatt,actors,unknown,unknown,datasets/raw\actors\pooja_bhatt\ad0c7d9316.jpg,1,high,846.4,210x280,yes,unknown,unknown
pooja_bhatt,Pooja Bhatt,actors,unknown,unknown,datasets/raw\actors\pooja_bhatt\b2dac7df3f.jpg,1,high,665.9,199x253,yes,unknown,unknown
pooja_bhatt,Pooja Bhatt,actors,unknown,unknown,datasets/raw\actors\pooja_bhatt\b3eed96805.jpg,1,high,1719.0,260x194,yes,unknown,unknown
pooja_bhatt,Pooja Bhatt,actors,unknown,unknown,datasets/raw\actors\pooja_bhatt\ce10619c8e.jpg,0,low,426.2,1200x800,no,unknown,unknown
pooja_bhatt,Pooja Bhatt,actors,unknown,unknown,datasets/raw\actors\pooja_bhatt\d5c5beb322.jpg,1,high,1114.0,284x177,yes,unknown,unknown
pooja_bhatt,Pooja Bhatt,actors,unknown,unknown,datasets/raw\actors\pooja_bhatt\da84457358.jpg,1,high,448.9,273x185,yes,unknown,unknown
prabhu_deva,Prabhu Deva,actors,unknown,unknown,datasets/raw\actors\prabhu_deva\04c8806658.jpg,0,low,615.4,506x652,no,unknown,unknown
prabhu_deva,Prabhu Deva,actors,unknown,unknown,datasets/raw\actors\prabhu_deva\15e3cbcce5.jpg,1,high,100.0,1052x1500,yes,unknown,unknown
prabhu_deva,Prabhu Deva,actors,unknown,unknown,datasets/raw\actors\prabhu_deva\215bbe3047.jpg,1,high,113.8,875x656,yes,unknown,unknown
prabhu_deva,Prabhu Deva,actors,unknown,unknown,datasets/raw\actors\prabhu_deva\241dee6aca.jpg,0,low,494.0,212x237,no,unknown,unknown
prabhu_deva,Prabhu Deva,actors,unknown,unknown,datasets/raw\actors\prabhu_deva\2dbdc34b20.jpg,1,high,356.6,206x245,yes,unknown,unknown
prabhu_deva,Prabhu Deva,actors,unknown,unknown,datasets/raw\actors\prabhu_deva\366cf13bdc.jpg,0,low,1566.9,188x268,no,unknown,unknown
prabhu_deva,Prabhu Deva,actors,unknown,unknown,datasets/raw\actors\prabhu_deva\3df0b27b2d.jpg,1,high,1562.2,650x400,yes,unknown,unknown
prabhu_deva,Prabhu Deva,actors,unknown,unknown,datasets/raw\actors\prabhu_deva\3e0992fb0a.jpg,0,low,44.0,1280x720,no,unknown,unknown
prabhu_deva,Prabhu Deva,actors,unknown,unknown,datasets/raw\actors\prabhu_deva\4492600919.jpg,1,high,942.8,275x183,yes,unknown,unknown
prabhu_deva,Prabhu Deva,actors,unknown,unknown,datasets/raw\actors\prabhu_deva\483886a992.jpg,1,high,247.8,640x360,yes,unknown,unknown
prabhu_deva,Prabhu Deva,actors,unknown,unknown,datasets/raw\actors\prabhu_deva\48b442b034.jpg,1,medium,57.9,660x441,yes,unknown,unknown
prabhu_deva,Prabhu Deva,actors,unknown,unknown,datasets/raw\actors\prabhu_deva\57c8c63088.jpg,0,low,1165.7,259x194,no,unknown,unknown
prabhu_deva,Prabhu Deva,actors,unknown,unknown,datasets/raw\actors\prabhu_deva\5c197e2d8f.jpg,1,high,2639.1,233x216,yes,unknown,unknown
prabhu_deva,Prabhu Deva,actors,unknown,unknown,datasets/raw\actors\prabhu_deva\60d80b6f77.jpg,0,low,319.9,310x163,no,unknown,unknown
prabhu_deva,Prabhu Deva,actors,unknown,unknown,datasets/raw\actors\prabhu_deva\6d35fa1070.jpg,1,high,1587.2,322x156,yes,unknown,unknown
prabhu_deva,Prabhu Deva,actors,unknown,unknown,datasets/raw\actors\prabhu_deva\755a33b1fe.jpg,0,low,1562.2,300x168,no,unknown,unknown
prabhu_deva,Prabhu Deva,actors,unknown,unknown,datasets/raw\actors\prabhu_deva\8964be7522.jpg,1,high,409.5,650x400,yes,unknown,unknown
prabhu_deva,Prabhu Deva,actors,unknown,unknown,datasets/raw\actors\prabhu_deva\8ae634a867.jpg,1,medium,45.6,1200x625,yes,unknown,unknown
prakash_raj,Prakash Raj,actors,unknown,unknown,datasets/raw\actors\prakash_raj\03be85afc2.jpg,1,high,343.5,275x183,yes,unknown,unknown
prakash_raj,Prakash Raj,actors,unknown,unknown,datasets/raw\actors\prakash_raj\068f9cf228.jpg,0,low,898.4,297x170,no,unknown,unknown
prakash_raj,Prakash Raj,actors,unknown,unknown,datasets/raw\actors\prakash_raj\0b83cda387.jpg,1,high,276.3,300x168,yes,unknown,unknown
prakash_raj,Prakash Raj,actors,unknown,unknown,datasets/raw\actors\prakash_raj\0efffbac2a.jpg,1,high,153.1,760x443,yes,unknown,unknown
prakash_raj,Prakash Raj,actors,unknown,unknown,datasets/raw\actors\prakash_raj\1b19a73c7a.jpg,0,low,517.3,275x183,no,unknown,unknown
prakash_raj,Prakash Raj,actors,unknown,unknown,datasets/raw\actors\prakash_raj\1bbea567f0.jpg,1,medium,53.3,800x600,yes,unknown,unknown
prakash_raj,Prakash Raj,actors,unknown,unknown,datasets/raw\actors\prakash_raj\219a4963d8.jpg,1,high,356.9,1191x741,yes,unknown,unknown
prakash_raj,Prakash Raj,actors,unknown,unknown,datasets/raw\actors\prakash_raj\28f8bab703.jpg,1,high,216.1,600x334,yes,unknown,unknown
prakash_raj,Prakash Raj,actors,unknown,unknown,datasets/raw\actors\prakash_raj\2b16cd54aa.jpg,1,high,413.7,1200x800,yes,unknown,unknown
prakash_raj,Prakash Raj,actors,unknown,unknown,datasets/raw\actors\prakash_raj\314d766aba.jpg,1,medium,56.2,2560x1707,yes,unknown,unknown
prakash_raj,Prakash Raj,actors,unknown,unknown,datasets/raw\actors\prakash_raj\35bb31257d.jpg,1,high,1975.6,225x225,yes,unknown,unknown
prakash_raj,Prakash Raj,actors,unknown,unknown,datasets/raw\actors\prakash_raj\36a6e2af27.jpg,1,high,112.6,620x414,yes,unknown,unknown
prakash_raj,Prakash Raj,actors,unknown,unknown,datasets/raw\actors\prakash_raj\3b5d0e9062.jpg,1,high,472.9,259x194,yes,unknown,unknown
prakash_raj,Prakash Raj,actors,unknown,unknown,datasets/raw\actors\prakash_raj\42a9844703.jpg,1,high,916.2,270x214,yes,unknown,unknown
prakash_raj,Prakash Raj,actors,unknown,unknown,datasets/raw\actors\prakash_raj\4d44697167.jpg,1,high,2705.5,650x400,yes,unknown,unknown
prakash_raj,Prakash Raj,actors,unknown,unknown,datasets/raw\actors\prakash_raj\53add22a26.jpg,1,high,435.6,250x250,yes,unknown,unknown
prakash_raj,Prakash Raj,actors,unknown,unknown,datasets/raw\actors\prakash_raj\5a8c268522.jpg,0,low,255.3,1200x667,no,unknown,unknown
prakash_raj,Prakash Raj,actors,unknown,unknown,datasets/raw\actors\prakash_raj\5d1fe149f5.jpg,1,medium,86.3,599x449,yes,unknown,unknown
prakash_raj,Prakash Raj,actors,unknown,unknown,datasets/raw\actors\prakash_raj\6b871eab08.jpg,0,low,136.3,800x600,no,unknown,unknown
prakash_raj,Prakash Raj,actors,unknown,unknown,datasets/raw\actors\prakash_raj\74d1fb08de.jpg,1,medium,57.4,1200x900,yes,unknown,unknown
prakash_raj,Prakash Raj,actors,unknown,unknown,datasets/raw\actors\prakash_raj\76dba3272e.jpg,1,high,921.7,279x180,yes,unknown,unknown
prakash_raj,Prakash Raj,actors,unknown,unknown,datasets/raw\actors\prakash_raj\82a9363114.jpg,0,low,106.2,756x450,no,unknown,unknown
prakash_raj,Prakash Raj,actors,unknown,unknown,datasets/raw\actors\prakash_raj\9c02fa80e4.jpg,1,high,238.3,600x450,yes,unknown,unknown
prakash_raj,Prakash Raj,actors,unknown,unknown,datasets/raw\actors\prakash_raj\9e87017819.jpg,0,low,896.9,800x1204,no,unknown,unknown
pran,Pran,actors,unknown,unknown,datasets/raw\actors\pran\0604edfb36.jpg,1,high,112.7,616x796,yes,unknown,unknown
pran,Pran,actors,unknown,unknown,datasets/raw\actors\pran\0b0d8d00eb.jpg,0,low,200.9,800x448,no,unknown,unknown
pran,Pran,actors,unknown,unknown,datasets/raw\actors\pran\0ea0956672.jpg,1,high,1297.1,400x400,yes,unknown,unknown
pran,Pran,actors,unknown,unknown,datasets/raw\actors\pran\10df6e65fc.jpg,1,high,364.9,225x225,yes,unknown,unknown
pran,Pran,actors,unknown,unknown,datasets/raw\actors\pran\1d72634b93.jpg,0,low,2748.6,300x168,no,unknown,unknown
pran,Pran,actors,unknown,unknown,datasets/raw\actors\pran\29c714f847.jpg,1,high,501.4,621x414,yes,unknown,unknown
pran,Pran,actors,unknown,unknown,datasets/raw\actors\pran\2a2fc30540.jpg,1,high,778.7,240x210,yes,unknown,unknown
pran,Pran,actors,unknown,unknown,datasets/raw\actors\pran\2f910da74e.jpg,0,low,2146.3,259x195,no,unknown,unknown
pran,Pran,actors,unknown,unknown,datasets/raw\actors\pran\38e72ff0fb.jpg,1,high,3105.0,298x169,yes,unknown,unknown
pran,Pran,actors,unknown,unknown,datasets/raw\actors\pran\41dd1178f0.jpg,0,low,799.2,184x274,no,unknown,unknown
pran,Pran,actors,unknown,unknown,datasets/raw\actors\pran\43f890762f.jpg,1,high,899.7,220x277,yes,unknown,unknown
pran,Pran,actors,unknown,unknown,datasets/raw\actors\pran\51f0866c25.jpg,0,low,2800.0,259x194,no,unknown,unknown
pran,Pran,actors,unknown,unknown,datasets/raw\actors\pran\5f1d80b61b.jpg,1,high,521.6,462x259,yes,unknown,unknown
pran,Pran,actors,unknown,unknown,datasets/raw\actors\pran\6419022ccf.jpg,1,high,441.8,275x183,yes,unknown,unknown
pran,Pran,actors,unknown,unknown,datasets/raw\actors\pran\67d6fc35cc.jpg,1,high,1501.5,225x225,yes,unknown,unknown
pran,Pran,actors,unknown,unknown,datasets/raw\actors\pran\69ce88f391.jpg,1,high,4143.0,186x271,yes,unknown,unknown
pran,Pran,actors,unknown,unknown,datasets/raw\actors\pran\6bb5398029.jpg,0,low,285.8,758x433,no,unknown,unknown
pran,Pran,actors,unknown,unknown,datasets/raw\actors\pran\6d763b3d18.jpg,1,high,111.4,275x183,yes,unknown,unknown
pran,Pran,actors,unknown,unknown,datasets/raw\actors\pran\7526ff334d.jpg,1,high,517.9,195x295,yes,unknown,unknown
pran,Pran,actors,unknown,unknown,datasets/raw\actors\pran\76934cea54.jpg,1,high,165.8,355x568,yes,unknown,unknown
pran,Pran,actors,unknown,unknown,datasets/raw\actors\pran\8c164d685f.jpg,0,low,1175.4,275x183,no,unknown,unknown
pran,Pran,actors,unknown,unknown,datasets/raw\actors\pran\9c56460f73.jpg,1,high,3675.7,298x169,yes,unknown,unknown
pran,Pran,actors,unknown,unknown,datasets/raw\actors\pran\ab92e1b096.jpg,0,low,279.8,730x548,no,unknown,unknown
pran,Pran,actors,unknown,unknown,datasets/raw\actors\pran\bc578a2152.jpg,1,high,1988.0,250x250,yes,unknown,unknown
pran,Pran,actors,unknown,unknown,datasets/raw\actors\pran\ce7bc0caaa.jpg,1,medium,56.2,661x500,yes,unknown,unknown
prem_chopra,Prem Chopra,actors,unknown,unknown,datasets/raw\actors\prem_chopra\0319b01876.jpg,1,high,419.2,210x170,yes,unknown,unknown
prem_chopra,Prem Chopra,actors,unknown,unknown,datasets/raw\actors\prem_chopra\072bc791a7.jpg,1,high,475.3,600x450,yes,unknown,unknown
prem_chopra,Prem Chopra,actors,unknown,unknown,datasets/raw\actors\prem_chopra\2005c09857.jpg,0,low,2615.3,173x291,no,unknown,unknown
prem_chopra,Prem Chopra,actors,unknown,unknown,datasets/raw\actors\prem_chopra\21a63df152.jpg,1,high,183.4,800x418,yes,unknown,unknown
prem_chopra,Prem Chopra,actors,unknown,unknown,datasets/raw\actors\prem_chopra\29e296c1ec.jpg,0,low,374.5,324x155,no,unknown,unknown
prem_chopra,Prem Chopra,actors,unknown,unknown,datasets/raw\actors\prem_chopra\2cf073608c.jpg,1,high,136.8,1200x794,yes,unknown,unknown
prem_chopra,Prem Chopra,actors,unknown,unknown,datasets/raw\actors\prem_chopra\375d903305.jpg,1,high,545.0,442x612,yes,unknown,unknown
prem_chopra,Prem Chopra,actors,unknown,unknown,datasets/raw\actors\prem_chopra\3879e4fd32.jpg,0,low,589.0,640x960,no,unknown,unknown
prem_chopra,Prem Chopra,actors,unknown,unknown,datasets/raw\actors\prem_chopra\3f99690615.jpg,1,high,206.0,259x194,yes,unknown,unknown
prem_chopra,Prem Chopra,actors,unknown,unknown,datasets/raw\actors\prem_chopra\4af4001bc8.jpg,1,high,659.8,259x194,yes,unknown,unknown
prem_chopra,Prem Chopra,actors,unknown,unknown,datasets/raw\actors\prem_chopra\4b9d8420ac.jpg,0,low,391.5,285x177,no,unknown,unknown
prem_chopra,Prem Chopra,actors,unknown,unknown,datasets/raw\actors\prem_chopra\4d5b01522c.jpg,1,high,121.7,241x209,yes,unknown,unknown
prem_chopra,Prem Chopra,actors,unknown,unknown,datasets/raw\actors\prem_chopra\5746f4c98d.jpg,0,low,57.7,640x480,no,unknown,unknown
prem_chopra,Prem Chopra,actors,unknown,unknown,datasets/raw\actors\prem_chopra\5e80a9ffc8.jpg,1,high,274.5,571x431,yes,unknown,unknown
prem_chopra,Prem Chopra,actors,unknown,unknown,datasets/raw\actors\prem_chopra\6152bbef7a.jpg,1,high,182.8,259x194,yes,unknown,unknown
prem_chopra,Prem Chopra,actors,unknown,unknown,datasets/raw\actors\prem_chopra\6503a308a0.jpg,1,medium,82.9,1210x1500,yes,unknown,unknown
prem_chopra,Prem Chopra,actors,unknown,unknown,datasets/raw\actors\prem_chopra\6c0c924cd1.jpg,0,low,494.2,670x975,no,unknown,unknown
prem_chopra,Prem Chopra,actors,unknown,unknown,datasets/raw\actors\prem_chopra\8089d3131e.jpg,1,high,1093.1,260x302,yes,unknown,unknown
prem_chopra,Prem Chopra,actors,unknown,unknown,datasets/raw\actors\prem_chopra\88d22eae1a.jpg,0,low,248.5,387x500,no,unknown,unknown
prem_chopra,Prem Chopra,actors,unknown,unknown,datasets/raw\actors\prem_chopra\960ae75e06.jpg,1,high,696.9,184x275,yes,unknown,unknown
prem_chopra,Prem Chopra,actors,unknown,unknown,datasets/raw\actors\prem_chopra\99cc46a759.jpg,0,low,1062.2,204x204,no,unknown,unknown
prem_chopra,Prem Chopra,actors,unknown,unknown,datasets/raw\actors\prem_chopra\9f2a32751d.jpg,1,high,752.6,170x240,yes,unknown,unknown
raaj_kumar,Raaj Kumar,actors,unknown,unknown,datasets/raw\actors\raaj_kumar\04c9b69784.jpg,0,low,370.6,300x168,no,unknown,unknown
raaj_kumar,Raaj Kumar,actors,unknown,unknown,datasets/raw\actors\raaj_kumar\0dac9f81b9.jpg,1,high,7112.6,300x168,yes,unknown,unknown
raaj_kumar,Raaj Kumar,actors,unknown,unknown,datasets/raw\actors\raaj_kumar\11b6616d93.jpg,0,low,1403.7,196x257,no,unknown,unknown
raaj_kumar,Raaj Kumar,actors,unknown,unknown,datasets/raw\actors\raaj_kumar\1c9ad0d8bf.jpg,1,high,990.6,160x200,yes,unknown,unknown
raaj_kumar,Raaj Kumar,actors,unknown,unknown,datasets/raw\actors\raaj_kumar\1db4820472.jpg,0,low,685.2,500x375,no,unknown,unknown
raaj_kumar,Raaj Kumar,actors,unknown,unknown,datasets/raw\actors\raaj_kumar\285acdf24c.jpg,1,high,302.0,696x435,yes,unknown,unknown
raaj_kumar,Raaj Kumar,actors,unknown,unknown,datasets/raw\actors\raaj_kumar\376fedb67b.jpg,0,low,118.7,774x960,no,unknown,unknown
raaj_kumar,Raaj Kumar,actors,unknown,unknown,datasets/raw\actors\raaj_kumar\3bf0d546fe.jpg,1,high,426.1,263x191,yes,unknown,unknown
raaj_kumar,Raaj Kumar,actors,unknown,unknown,datasets/raw\actors\raaj_kumar\3dc8abd492.jpg,1,high,915.8,264x191,yes,unknown,unknown
raaj_kumar,Raaj Kumar,actors,unknown,unknown,datasets/raw\actors\raaj_kumar\408b083267.jpg,0,low,1962.7,340x429,no,unknown,unknown
raaj_kumar,Raaj Kumar,actors,unknown,unknown,datasets/raw\actors\raaj_kumar\5411f1cde2.jpg,1,high,1661.0,189x267,yes,unknown,unknown
raaj_kumar,Raaj Kumar,actors,unknown,unknown,datasets/raw\actors\raaj_kumar\5de62e7645.jpg,0,low,45.5,630x1200,no,unknown,unknown
raaj_kumar,Raaj Kumar,actors,unknown,unknown,datasets/raw\actors\raaj_kumar\6d4206f5b3.jpg,1,high,561.9,209x241,yes,unknown,unknown
raaj_kumar,Raaj Kumar,actors,unknown,unknown,datasets/raw\actors\raaj_kumar\79f02c801b.jpg,0,low,316.9,404x556,no,unknown,unknown
raaj_kumar,Raaj Kumar,actors,unknown,unknown,datasets/raw\actors\raaj_kumar\7bc3210968.jpg,1,high,122.0,640x325,yes,unknown,unknown
raaj_kumar,Raaj Kumar,actors,unknown,unknown,datasets/raw\actors\raaj_kumar\85c8bdedc7.jpg,0,low,407.5,500x500,no,unknown,unknown
raaj_kumar,Raaj Kumar,actors,unknown,unknown,datasets/raw\actors\raaj_kumar\8e850d1ad2.jpg,1,high,111.3,236x182,yes,unknown,unknown
raaj_kumar,Raaj Kumar,actors,unknown,unknown,datasets/raw\actors\raaj_kumar\9b76d09d97.jpg,0,low,2243.3,253x199,no,unknown,unknown
raaj_kumar,Raaj Kumar,actors,unknown,unknown,datasets/raw\actors\raaj_kumar\a13ae5cc7c.jpg,1,high,343.4,225x225,yes,unknown,unknown
raaj_kumar,Raaj Kumar,actors,unknown,unknown,datasets/raw\actors\raaj_kumar\a69865f859.jpg,1,high,486.5,197x256,yes,unknown,unknown
radhika_apte,Radhika Apte,actors,unknown,unknown,datasets/raw\actors\radhika_apte\022e352dc8.jpg,0,low,297.7,1080x1350,no,unknown,unknown
radhika_apte,Radhika Apte,actors,unknown,unknown,datasets/raw\actors\radhika_apte\043fb3f61b.jpg,1,medium,81.0,1200x675,yes,unknown,unknown
radhika_apte,Radhika Apte,actors,unknown,unknown,datasets/raw\actors\radhika_apte\0ba6595834.jpg,1,high,503.0,300x168,yes,unknown,unknown
radhika_apte,Radhika Apte,actors,unknown,unknown,datasets/raw\actors\radhika_apte\0f1757d4af.jpg,1,high,212.6,1280x720,yes,unknown,unknown
radhika_apte,Radhika Apte,actors,unknown,unknown,datasets/raw\actors\radhika_apte\13de22ceda.jpg,0,low,2247.3,650x400,no,unknown,unknown
radhika_apte,Radhika Apte,actors,unknown,unknown,datasets/raw\actors\radhika_apte\142b842f5f.jpg,1,high,375.4,298x169,yes,unknown,unknown
radhika_apte,Radhika Apte,actors,unknown,unknown,datasets/raw\actors\radhika_apte\1cfce628fe.jpg,1,high,391.0,1024x1024,yes,unknown,unknown
radhika_apte,Radhika Apte,actors,unknown,unknown,datasets/raw\actors\radhika_apte\27c214e049.jpg,0,low,1626.1,214x235,no,unknown,unknown
radhika_apte,Radhika Apte,actors,unknown,unknown,datasets/raw\actors\radhika_apte\2c75a76f4c.jpg,1,high,818.7,297x170,yes,unknown,unknown
radhika_apte,Radhika Apte,actors,unknown,unknown,datasets/raw\actors\radhika_apte\31b883a63b.jpg,1,high,341.8,612x408,yes,unknown,unknown
radhika_apte,Radhika Apte,actors,unknown,unknown,datasets/raw\actors\radhika_apte\337f5cf0c9.jpg,1,high,1370.0,275x183,yes,unknown,unknown
radhika_apte,Radhika Apte,actors,unknown,unknown,datasets/raw\actors\radhika_apte\34e6c6b582.jpg,1,high,896.4,275x183,yes,unknown,unknown
radhika_apte,Radhika Apte,actors,unknown,unknown,datasets/raw\actors\radhika_apte\34efe1dfdb.jpg,1,high,473.5,259x194,yes,unknown,unknown
radhika_apte,Radhika Apte,actors,unknown,unknown,datasets/raw\actors\radhika_apte\3b0b01a3dd.jpg,1,medium,53.6,1242x708,yes,unknown,unknown
radhika_apte,Radhika Apte,actors,unknown,unknown,datasets/raw\actors\radhika_apte\3b7c222cff.jpg,1,high,310.1,259x194,yes,unknown,unknown
radhika_apte,Radhika Apte,actors,unknown,unknown,datasets/raw\actors\radhika_apte\3c9d407cef.jpg,0,low,351.7,308x164,no,unknown,unknown
radhika_apte,Radhika Apte,actors,unknown,unknown,datasets/raw\actors\radhika_apte\476e154b49.jpg,1,high,526.6,224x225,yes,unknown,unknown
radhika_apte,Radhika Apte,actors,unknown,unknown,datasets/raw\actors\radhika_apte\49c069630e.jpg,1,medium,48.5,960x540,yes,unknown,unknown
radhika_apte,Radhika Apte,actors,unknown,unknown,datasets/raw\actors\radhika_apte\4c900020f8.jpg,1,high,796.1,225x225,yes,unknown,unknown
radhika_apte,Radhika Apte,actors,unknown,unknown,datasets/raw\actors\radhika_apte\4d8ae753c6.jpg,1,high,789.8,225x225,yes,unknown,unknown
radhika_apte,Radhika Apte,actors,unknown,unknown,datasets/raw\actors\radhika_apte\5f1a4767c2.jpg,1,high,374.4,800x600,yes,unknown,unknown
radhika_apte,Radhika Apte,actors,unknown,unknown,datasets/raw\actors\radhika_apte\6c6a06e2fe.jpg,0,low,46.8,1200x900,no,unknown,unknown
radhika_apte,Radhika Apte,actors,unknown,unknown,datasets/raw\actors\radhika_apte\72f66a9e6a.jpg,1,high,785.2,259x194,yes,unknown,unknown
radhika_apte,Radhika Apte,actors,unknown,unknown,datasets/raw\actors\radhika_apte\9c2b2afa54.jpg,0,low,439.8,275x183,no,unknown,unknown
rahul_bose,Rahul Bose,actors,unknown,unknown,datasets/raw\actors\rahul_bose\03eebbfd72.jpg,1,high,1335.6,300x168,yes,unknown,unknown
rahul_bose,Rahul Bose,actors,unknown,unknown,datasets/raw\actors\rahul_bose\15b16ca093.jpg,0,low,238.9,800x500,no,unknown,unknown
rahul_bose,Rahul Bose,actors,unknown,unknown,datasets/raw\actors\rahul_bose\1bc681c1d2.jpg,1,high,1219.8,225x225,yes,unknown,unknown
rahul_bose,Rahul Bose,actors,unknown,unknown,datasets/raw\actors\rahul_bose\1f18621dd4.jpg,0,low,944.7,183x275,no,unknown,unknown
rahul_bose,Rahul Bose,actors,unknown,unknown,datasets/raw\actors\rahul_bose\2ef7619d1e.jpg,1,high,3821.6,203x248,yes,unknown,unknown
rahul_bose,Rahul Bose,actors,unknown,unknown,datasets/raw\actors\rahul_bose\32e7cc0ea7.jpg,0,low,52.1,800x600,no,unknown,unknown
rahul_bose,Rahul Bose,actors,unknown,unknown,datasets/raw\actors\rahul_bose\35acbee13b.jpg,1,high,574.4,864x1390,yes,unknown,unknown
rahul_bose,Rahul Bose,actors,unknown,unknown,datasets/raw\actors\rahul_bose\40e50d9b0e.jpg,0,low,127.3,640x474,no,unknown,unknown
rahul_bose,Rahul Bose,actors,unknown,unknown,datasets/raw\actors\rahul_bose\4b6bfe7c45.jpg,1,high,420.8,220x275,yes,unknown,unknown
rahul_bose,Rahul Bose,actors,unknown,unknown,datasets/raw\actors\rahul_bose\4ef0b1755e.jpg,0,low,99.7,855x571,no,unknown,unknown
rahul_bose,Rahul Bose,actors,unknown,unknown,datasets/raw\actors\rahul_bose\51fea4dd38.jpg,1,high,598.3,170x240,yes,unknown,unknown
rahul_bose,Rahul Bose,actors,unknown,unknown,datasets/raw\actors\rahul_bose\5d427f1c70.jpg,0,low,3734.6,284x177,no,unknown,unknown
rahul_bose,Rahul Bose,actors,unknown,unknown,datasets/raw\actors\rahul_bose\5f7d429258.jpg,1,high,134.7,799x600,yes,unknown,unknown
rahul_bose,Rahul Bose,actors,unknown,unknown,datasets/raw\actors\rahul_bose\64dbb73773.jpg,0,low,55.6,1280x720,no,unknown,unknown
rahul_bose,Rahul Bose,actors,unknown,unknown,datasets/raw\actors\rahul_bose\6b530cca97.jpg,1,high,515.8,660x400,yes,unknown,unknown
rahul_bose,Rahul Bose,actors,unknown,unknown,datasets/raw\actors\rahul_bose\709f7e11fa.jpg,0,low,1387.0,198x255,no,unknown,unknown
rahul_bose,Rahul Bose,actors,unknown,unknown,datasets/raw\actors\rahul_bose\7aba437c4e.jpg,1,high,1107.9,251x201,yes,unknown,unknown
rahul_bose,Rahul Bose,actors,unknown,unknown,datasets/raw\actors\rahul_bose\7d46c883e8.jpg,1,high,881.2,290x174,yes,unknown,unknown
rahul_bose,Rahul Bose,actors,unknown,unknown,datasets/raw\actors\rahul_bose\7f21352e34.jpg,0,low,268.2,275x183,no,unknown,unknown
rahul_bose,Rahul Bose,actors,unknown,unknown,datasets/raw\actors\rahul_bose\9a8e586771.jpg,1,high,125.3,572x422,yes,unknown,unknown
rahul_bose,Rahul Bose,actors,unknown,unknown,datasets/raw\actors\rahul_bose\9cefb71bcb.jpg,1,high,149.1,706x437,yes,unknown,unknown
rahul_bose,Rahul Bose,actors,unknown,unknown,datasets/raw\actors\rahul_bose\9f3587df0a.jpg,1,high,157.7,660x500,yes,unknown,unknown
rajat_kapoor,Rajat Kapoor,actors,unknown,unknown,datasets/raw\actors\rajat_kapoor\0442ba3fe7.jpg,1,medium,62.7,630x354,yes,unknown,unknown
rajat_kapoor,Rajat Kapoor,actors,unknown,unknown,datasets/raw\actors\rajat_kapoor\05cfb97109.jpg,1,high,696.4,188x267,yes,unknown,unknown
rajat_kapoor,Rajat Kapoor,actors,unknown,unknown,datasets/raw\actors\rajat_kapoor\0adad8a276.jpg,0,low,190.6,220x275,no,unknown,unknown
rajat_kapoor,Rajat Kapoor,actors,unknown,unknown,datasets/raw\actors\rajat_kapoor\1eb8d74cef.jpg,1,high,296.8,506x652,yes,unknown,unknown
rajat_kapoor,Rajat Kapoor,actors,unknown,unknown,datasets/raw\actors\rajat_kapoor\250ea52017.jpg,1,high,1007.1,170x240,yes,unknown,unknown
rajat_kapoor,Rajat Kapoor,actors,unknown,unknown,datasets/raw\actors\rajat_kapoor\26e5239767.jpg,1,high,522.8,225x225,yes,unknown,unknown
rajat_kapoor,Rajat Kapoor,actors,unknown,unknown,datasets/raw\actors\rajat_kapoor\271edb1277.jpg,1,high,937.6,647x486,yes,unknown,unknown
rajat_kapoor,Rajat Kapoor,actors,unknown,unknown,datasets/raw\actors\rajat_kapoor\2a68d2d662.jpg,1,high,1421.2,259x194,yes,unknown,unknown
rajat_kapoor,Rajat Kapoor,actors,unknown,unknown,datasets/raw\actors\rajat_kapoor\2d92e13899.jpg,0,low,1022.2,188x268,no,unknown,unknown
rajat_kapoor,Rajat Kapoor,actors,unknown,unknown,datasets/raw\actors\rajat_kapoor\350b758456.jpg,1,high,558.8,187x270,yes,unknown,unknown
rajat_kapoor,Rajat Kapoor,actors,unknown,unknown,datasets/raw\actors\rajat_kapoor\41c864a649.jpg,0,low,430.2,297x169,no,unknown,unknown
rajat_kapoor,Rajat Kapoor,actors,unknown,unknown,datasets/raw\actors\rajat_kapoor\4b6f3a5803.jpg,1,high,137.7,1280x720,yes,unknown,unknown
rajat_kapoor,Rajat Kapoor,actors,unknown,unknown,datasets/raw\actors\rajat_kapoor\4d9e5d92b1.jpg,0,low,1887.3,280x180,no,unknown,unknown
rajat_kapoor,Rajat Kapoor,actors,unknown,unknown,datasets/raw\actors\rajat_kapoor\5c8dbb8d4a.jpg,1,high,140.6,308x283,yes,unknown,unknown
rajat_kapoor,Rajat Kapoor,actors,unknown,unknown,datasets/raw\actors\rajat_kapoor\6febbc23c9.jpg,1,medium,93.1,630x450,yes,unknown,unknown
rajat_kapoor,Rajat Kapoor,actors,unknown,unknown,datasets/raw\actors\rajat_kapoor\703f9add2b.jpg,0,low,78.2,800x950,no,unknown,unknown
rajat_kapoor,Rajat Kapoor,actors,unknown,unknown,datasets/raw\actors\rajat_kapoor\769bb29da5.jpg,1,high,2185.6,245x206,yes,unknown,unknown
rajat_kapoor,Rajat Kapoor,actors,unknown,unknown,datasets/raw\actors\rajat_kapoor\7bfd66a0be.jpg,1,high,214.8,620x376,yes,unknown,unknown
rajat_kapoor,Rajat Kapoor,actors,unknown,unknown,datasets/raw\actors\rajat_kapoor\7e2f4126f5.jpg,1,high,442.9,258x196,yes,unknown,unknown
rajat_kapoor,Rajat Kapoor,actors,unknown,unknown,datasets/raw\actors\rajat_kapoor\8d241e9bcb.jpg,1,high,350.5,683x1024,yes,unknown,unknown
rajat_kapoor,Rajat Kapoor,actors,unknown,unknown,datasets/raw\actors\rajat_kapoor\8fa3ec5a8c.jpg,0,low,73.8,800x599,no,unknown,unknown
rajat_kapoor,Rajat Kapoor,actors,unknown,unknown,datasets/raw\actors\rajat_kapoor\95d4809181.jpg,1,high,180.9,585x439,yes,unknown,unknown
rajesh_khanna,Rajesh Khanna,actors,unknown,unknown,datasets/raw\actors\rajesh_khanna\0047f19059.jpg,1,high,456.1,620x450,yes,unknown,unknown
rajesh_khanna,Rajesh Khanna,actors,unknown,unknown,datasets/raw\actors\rajesh_khanna\0dc42736e8.jpg,0,low,1068.6,659x888,no,unknown,unknown
rajesh_khanna,Rajesh Khanna,actors,unknown,unknown,datasets/raw\actors\rajesh_khanna\33db160f77.jpg,1,medium,45.7,1224x1500,yes,unknown,unknown
rajesh_khanna,Rajesh Khanna,actors,unknown,unknown,datasets/raw\actors\rajesh_khanna\35ec920f24.jpg,1,high,371.6,260x194,yes,unknown,unknown
rajesh_khanna,Rajesh Khanna,actors,unknown,unknown,datasets/raw\actors\rajesh_khanna\41715ef8af.jpg,0,low,186.8,1099x1390,no,unknown,unknown
rajesh_khanna,Rajesh Khanna,actors,unknown,unknown,datasets/raw\actors\rajesh_khanna\4a8ab6baec.jpg,1,high,2525.3,225x225,yes,unknown,unknown
rajesh_khanna,Rajesh Khanna,actors,unknown,unknown,datasets/raw\actors\rajesh_khanna\4bda85b632.jpg,0,low,831.9,259x194,no,unknown,unknown
rajesh_khanna,Rajesh Khanna,actors,unknown,unknown,datasets/raw\actors\rajesh_khanna\4f7a967662.jpg,1,medium,92.6,810x421,yes,unknown,unknown
rajesh_khanna,Rajesh Khanna,actors,unknown,unknown,datasets/raw\actors\rajesh_khanna\5198c8421b.jpg,0,low,1177.7,173x291,no,unknown,unknown
rajesh_khanna,Rajesh Khanna,actors,unknown,unknown,datasets/raw\actors\rajesh_khanna\59b1e99e47.jpg,1,high,154.5,201x251,yes,unknown,unknown
rajesh_khanna,Rajesh Khanna,actors,unknown,unknown,datasets/raw\actors\rajesh_khanna\617f15d111.jpg,1,high,130.6,345x230,yes,unknown,unknown
rajesh_khanna,Rajesh Khanna,actors,unknown,unknown,datasets/raw\actors\rajesh_khanna\6d46feb233.jpg,0,low,3034.4,275x183,no,unknown,unknown
rajesh_khanna,Rajesh Khanna,actors,unknown,unknown,datasets/raw\actors\rajesh_khanna\7edc1bc15b.jpg,1,high,465.9,300x168,yes,unknown,unknown
rajesh_khanna,Rajesh Khanna,actors,unknown,unknown,datasets/raw\actors\rajesh_khanna\8cb80c0bcc.jpg,0,low,246.6,202x249,no,unknown,unknown
rajesh_khanna,Rajesh Khanna,actors,unknown,unknown,datasets/raw\actors\rajesh_khanna\9c93bfd85c.jpg,1,high,683.9,298x439,yes,unknown,unknown
rajesh_khanna,Rajesh Khanna,actors,unknown,unknown,datasets/raw\actors\rajesh_khanna\a4944239c3.jpg,0,low,202.6,1600x900,no,unknown,unknown
rajesh_khanna,Rajesh Khanna,actors,unknown,unknown,datasets/raw\actors\rajesh_khanna\ad0fe9a3c8.jpg,1,high,2512.0,181x278,yes,unknown,unknown
rajesh_khanna,Rajesh Khanna,actors,unknown,unknown,datasets/raw\actors\rajesh_khanna\bd73ce9a4c.jpg,0,low,516.6,222x227,no,unknown,unknown
rajesh_khanna,Rajesh Khanna,actors,unknown,unknown,datasets/raw\actors\rajesh_khanna\c71bc066a0.jpg,1,high,669.6,300x168,yes,unknown,unknown
rajinikanth,Rajinikanth,actors,unknown,unknown,datasets/raw\actors\rajinikanth\02fe47be45.jpg,1,high,4980.2,204x204,yes,unknown,unknown
rajinikanth,Rajinikanth,actors,unknown,unknown,datasets/raw\actors\rajinikanth\03b46a290a.jpg,1,high,954.7,770x513,yes,unknown,unknown
rajinikanth,Rajinikanth,actors,unknown,unknown,datasets/raw\actors\rajinikanth\0a2db4d70a.jpg,0,low,99.3,960x1198,no,unknown,unknown
rajinikanth,Rajinikanth,actors,unknown,unknown,datasets/raw\actors\rajinikanth\0cb074b866.jpg,1,high,326.7,600x338,yes,unknown,unknown
rajinikanth,Rajinikanth,actors,unknown,unknown,datasets/raw\actors\rajinikanth\14afaee3ac.jpg,1,high,768.4,770x433,yes,unknown,unknown
rajinikanth,Rajinikanth,actors,unknown,unknown,datasets/raw\actors\rajinikanth\17f03657a2.jpg,0,low,499.8,298x169,no,unknown,unknown
rajinikanth,Rajinikanth,actors,unknown,unknown,datasets/raw\actors\rajinikanth\28fc091fa5.jpg,1,high,615.2,214x317,yes,unknown,unknown
rajinikanth,Rajinikanth,actors,unknown,unknown,datasets/raw\actors\rajinikanth\3c04624a21.jpg,0,low,936.5,318x159,no,unknown,unknown
rajinikanth,Rajinikanth,actors,unknown,unknown,datasets/raw\actors\rajinikanth\3e08beb53c.jpg,1,high,876.2,300x168,yes,unknown,unknown
rajinikanth,Rajinikanth,actors,unknown,unknown,datasets/raw\actors\rajinikanth\3e0b0f4b46.jpg,1,high,2924.9,300x168,yes,unknown,unknown
rajinikanth,Rajinikanth,actors,unknown,unknown,datasets/raw\actors\rajinikanth\4e24b17d87.jpg,1,high,596.1,620x450,yes,unknown,unknown
rajinikanth,Rajinikanth,actors,unknown,unknown,datasets/raw\actors\rajinikanth\5d48795e4d.jpg,0,low,814.0,300x168,no,unknown,unknown
rajinikanth,Rajinikanth,actors,unknown,unknown,datasets/raw\actors\rajinikanth\63bb4816d9.jpg,1,high,559.7,260x194,yes,unknown,unknown
rajinikanth,Rajinikanth,actors,unknown,unknown,datasets/raw\actors\rajinikanth\6ba73108fa.jpg,1,high,859.2,300x168,yes,unknown,unknown
rajinikanth,Rajinikanth,actors,unknown,unknown,datasets/raw\actors\rajinikanth\6fce879e04.jpg,1,high,986.7,286x176,yes,unknown,unknown
rajinikanth,Rajinikanth,actors,unknown,unknown,datasets/raw\actors\rajinikanth\73dbf22a4e.jpg,1,high,528.8,208x242,yes,unknown,unknown
rajinikanth,Rajinikanth,actors,unknown,unknown,datasets/raw\actors\rajinikanth\7f7657676a.jpg,1,high,751.3,259x194,yes,unknown,unknown
rajinikanth,Rajinikanth,actors,unknown,unknown,datasets/raw\actors\rajinikanth\87eac232eb.jpg,1,high,104.7,400x300,yes,unknown,unknown
rajinikanth,Rajinikanth,actors,unknown,unknown,datasets/raw\actors\rajinikanth\8b6ff30f01.jpg,0,low,576.3,259x194,no,unknown,unknown
rajinikanth,Rajinikanth,actors,unknown,unknown,datasets/raw\actors\rajinikanth\8cd566041f.jpg,1,high,476.0,300x168,yes,unknown,unknown
rajinikanth,Rajinikanth,actors,unknown,unknown,datasets/raw\actors\rajinikanth\90e90faa1a.jpg,1,high,768.4,275x183,yes,unknown,unknown
rajinikanth,Rajinikanth,actors,unknown,unknown,datasets/raw\actors\rajinikanth\9b631f7489.jpg,1,high,638.2,220x206,yes,unknown,unknown
rajinikanth,Rajinikanth,actors,unknown,unknown,datasets/raw\actors\rajinikanth\9dbcd611a7.jpg,0,low,843.7,760x443,no,unknown,unknown
rajit_kapoor,Rajit Kapoor,actors,unknown,unknown,datasets/raw\actors\rajit_kapoor\0116311259.jpg,1,high,1351.2,304x166,yes,unknown,unknown
rajit_kapoor,Rajit Kapoor,actors,unknown,unknown,datasets/raw\actors\rajit_kapoor\03429e2b4c.jpg,0,low,2118.2,300x168,no,unknown,unknown
rajit_kapoor,Rajit Kapoor,actors,unknown,unknown,datasets/raw\actors\rajit_kapoor\0df43351db.jpg,1,high,1912.3,300x168,yes,unknown,unknown
rajit_kapoor,Rajit Kapoor,actors,unknown,unknown,datasets/raw\actors\rajit_kapoor\1cd797cacd.jpg,1,medium,94.6,630x354,yes,unknown,unknown
rajit_kapoor,Rajit Kapoor,actors,unknown,unknown,datasets/raw\actors\rajit_kapoor\1dd86cf8e4.jpg,1,high,312.9,500x500,yes,unknown,unknown
rajit_kapoor,Rajit Kapoor,actors,unknown,unknown,datasets/raw\actors\rajit_kapoor\22bd2821f6.jpg,0,low,444.2,209x241,no,unknown,unknown
rajit_kapoor,Rajit Kapoor,actors,unknown,unknown,datasets/raw\actors\rajit_kapoor\2b23945cfd.jpg,1,high,1272.7,204x204,yes,unknown,unknown
rajit_kapoor,Rajit Kapoor,actors,unknown,unknown,datasets/raw\actors\rajit_kapoor\2f50b9e435.jpg,1,high,410.1,250x250,yes,unknown,unknown
rajit_kapoor,Rajit Kapoor,actors,unknown,unknown,datasets/raw\actors\rajit_kapoor\324a1e879e.jpg,0,low,1043.2,297x170,no,unknown,unknown
rajit_kapoor,Rajit Kapoor,actors,unknown,unknown,datasets/raw\actors\rajit_kapoor\402e4d76be.jpg,1,high,194.0,162x202,yes,unknown,unknown
rajit_kapoor,Rajit Kapoor,actors,unknown,unknown,datasets/raw\actors\rajit_kapoor\501724a7f7.jpg,1,high,459.5,215x283,yes,unknown,unknown
rajit_kapoor,Rajit Kapoor,actors,unknown,unknown,datasets/raw\actors\rajit_kapoor\52e5fd6657.jpg,1,high,469.6,170x170,yes,unknown,unknown
rajit_kapoor,Rajit Kapoor,actors,unknown,unknown,datasets/raw\actors\rajit_kapoor\56e65a0d59.jpg,0,low,406.3,183x275,no,unknown,unknown
rajit_kapoor,Rajit Kapoor,actors,unknown,unknown,datasets/raw\actors\rajit_kapoor\5d4afeda83.jpg,1,high,1115.2,231x218,yes,unknown,unknown
rajit_kapoor,Rajit Kapoor,actors,unknown,unknown,datasets/raw\actors\rajit_kapoor\5e546088d4.jpg,1,high,1280.1,294x171,yes,unknown,unknown
rajit_kapoor,Rajit Kapoor,actors,unknown,unknown,datasets/raw\actors\rajit_kapoor\628b248afa.jpg,1,high,914.4,277x182,yes,unknown,unknown
rajit_kapoor,Rajit Kapoor,actors,unknown,unknown,datasets/raw\actors\rajit_kapoor\66bbfb4757.jpg,1,medium,91.3,620x450,yes,unknown,unknown
rajit_kapoor,Rajit Kapoor,actors,unknown,unknown,datasets/raw\actors\rajit_kapoor\75106f9809.jpg,0,low,1234.0,175x175,no,unknown,unknown
rajit_kapoor,Rajit Kapoor,actors,unknown,unknown,datasets/raw\actors\rajit_kapoor\7edb7e3ee3.jpg,1,high,465.9,650x400,yes,unknown,unknown
rajit_kapoor,Rajit Kapoor,actors,unknown,unknown,datasets/raw\actors\rajit_kapoor\82e1fbbb65.jpg,1,high,2302.2,186x271,yes,unknown,unknown
rajit_kapoor,Rajit Kapoor,actors,unknown,unknown,datasets/raw\actors\rajit_kapoor\8522231696.jpg,0,low,130.6,259x194,no,unknown,unknown
rajit_kapoor,Rajit Kapoor,actors,unknown,unknown,datasets/raw\actors\rajit_kapoor\9c32c4af38.jpg,1,high,863.8,170x240,yes,unknown,unknown
rajit_kapoor,Rajit Kapoor,actors,unknown,unknown,datasets/raw\actors\rajit_kapoor\a10ac4016e.jpg,1,medium,43.6,819x1083,yes,unknown,unknown
rajit_kapoor,Rajit Kapoor,actors,unknown,unknown,datasets/raw\actors\rajit_kapoor\a3fd8a8aed.jpg,0,low,546.1,254x198,no,unknown,unknown
rajkummar_rao,Rajkummar Rao,actors,unknown,unknown,datasets/raw\actors\rajkummar_rao\0616deee98.jpg,1,high,164.7,301x167,yes,unknown,unknown
rajkummar_rao,Rajkummar Rao,actors,unknown,unknown,datasets/raw\actors\rajkummar_rao\18f42840df.jpg,1,high,527.6,300x168,yes,unknown,unknown
rajkummar_rao,Rajkummar Rao,actors,unknown,unknown,datasets/raw\actors\rajkummar_rao\1a22ec2d46.jpg,1,high,134.1,1100x640,yes,unknown,unknown
rajkummar_rao,Rajkummar Rao,actors,unknown,unknown,datasets/raw\actors\rajkummar_rao\1c3b14cf77.jpg,0,low,1139.0,301x167,no,unknown,unknown
rajkummar_rao,Rajkummar Rao,actors,unknown,unknown,datasets/raw\actors\rajkummar_rao\1f93f1cce5.jpg,1,high,2451.3,197x256,yes,unknown,unknown
rajkummar_rao,Rajkummar Rao,actors,unknown,unknown,datasets/raw\actors\rajkummar_rao\21b9300987.jpg,0,low,1235.5,285x177,no,unknown,unknown
rajkummar_rao,Rajkummar Rao,actors,unknown,unknown,datasets/raw\actors\rajkummar_rao\23a4c20299.jpg,1,high,884.6,310x442,yes,unknown,unknown
rajkummar_rao,Rajkummar Rao,actors,unknown,unknown,datasets/raw\actors\rajkummar_rao\2926f5982e.jpg,1,high,1243.5,180x280,yes,unknown,unknown
rajkummar_rao,Rajkummar Rao,actors,unknown,unknown,datasets/raw\actors\rajkummar_rao\3014e23ac9.jpg,0,low,418.2,1200x669,no,unknown,unknown
rajkummar_rao,Rajkummar Rao,actors,unknown,unknown,datasets/raw\actors\rajkummar_rao\386e1fad3e.jpg,1,high,1878.2,506x652,yes,unknown,unknown
rajkummar_rao,Rajkummar Rao,actors,unknown,unknown,datasets/raw\actors\rajkummar_rao\3c682c7588.jpg,0,low,321.1,800x600,no,unknown,unknown
rajkummar_rao,Rajkummar Rao,actors,unknown,unknown,datasets/raw\actors\rajkummar_rao\439fd20eba.jpg,1,high,933.6,301x167,yes,unknown,unknown
rajkummar_rao,Rajkummar Rao,actors,unknown,unknown,datasets/raw\actors\rajkummar_rao\4614a0b144.jpg,1,high,358.8,204x204,yes,unknown,unknown
rajkummar_rao,Rajkummar Rao,actors,unknown,unknown,datasets/raw\actors\rajkummar_rao\4bd104c0e3.jpg,1,high,333.8,801x768,yes,unknown,unknown
rajkummar_rao,Rajkummar Rao,actors,unknown,unknown,datasets/raw\actors\rajkummar_rao\591eca6dc8.jpg,1,high,1324.0,250x375,yes,unknown,unknown
rajkummar_rao,Rajkummar Rao,actors,unknown,unknown,datasets/raw\actors\rajkummar_rao\5fef7c1211.jpg,0,low,99.3,1200x675,no,unknown,unknown
rajkummar_rao,Rajkummar Rao,actors,unknown,unknown,datasets/raw\actors\rajkummar_rao\795a98ef0e.jpg,1,high,3674.1,300x168,yes,unknown,unknown
rajkummar_rao,Rajkummar Rao,actors,unknown,unknown,datasets/raw\actors\rajkummar_rao\7d7974f7cd.jpg,0,low,1738.5,1280x720,no,unknown,unknown
rajkummar_rao,Rajkummar Rao,actors,unknown,unknown,datasets/raw\actors\rajkummar_rao\85eafc12fc.jpg,1,medium,41.3,800x600,yes,unknown,unknown
rajkummar_rao,Rajkummar Rao,actors,unknown,unknown,datasets/raw\actors\rajkummar_rao\8ea70ac40b.jpg,1,high,632.5,300x168,yes,unknown,unknown
rajpal_yadav,Rajpal Yadav,actors,unknown,unknown,datasets/raw\actors\rajpal_yadav\1663423945.jpg,1,high,236.7,400x400,yes,unknown,unknown
rajpal_yadav,Rajpal Yadav,actors,unknown,unknown,datasets/raw\actors\rajpal_yadav\4595804515.jpg,1,high,190.9,177x284,yes,unknown,unknown
rajpal_yadav,Rajpal Yadav,actors,unknown,unknown,datasets/raw\actors\rajpal_yadav\a1a146c487.jpg,0,low,722.4,299x168,no,unknown,unknown
rajpal_yadav,Rajpal Yadav,actors,unknown,unknown,datasets/raw\actors\rajpal_yadav\a8e007a4fa.jpg,1,high,649.7,259x194,yes,unknown,unknown
rajpal_yadav,Rajpal Yadav,actors,unknown,unknown,datasets/raw\actors\rajpal_yadav\b03b71b685.jpg,0,low,64.2,621x392,no,unknown,unknown
rajpal_yadav,Rajpal Yadav,actors,unknown,unknown,datasets/raw\actors\rajpal_yadav\b0a94fcddd.jpg,1,high,744.4,187x269,yes,unknown,unknown
rajpal_yadav,Rajpal Yadav,actors,unknown,unknown,datasets/raw\actors\rajpal_yadav\b4e656bf99.jpg,0,low,789.6,341x148,no,unknown,unknown
rajpal_yadav,Rajpal Yadav,actors,unknown,unknown,datasets/raw\actors\rajpal_yadav\b7b99a961f.jpg,1,high,189.8,640x480,yes,unknown,unknown
rajpal_yadav,Rajpal Yadav,actors,unknown,unknown,datasets/raw\actors\rajpal_yadav\b85c5ca450.jpg,1,high,685.4,800x600,yes,unknown,unknown
rajpal_yadav,Rajpal Yadav,actors,unknown,unknown,datasets/raw\actors\rajpal_yadav\c610da09ff.jpg,0,low,428.4,400x533,no,unknown,unknown
rajpal_yadav,Rajpal Yadav,actors,unknown,unknown,datasets/raw\actors\rajpal_yadav\c99571d6d6.jpg,1,high,1018.5,275x183,yes,unknown,unknown
rajpal_yadav,Rajpal Yadav,actors,unknown,unknown,datasets/raw\actors\rajpal_yadav\cf2630ac93.jpg,1,medium,85.2,630x371,yes,unknown,unknown
rajpal_yadav,Rajpal Yadav,actors,unknown,unknown,datasets/raw\actors\rajpal_yadav\d1797d1c54.jpg,1,high,768.1,235x235,yes,unknown,unknown
rajpal_yadav,Rajpal Yadav,actors,unknown,unknown,datasets/raw\actors\rajpal_yadav\da280a6c6d.jpg,0,low,494.6,185x273,no,unknown,unknown
rajpal_yadav,Rajpal Yadav,actors,unknown,unknown,datasets/raw\actors\rajpal_yadav\e0e3b8f172.jpg,1,medium,73.7,777x437,yes,unknown,unknown
rajpal_yadav,Rajpal Yadav,actors,unknown,unknown,datasets/raw\actors\rajpal_yadav\e345192319.jpg,1,high,910.2,283x178,yes,unknown,unknown
rajpal_yadav,Rajpal Yadav,actors,unknown,unknown,datasets/raw\actors\rajpal_yadav\e4c9a60176.jpg,1,high,268.3,256x197,yes,unknown,unknown
rajpal_yadav,Rajpal Yadav,actors,unknown,unknown,datasets/raw\actors\rajpal_yadav\e6dcd46885.jpg,1,high,193.7,875x583,yes,unknown,unknown
rajpal_yadav,Rajpal Yadav,actors,unknown,unknown,datasets/raw\actors\rajpal_yadav\ed9b39cc72.jpg,1,high,265.1,668x445,yes,unknown,unknown
rajpal_yadav,Rajpal Yadav,actors,unknown,unknown,datasets/raw\actors\rajpal_yadav\ef6183b7ec.jpg,1,high,343.9,220x316,yes,unknown,unknown
rajpal_yadav,Rajpal Yadav,actors,unknown,unknown,datasets/raw\actors\rajpal_yadav\f27d0314c6.jpg,0,low,299.5,295x171,no,unknown,unknown
rajpal_yadav,Rajpal Yadav,actors,unknown,unknown,datasets/raw\actors\rajpal_yadav\f3c7ea15e0.jpg,1,high,178.4,534x356,yes,unknown,unknown
rajpal_yadav,Rajpal Yadav,actors,unknown,unknown,datasets/raw\actors\rajpal_yadav\fa36d94fa8.jpg,0,low,797.9,259x194,no,unknown,unknown
rajpal_yadav,Rajpal Yadav,actors,unknown,unknown,datasets/raw\actors\rajpal_yadav\fd5e1d730a.jpg,1,high,865.8,197x256,yes,unknown,unknown
raj_babbar,Raj Babbar,actors,unknown,unknown,datasets/raw\actors\raj_babbar\00269e6577.jpg,1,high,359.8,650x433,yes,unknown,unknown
raj_babbar,Raj Babbar,actors,unknown,unknown,datasets/raw\actors\raj_babbar\0193f4e107.jpg,1,high,214.7,301x167,yes,unknown,unknown
raj_babbar,Raj Babbar,actors,unknown,unknown,datasets/raw\actors\raj_babbar\0685b2b431.jpg,1,high,716.7,285x177,yes,unknown,unknown
raj_babbar,Raj Babbar,actors,unknown,unknown,datasets/raw\actors\raj_babbar\10279837dd.jpg,1,high,793.1,299x168,yes,unknown,unknown
raj_babbar,Raj Babbar,actors,unknown,unknown,datasets/raw\actors\raj_babbar\30868743a1.jpg,0,low,226.6,948x1390,no,unknown,unknown
raj_babbar,Raj Babbar,actors,unknown,unknown,datasets/raw\actors\raj_babbar\38545e03e5.jpg,1,high,226.4,195x258,yes,unknown,unknown
raj_babbar,Raj Babbar,actors,unknown,unknown,datasets/raw\actors\raj_babbar\444a93ec47.jpg,1,high,233.8,220x220,yes,unknown,unknown
raj_babbar,Raj Babbar,actors,unknown,unknown,datasets/raw\actors\raj_babbar\49066904af.jpg,0,low,914.8,284x177,no,unknown,unknown
raj_babbar,Raj Babbar,actors,unknown,unknown,datasets/raw\actors\raj_babbar\59d7421059.jpg,1,high,452.4,280x180,yes,unknown,unknown
raj_babbar,Raj Babbar,actors,unknown,unknown,datasets/raw\actors\raj_babbar\61cd65e699.jpg,0,low,1228.0,1069x580,no,unknown,unknown
raj_babbar,Raj Babbar,actors,unknown,unknown,datasets/raw\actors\raj_babbar\638f7dea32.jpg,1,high,174.2,628x440,yes,unknown,unknown
raj_babbar,Raj Babbar,actors,unknown,unknown,datasets/raw\actors\raj_babbar\792d15fa88.jpg,0,low,449.3,275x183,no,unknown,unknown
raj_babbar,Raj Babbar,actors,unknown,unknown,datasets/raw\actors\raj_babbar\88f230e1dd.jpg,1,high,185.2,960x958,yes,unknown,unknown
raj_babbar,Raj Babbar,actors,unknown,unknown,datasets/raw\actors\raj_babbar\950c5136bb.jpg,1,medium,47.2,855x571,yes,unknown,unknown
raj_babbar,Raj Babbar,actors,unknown,unknown,datasets/raw\actors\raj_babbar\9637b013ee.jpg,1,high,721.0,299x168,yes,unknown,unknown
raj_babbar,Raj Babbar,actors,unknown,unknown,datasets/raw\actors\raj_babbar\b744eda0e6.jpg,1,high,148.8,1200x864,yes,unknown,unknown
raj_babbar,Raj Babbar,actors,unknown,unknown,datasets/raw\actors\raj_babbar\d14cfdcd77.jpg,1,high,149.9,275x183,yes,unknown,unknown
raj_babbar,Raj Babbar,actors,unknown,unknown,datasets/raw\actors\raj_babbar\d735c6d7ac.jpg,0,low,556.6,300x168,no,unknown,unknown
raj_babbar,Raj Babbar,actors,unknown,unknown,datasets/raw\actors\raj_babbar\eabe95adb2.jpg,1,high,518.9,225x225,yes,unknown,unknown
raj_babbar,Raj Babbar,actors,unknown,unknown,datasets/raw\actors\raj_babbar\f103425902.jpg,0,low,900.1,225x225,no,unknown,unknown
raj_babbar,Raj Babbar,actors,unknown,unknown,datasets/raw\actors\raj_babbar\f42dec5b9f.jpg,1,high,1271.1,416x416,yes,unknown,unknown
raj_babbar,Raj Babbar,actors,unknown,unknown,datasets/raw\actors\raj_babbar\ff5d0d1dc3.jpg,1,high,4150.9,177x285,yes,unknown,unknown
raj_kapoor,Raj Kapoor,actors,unknown,unknown,datasets/raw\actors\raj_kapoor\09bb768900.jpg,0,low,1403.7,228x221,no,unknown,unknown
raj_kapoor,Raj Kapoor,actors,unknown,unknown,datasets/raw\actors\raj_kapoor\191d1e710e.jpg,1,high,281.5,1191x675,yes,unknown,unknown
raj_kapoor,Raj Kapoor,actors,unknown,unknown,datasets/raw\actors\raj_kapoor\1b29bb399c.jpg,0,low,2790.5,172x293,no,unknown,unknown
raj_kapoor,Raj Kapoor,actors,unknown,unknown,datasets/raw\actors\raj_kapoor\293624c3d8.jpg,1,high,288.8,184x274,yes,unknown,unknown
raj_kapoor,Raj Kapoor,actors,unknown,unknown,datasets/raw\actors\raj_kapoor\2bbb6d7006.jpg,1,high,232.2,650x742,yes,unknown,unknown
raj_kapoor,Raj Kapoor,actors,unknown,unknown,datasets/raw\actors\raj_kapoor\38770b1075.jpg,1,high,425.2,214x317,yes,unknown,unknown
raj_kapoor,Raj Kapoor,actors,unknown,unknown,datasets/raw\actors\raj_kapoor\4a5e23567a.jpg,0,low,143.4,960x540,no,unknown,unknown
raj_kapoor,Raj Kapoor,actors,unknown,unknown,datasets/raw\actors\raj_kapoor\4c9946c889.jpg,1,high,867.5,300x168,yes,unknown,unknown
raj_kapoor,Raj Kapoor,actors,unknown,unknown,datasets/raw\actors\raj_kapoor\62092d3af8.jpg,1,high,264.3,150x182,yes,unknown,unknown
raj_kapoor,Raj Kapoor,actors,unknown,unknown,datasets/raw\actors\raj_kapoor\626f796c1a.jpg,0,low,699.2,300x168,no,unknown,unknown
raj_kapoor,Raj Kapoor,actors,unknown,unknown,datasets/raw\actors\raj_kapoor\6453f8de52.jpg,1,high,1234.3,242x208,yes,unknown,unknown
raj_kapoor,Raj Kapoor,actors,unknown,unknown,datasets/raw\actors\raj_kapoor\7e1ce12812.jpg,0,low,108.9,759x422,no,unknown,unknown
raj_kapoor,Raj Kapoor,actors,unknown,unknown,datasets/raw\actors\raj_kapoor\7f5fb61907.jpg,1,high,999.9,275x183,yes,unknown,unknown
raj_kapoor,Raj Kapoor,actors,unknown,unknown,datasets/raw\actors\raj_kapoor\8d8d1ef1cf.jpg,0,low,4262.0,240x179,no,unknown,unknown
raj_kapoor,Raj Kapoor,actors,unknown,unknown,datasets/raw\actors\raj_kapoor\a7322848dc.jpg,1,medium,95.0,616x713,yes,unknown,unknown
raj_kapoor,Raj Kapoor,actors,unknown,unknown,datasets/raw\actors\raj_kapoor\b68141e43d.jpg,1,high,190.1,200x252,yes,unknown,unknown
raj_kapoor,Raj Kapoor,actors,unknown,unknown,datasets/raw\actors\raj_kapoor\c783fe9cf6.jpg,0,low,1311.0,534x356,no,unknown,unknown
raj_kapoor,Raj Kapoor,actors,unknown,unknown,datasets/raw\actors\raj_kapoor\cb2aa96198.jpg,1,high,1649.4,300x168,yes,unknown,unknown
raj_kapoor,Raj Kapoor,actors,unknown,unknown,datasets/raw\actors\raj_kapoor\d162e40c1c.jpg,0,low,516.1,170x240,no,unknown,unknown
rakhee_gulzar,Rakhee Gulzar,actors,unknown,unknown,datasets/raw\actors\rakhee_gulzar\0865740e3f.jpg,1,high,1078.3,176x286,yes,unknown,unknown
rakhee_gulzar,Rakhee Gulzar,actors,unknown,unknown,datasets/raw\actors\rakhee_gulzar\0be1495761.jpg,0,low,799.7,640x512,no,unknown,unknown
rakhee_gulzar,Rakhee Gulzar,actors,unknown,unknown,datasets/raw\actors\rakhee_gulzar\1a3138b9a3.jpg,1,high,220.2,1200x803,yes,unknown,unknown
rakhee_gulzar,Rakhee Gulzar,actors,unknown,unknown,datasets/raw\actors\rakhee_gulzar\234057b05f.jpg,1,high,560.3,270x187,yes,unknown,unknown
rakhee_gulzar,Rakhee Gulzar,actors,unknown,unknown,datasets/raw\actors\rakhee_gulzar\276e4e5a11.jpg,0,low,139.9,289x175,no,unknown,unknown
rakhee_gulzar,Rakhee Gulzar,actors,unknown,unknown,datasets/raw\actors\rakhee_gulzar\2d76ae56dd.jpg,1,high,705.4,271x186,yes,unknown,unknown
rakhee_gulzar,Rakhee Gulzar,actors,unknown,unknown,datasets/raw\actors\rakhee_gulzar\37be467040.jpg,0,low,89.6,1021x1280,no,unknown,unknown
rakhee_gulzar,Rakhee Gulzar,actors,unknown,unknown,datasets/raw\actors\rakhee_gulzar\50dc4ce518.jpg,1,high,792.9,250x202,yes,unknown,unknown
rakhee_gulzar,Rakhee Gulzar,actors,unknown,unknown,datasets/raw\actors\rakhee_gulzar\56c4e40bc4.jpg,1,high,126.7,585x440,yes,unknown,unknown
rakhee_gulzar,Rakhee Gulzar,actors,unknown,unknown,datasets/raw\actors\rakhee_gulzar\5ab1c58b0c.jpg,1,high,1951.5,225x224,yes,unknown,unknown
rakhee_gulzar,Rakhee Gulzar,actors,unknown,unknown,datasets/raw\actors\rakhee_gulzar\657fe398aa.jpg,0,low,485.7,236x273,no,unknown,unknown
rakhee_gulzar,Rakhee Gulzar,actors,unknown,unknown,datasets/raw\actors\rakhee_gulzar\6a884b1cc2.jpg,1,medium,65.1,576x768,yes,unknown,unknown
rakhee_gulzar,Rakhee Gulzar,actors,unknown,unknown,datasets/raw\actors\rakhee_gulzar\6e46c9cc56.jpg,1,high,114.8,223x226,yes,unknown,unknown
rakhee_gulzar,Rakhee Gulzar,actors,unknown,unknown,datasets/raw\actors\rakhee_gulzar\77a3273dbb.jpg,0,low,1351.2,300x168,no,unknown,unknown
rakhee_gulzar,Rakhee Gulzar,actors,unknown,unknown,datasets/raw\actors\rakhee_gulzar\78ecf46a4e.jpg,1,high,5825.8,935x1400,yes,unknown,unknown
rakhee_gulzar,Rakhee Gulzar,actors,unknown,unknown,datasets/raw\actors\rakhee_gulzar\7a295eca12.jpg,1,high,316.5,206x245,yes,unknown,unknown
rakhee_gulzar,Rakhee Gulzar,actors,unknown,unknown,datasets/raw\actors\rakhee_gulzar\7e1779169b.jpg,0,low,332.9,202x250,no,unknown,unknown
rakhee_gulzar,Rakhee Gulzar,actors,unknown,unknown,datasets/raw\actors\rakhee_gulzar\821075a122.jpg,1,high,602.3,1024x579,yes,unknown,unknown
rakhee_gulzar,Rakhee Gulzar,actors,unknown,unknown,datasets/raw\actors\rakhee_gulzar\869425f84e.jpg,1,high,1160.1,183x275,yes,unknown,unknown
rakhee_gulzar,Rakhee Gulzar,actors,unknown,unknown,datasets/raw\actors\rakhee_gulzar\8c1d82aef2.jpg,0,low,583.7,435x290,no,unknown,unknown
rakhee_gulzar,Rakhee Gulzar,actors,unknown,unknown,datasets/raw\actors\rakhee_gulzar\8fea7fa64d.jpg,1,high,614.1,299x168,yes,unknown,unknown
rakhee_gulzar,Rakhee Gulzar,actors,unknown,unknown,datasets/raw\actors\rakhee_gulzar\9f11129496.jpg,0,low,1320.3,272x185,no,unknown,unknown
ramya_krishnan,Ramya Krishnan,actors,unknown,unknown,datasets/raw\actors\ramya_krishnan\02eb726319.jpg,1,high,1840.1,267x189,yes,unknown,unknown
ramya_krishnan,Ramya Krishnan,actors,unknown,unknown,datasets/raw\actors\ramya_krishnan\0e72217a8e.jpg,1,high,3281.5,259x194,yes,unknown,unknown
ramya_krishnan,Ramya Krishnan,actors,unknown,unknown,datasets/raw\actors\ramya_krishnan\0ffce634f2.jpg,0,low,267.2,770x431,no,unknown,unknown
ramya_krishnan,Ramya Krishnan,actors,unknown,unknown,datasets/raw\actors\ramya_krishnan\13da68d97d.jpg,1,high,835.1,275x183,yes,unknown,unknown
ramya_krishnan,Ramya Krishnan,actors,unknown,unknown,datasets/raw\actors\ramya_krishnan\1bb3ccc9e6.jpg,0,low,665.7,294x171,no,unknown,unknown
ramya_krishnan,Ramya Krishnan,actors,unknown,unknown,datasets/raw\actors\ramya_krishnan\1f9ad1c2fc.jpg,1,high,278.9,777x578,yes,unknown,unknown
ramya_krishnan,Ramya Krishnan,actors,unknown,unknown,datasets/raw\actors\ramya_krishnan\2fb92914be.jpg,0,low,1351.8,183x275,no,unknown,unknown
ramya_krishnan,Ramya Krishnan,actors,unknown,unknown,datasets/raw\actors\ramya_krishnan\3c6873fe88.jpg,1,high,694.1,183x275,yes,unknown,unknown
ramya_krishnan,Ramya Krishnan,actors,unknown,unknown,datasets/raw\actors\ramya_krishnan\3f440fca5d.jpg,1,high,1017.1,357x604,yes,unknown,unknown
ramya_krishnan,Ramya Krishnan,actors,unknown,unknown,datasets/raw\actors\ramya_krishnan\4f105facd7.jpg,0,low,304.3,615x332,no,unknown,unknown
ramya_krishnan,Ramya Krishnan,actors,unknown,unknown,datasets/raw\actors\ramya_krishnan\50f1617e51.jpg,1,high,449.5,250x202,yes,unknown,unknown
ramya_krishnan,Ramya Krishnan,actors,unknown,unknown,datasets/raw\actors\ramya_krishnan\5b06786e26.jpg,0,low,914.2,318x159,no,unknown,unknown
ramya_krishnan,Ramya Krishnan,actors,unknown,unknown,datasets/raw\actors\ramya_krishnan\5fad0745e5.jpg,1,high,997.7,194x259,yes,unknown,unknown
ramya_krishnan,Ramya Krishnan,actors,unknown,unknown,datasets/raw\actors\ramya_krishnan\67e4486cfd.jpg,0,low,949.7,183x275,no,unknown,unknown
ramya_krishnan,Ramya Krishnan,actors,unknown,unknown,datasets/raw\actors\ramya_krishnan\6e758a6011.jpg,1,high,512.5,183x276,yes,unknown,unknown
ramya_krishnan,Ramya Krishnan,actors,unknown,unknown,datasets/raw\actors\ramya_krishnan\71d414761c.jpg,0,low,949.5,261x193,no,unknown,unknown
ramya_krishnan,Ramya Krishnan,actors,unknown,unknown,datasets/raw\actors\ramya_krishnan\7c11a230d1.jpg,1,high,595.3,297x170,yes,unknown,unknown
ramya_krishnan,Ramya Krishnan,actors,unknown,unknown,datasets/raw\actors\ramya_krishnan\8a370688c2.jpg,0,low,450.5,1200x625,no,unknown,unknown
ramya_krishnan,Ramya Krishnan,actors,unknown,unknown,datasets/raw\actors\ramya_krishnan\8e2b20f225.jpg,1,high,342.1,683x1024,yes,unknown,unknown
ramya_krishnan,Ramya Krishnan,actors,unknown,unknown,datasets/raw\actors\ramya_krishnan\96afa0a328.jpg,0,low,81.5,800x600,no,unknown,unknown
ranbir_kapoor,Ranbir Kapoor,actors,unknown,unknown,datasets/raw\actors\ranbir_kapoor\03c5f0b3c0.jpg,1,medium,72.8,750x430,yes,unknown,unknown
ranbir_kapoor,Ranbir Kapoor,actors,unknown,unknown,datasets/raw\actors\ranbir_kapoor\1048c9205a.jpg,1,high,321.0,506x652,yes,unknown,unknown
ranbir_kapoor,Ranbir Kapoor,actors,unknown,unknown,datasets/raw\actors\ranbir_kapoor\14893f24b7.jpg,0,low,125.2,715x402,no,unknown,unknown
ranbir_kapoor,Ranbir Kapoor,actors,unknown,unknown,datasets/raw\actors\ranbir_kapoor\15f0053e81.jpg,1,high,678.8,251x201,yes,unknown,unknown
ranbir_kapoor,Ranbir Kapoor,actors,unknown,unknown,datasets/raw\actors\ranbir_kapoor\209542befb.jpg,0,low,594.2,300x168,no,unknown,unknown
ranbir_kapoor,Ranbir Kapoor,actors,unknown,unknown,datasets/raw\actors\ranbir_kapoor\2eec05d6f6.jpg,1,high,1130.5,194x259,yes,unknown,unknown
ranbir_kapoor,Ranbir Kapoor,actors,unknown,unknown,datasets/raw\actors\ranbir_kapoor\402543884c.jpg,0,low,43.4,720x896,no,unknown,unknown
ranbir_kapoor,Ranbir Kapoor,actors,unknown,unknown,datasets/raw\actors\ranbir_kapoor\49c4c2c4c4.jpg,1,medium,76.0,1200x900,yes,unknown,unknown
ranbir_kapoor,Ranbir Kapoor,actors,unknown,unknown,datasets/raw\actors\ranbir_kapoor\58f40cb116.jpg,0,low,929.8,1280x720,no,unknown,unknown
ranbir_kapoor,Ranbir Kapoor,actors,unknown,unknown,datasets/raw\actors\ranbir_kapoor\6a4f7105bb.jpg,1,high,342.3,425x425,yes,unknown,unknown
ranbir_kapoor,Ranbir Kapoor,actors,unknown,unknown,datasets/raw\actors\ranbir_kapoor\78a1c5973b.jpg,1,high,12479.3,185x272,yes,unknown,unknown
ranbir_kapoor,Ranbir Kapoor,actors,unknown,unknown,datasets/raw\actors\ranbir_kapoor\7c3fb3bf07.jpg,0,low,3109.1,300x168,no,unknown,unknown
ranbir_kapoor,Ranbir Kapoor,actors,unknown,unknown,datasets/raw\actors\ranbir_kapoor\7f9e79cc55.jpg,1,high,177.2,1200x900,yes,unknown,unknown
ranbir_kapoor,Ranbir Kapoor,actors,unknown,unknown,datasets/raw\actors\ranbir_kapoor\88a5355915.jpg,0,low,473.9,246x205,no,unknown,unknown
ranbir_kapoor,Ranbir Kapoor,actors,unknown,unknown,datasets/raw\actors\ranbir_kapoor\948aa7aa38.jpg,1,high,252.4,408x408,yes,unknown,unknown
ranbir_kapoor,Ranbir Kapoor,actors,unknown,unknown,datasets/raw\actors\ranbir_kapoor\9cc31d33f6.jpg,0,low,775.0,277x182,no,unknown,unknown
ranbir_kapoor,Ranbir Kapoor,actors,unknown,unknown,datasets/raw\actors\ranbir_kapoor\9ce3fff9b2.jpg,1,high,1382.1,170x256,yes,unknown,unknown
ranbir_kapoor,Ranbir Kapoor,actors,unknown,unknown,datasets/raw\actors\ranbir_kapoor\abadaf8f65.jpg,1,high,2671.1,220x332,yes,unknown,unknown
randeep_hooda,Randeep Hooda,actors,unknown,unknown,datasets/raw\actors\randeep_hooda\050d9dd56e.jpg,0,low,860.6,800x500,no,unknown,unknown
randeep_hooda,Randeep Hooda,actors,unknown,unknown,datasets/raw\actors\randeep_hooda\06fd6966aa.jpg,1,high,197.8,198x255,yes,unknown,unknown
randeep_hooda,Randeep Hooda,actors,unknown,unknown,datasets/raw\actors\randeep_hooda\0cf11491e4.jpg,0,low,104.9,799x600,no,unknown,unknown
randeep_hooda,Randeep Hooda,actors,unknown,unknown,datasets/raw\actors\randeep_hooda\0f139ba898.jpg,1,high,657.1,214x317,yes,unknown,unknown
randeep_hooda,Randeep Hooda,actors,unknown,unknown,datasets/raw\actors\randeep_hooda\14ddeab1a6.jpg,0,low,3277.6,289x174,no,unknown,unknown
randeep_hooda,Randeep Hooda,actors,unknown,unknown,datasets/raw\actors\randeep_hooda\15c08608b3.jpg,1,high,291.2,300x168,yes,unknown,unknown
randeep_hooda,Randeep Hooda,actors,unknown,unknown,datasets/raw\actors\randeep_hooda\17ae2e7802.jpg,0,low,9227.3,290x193,no,unknown,unknown
randeep_hooda,Randeep Hooda,actors,unknown,unknown,datasets/raw\actors\randeep_hooda\1bbe0dda50.jpg,1,high,2426.8,184x273,yes,unknown,unknown
randeep_hooda,Randeep Hooda,actors,unknown,unknown,datasets/raw\actors\randeep_hooda\1d80cd5848.jpg,0,low,416.2,237x213,no,unknown,unknown
randeep_hooda,Randeep Hooda,actors,unknown,unknown,datasets/raw\actors\randeep_hooda\1efe77b0f0.jpg,1,high,283.9,1920x1282,yes,unknown,unknown
randeep_hooda,Randeep Hooda,actors,unknown,unknown,datasets/raw\actors\randeep_hooda\2dabb7638c.jpg,1,high,602.5,225x225,yes,unknown,unknown
randeep_hooda,Randeep Hooda,actors,unknown,unknown,datasets/raw\actors\randeep_hooda\3fbcb28f30.jpg,0,low,1951.6,299x168,no,unknown,unknown
randeep_hooda,Randeep Hooda,actors,unknown,unknown,datasets/raw\actors\randeep_hooda\49b2825d73.jpg,1,high,1117.1,259x194,yes,unknown,unknown
randeep_hooda,Randeep Hooda,actors,unknown,unknown,datasets/raw\actors\randeep_hooda\57cd5b810c.jpg,0,low,87.4,1069x580,no,unknown,unknown
randeep_hooda,Randeep Hooda,actors,unknown,unknown,datasets/raw\actors\randeep_hooda\5a837c618a.jpg,1,high,327.8,750x563,yes,unknown,unknown
randeep_hooda,Randeep Hooda,actors,unknown,unknown,datasets/raw\actors\randeep_hooda\70e623f061.jpg,0,low,1268.2,1280x720,no,unknown,unknown
randeep_hooda,Randeep Hooda,actors,unknown,unknown,datasets/raw\actors\randeep_hooda\7a1db708f3.jpg,1,high,223.5,410x410,yes,unknown,unknown
randeep_hooda,Randeep Hooda,actors,unknown,unknown,datasets/raw\actors\randeep_hooda\7dd0943bdc.jpg,0,low,2544.6,180x250,no,unknown,unknown
randeep_hooda,Randeep Hooda,actors,unknown,unknown,datasets/raw\actors\randeep_hooda\8eaf973d1a.jpg,1,high,767.1,213x237,yes,unknown,unknown
randeep_hooda,Randeep Hooda,actors,unknown,unknown,datasets/raw\actors\randeep_hooda\9ac2492dc4.jpg,0,low,1403.9,220x165,no,unknown,unknown
randeep_hooda,Randeep Hooda,actors,unknown,unknown,datasets/raw\actors\randeep_hooda\9f68413424.jpg,1,high,301.6,1200x667,yes,unknown,unknown
ranveer_singh,Ranveer Singh,actors,unknown,unknown,datasets/raw\actors\ranveer_singh\070e3813ac.jpg,0,low,832.9,301x167,no,unknown,unknown
ranveer_singh,Ranveer Singh,actors,unknown,unknown,datasets/raw\actors\ranveer_singh\0b3d3fa01d.jpg,1,high,925.4,198x255,yes,unknown,unknown
ranveer_singh,Ranveer Singh,actors,unknown,unknown,datasets/raw\actors\ranveer_singh\18939ded00.jpg,0,low,2089.9,301x167,no,unknown,unknown
ranveer_singh,Ranveer Singh,actors,unknown,unknown,datasets/raw\actors\ranveer_singh\1d682c738a.jpg,1,high,216.6,800x600,yes,unknown,unknown
ranveer_singh,Ranveer Singh,actors,unknown,unknown,datasets/raw\actors\ranveer_singh\24e25b2b4d.jpg,0,low,913.0,275x183,no,unknown,unknown
ranveer_singh,Ranveer Singh,actors,unknown,unknown,datasets/raw\actors\ranveer_singh\35383d51da.jpg,1,high,331.6,760x428,yes,unknown,unknown
ranveer_singh,Ranveer Singh,actors,unknown,unknown,datasets/raw\actors\ranveer_singh\378abc8d3f.jpg,0,low,89.3,1242x710,no,unknown,unknown
ranveer_singh,Ranveer Singh,actors,unknown,unknown,datasets/raw\actors\ranveer_singh\48d22a3be1.jpg,1,high,1882.4,300x168,yes,unknown,unknown
ranveer_singh,Ranveer Singh,actors,unknown,unknown,datasets/raw\actors\ranveer_singh\500bdebaa1.jpg,0,low,1329.5,216x233,no,unknown,unknown
ranveer_singh,Ranveer Singh,actors,unknown,unknown,datasets/raw\actors\ranveer_singh\5ab2e6efae.jpg,1,high,4574.9,300x168,yes,unknown,unknown
ranveer_singh,Ranveer Singh,actors,unknown,unknown,datasets/raw\actors\ranveer_singh\7640b28f0c.jpg,0,low,179.2,1000x1500,no,unknown,unknown
ranveer_singh,Ranveer Singh,actors,unknown,unknown,datasets/raw\actors\ranveer_singh\79d607d4da.jpg,1,high,826.0,286x176,yes,unknown,unknown
ranveer_singh,Ranveer Singh,actors,unknown,unknown,datasets/raw\actors\ranveer_singh\7d6a5a10bf.jpg,1,high,299.3,616x987,yes,unknown,unknown
ranveer_singh,Ranveer Singh,actors,unknown,unknown,datasets/raw\actors\ranveer_singh\8275d9f6a6.jpg,0,low,665.7,413x300,no,unknown,unknown
ranveer_singh,Ranveer Singh,actors,unknown,unknown,datasets/raw\actors\ranveer_singh\853a591352.jpg,1,high,222.2,1200x900,yes,unknown,unknown
ranveer_singh,Ranveer Singh,actors,unknown,unknown,datasets/raw\actors\ranveer_singh\8917426621.jpg,1,high,1656.1,275x183,yes,unknown,unknown
ranveer_singh,Ranveer Singh,actors,unknown,unknown,datasets/raw\actors\ranveer_singh\90b69e1a0e.jpg,1,high,890.9,261x193,yes,unknown,unknown
ranveer_singh,Ranveer Singh,actors,unknown,unknown,datasets/raw\actors\ranveer_singh\9b7f6d60cf.jpg,1,medium,92.3,621x414,yes,unknown,unknown
ranveer_singh,Ranveer Singh,actors,unknown,unknown,datasets/raw\actors\ranveer_singh\9fd48212a2.jpg,0,low,186.3,1000x679,no,unknown,unknown
ranvir_shorey,Ranvir Shorey,actors,unknown,unknown,datasets/raw\actors\ranvir_shorey\08fd7b4f3c.jpg,1,high,220.0,374x330,yes,unknown,unknown
ranvir_shorey,Ranvir Shorey,actors,unknown,unknown,datasets/raw\actors\ranvir_shorey\0a47021b02.jpg,0,low,87.1,800x448,no,unknown,unknown
ranvir_shorey,Ranvir Shorey,actors,unknown,unknown,datasets/raw\actors\ranvir_shorey\0e5e36b31d.jpg,1,medium,72.5,970x545,yes,unknown,unknown
ranvir_shorey,Ranvir Shorey,actors,unknown,unknown,datasets/raw\actors\ranvir_shorey\11fde585e7.jpg,0,low,452.2,180x280,no,unknown,unknown
ranvir_shorey,Ranvir Shorey,actors,unknown,unknown,datasets/raw\actors\ranvir_shorey\1922deeb8b.jpg,1,high,438.2,205x246,yes,unknown,unknown
ranvir_shorey,Ranvir Shorey,actors,unknown,unknown,datasets/raw\actors\ranvir_shorey\332e447e1c.jpg,0,low,1221.3,1200x630,no,unknown,unknown
ranvir_shorey,Ranvir Shorey,actors,unknown,unknown,datasets/raw\actors\ranvir_shorey\368e24dc37.jpg,1,high,407.0,275x183,yes,unknown,unknown
ranvir_shorey,Ranvir Shorey,actors,unknown,unknown,datasets/raw\actors\ranvir_shorey\42cacfd153.jpg,0,low,872.1,251x201,no,unknown,unknown
ranvir_shorey,Ranvir Shorey,actors,unknown,unknown,datasets/raw\actors\ranvir_shorey\4d2b2061d3.jpg,1,high,113.6,1200x675,yes,unknown,unknown
ranvir_shorey,Ranvir Shorey,actors,unknown,unknown,datasets/raw\actors\ranvir_shorey\51aeaf7603.jpg,1,high,456.8,770x433,yes,unknown,unknown
ranvir_shorey,Ranvir Shorey,actors,unknown,unknown,datasets/raw\actors\ranvir_shorey\51e0430b57.jpg,1,high,130.7,800x448,yes,unknown,unknown
ranvir_shorey,Ranvir Shorey,actors,unknown,unknown,datasets/raw\actors\ranvir_shorey\520de584fe.jpg,1,high,1119.1,259x194,yes,unknown,unknown
ranvir_shorey,Ranvir Shorey,actors,unknown,unknown,datasets/raw\actors\ranvir_shorey\5848af180e.jpg,0,low,52.5,700x400,no,unknown,unknown
ranvir_shorey,Ranvir Shorey,actors,unknown,unknown,datasets/raw\actors\ranvir_shorey\5fd81ed144.jpg,1,high,663.1,214x317,yes,unknown,unknown
ranvir_shorey,Ranvir Shorey,actors,unknown,unknown,datasets/raw\actors\ranvir_shorey\669fa011f0.jpg,0,low,864.6,259x194,no,unknown,unknown
ranvir_shorey,Ranvir Shorey,actors,unknown,unknown,datasets/raw\actors\ranvir_shorey\718a05f679.jpg,1,medium,72.0,960x540,yes,unknown,unknown
ranvir_shorey,Ranvir Shorey,actors,unknown,unknown,datasets/raw\actors\ranvir_shorey\71e9932155.jpg,1,high,429.5,400x400,yes,unknown,unknown
ranvir_shorey,Ranvir Shorey,actors,unknown,unknown,datasets/raw\actors\ranvir_shorey\7731f288c3.jpg,0,low,467.3,270x187,no,unknown,unknown
ranvir_shorey,Ranvir Shorey,actors,unknown,unknown,datasets/raw\actors\ranvir_shorey\78a295eb4c.jpg,1,high,775.9,220x275,yes,unknown,unknown
ranvir_shorey,Ranvir Shorey,actors,unknown,unknown,datasets/raw\actors\ranvir_shorey\7a17786a39.jpg,0,low,193.0,550x367,no,unknown,unknown
ranvir_shorey,Ranvir Shorey,actors,unknown,unknown,datasets/raw\actors\ranvir_shorey\80d193bed5.jpg,1,medium,89.5,750x563,yes,unknown,unknown
ranvir_shorey,Ranvir Shorey,actors,unknown,unknown,datasets/raw\actors\ranvir_shorey\839d4fee45.jpg,1,high,263.4,620x450,yes,unknown,unknown
ranvir_shorey,Ranvir Shorey,actors,unknown,unknown,datasets/raw\actors\ranvir_shorey\9b8daeed9a.jpg,1,high,1202.4,435x520,yes,unknown,unknown
ratna_pathak_shah,Ratna Pathak Shah,actors,unknown,unknown,datasets/raw\actors\ratna_pathak_shah\0140dd95fe.jpg,1,high,914.5,259x194,yes,unknown,unknown
ratna_pathak_shah,Ratna Pathak Shah,actors,unknown,unknown,datasets/raw\actors\ratna_pathak_shah\03b66f4161.jpg,1,high,113.2,321x157,yes,unknown,unknown
ratna_pathak_shah,Ratna Pathak Shah,actors,unknown,unknown,datasets/raw\actors\ratna_pathak_shah\05778d04db.jpg,0,low,287.0,188x268,no,unknown,unknown
ratna_pathak_shah,Ratna Pathak Shah,actors,unknown,unknown,datasets/raw\actors\ratna_pathak_shah\0721418861.jpg,1,high,812.6,759x422,yes,unknown,unknown
ratna_pathak_shah,Ratna Pathak Shah,actors,unknown,unknown,datasets/raw\actors\ratna_pathak_shah\10a6e04e90.jpg,0,low,1474.3,275x183,no,unknown,unknown
ratna_pathak_shah,Ratna Pathak Shah,actors,unknown,unknown,datasets/raw\actors\ratna_pathak_shah\17533d9be2.jpg,1,high,108.9,700x467,yes,unknown,unknown
ratna_pathak_shah,Ratna Pathak Shah,actors,unknown,unknown,datasets/raw\actors\ratna_pathak_shah\1feac0cfe2.jpg,1,high,2305.1,284x177,yes,unknown,unknown
ratna_pathak_shah,Ratna Pathak Shah,actors,unknown,unknown,datasets/raw\actors\ratna_pathak_shah\36f6ea2854.jpg,0,low,1006.8,294x171,no,unknown,unknown
ratna_pathak_shah,Ratna Pathak Shah,actors,unknown,unknown,datasets/raw\actors\ratna_pathak_shah\43f9d24e19.jpg,1,high,621.2,300x168,yes,unknown,unknown
ratna_pathak_shah,Ratna Pathak Shah,actors,unknown,unknown,datasets/raw\actors\ratna_pathak_shah\514436a57b.jpg,0,low,1788.7,640x502,no,unknown,unknown
ratna_pathak_shah,Ratna Pathak Shah,actors,unknown,unknown,datasets/raw\actors\ratna_pathak_shah\586522498a.jpg,1,high,203.5,700x400,yes,unknown,unknown
ratna_pathak_shah,Ratna Pathak Shah,actors,unknown,unknown,datasets/raw\actors\ratna_pathak_shah\610246ad41.jpg,1,high,531.7,300x168,yes,unknown,unknown
ratna_pathak_shah,Ratna Pathak Shah,actors,unknown,unknown,datasets/raw\actors\ratna_pathak_shah\65fb62510e.jpg,0,low,1285.9,299x168,no,unknown,unknown
ratna_pathak_shah,Ratna Pathak Shah,actors,unknown,unknown,datasets/raw\actors\ratna_pathak_shah\7369dc499d.jpg,1,high,567.5,310x163,yes,unknown,unknown
ratna_pathak_shah,Ratna Pathak Shah,actors,unknown,unknown,datasets/raw\actors\ratna_pathak_shah\75980cbe0c.jpg,1,high,1159.5,209x279,yes,unknown,unknown
ratna_pathak_shah,Ratna Pathak Shah,actors,unknown,unknown,datasets/raw\actors\ratna_pathak_shah\7d2eb20ae1.jpg,0,low,4019.9,194x260,no,unknown,unknown
ratna_pathak_shah,Ratna Pathak Shah,actors,unknown,unknown,datasets/raw\actors\ratna_pathak_shah\8aef2e11cb.jpg,1,high,480.0,300x168,yes,unknown,unknown
ratna_pathak_shah,Ratna Pathak Shah,actors,unknown,unknown,datasets/raw\actors\ratna_pathak_shah\98a1e8c16e.jpg,1,high,1095.9,600x400,yes,unknown,unknown
ratna_pathak_shah,Ratna Pathak Shah,actors,unknown,unknown,datasets/raw\actors\ratna_pathak_shah\9cb7374480.jpg,0,low,4373.6,259x195,no,unknown,unknown
ratna_pathak_shah,Ratna Pathak Shah,actors,unknown,unknown,datasets/raw\actors\ratna_pathak_shah\9fe45b19dc.jpg,1,high,590.6,170x240,yes,unknown,unknown
richa_chadha,Richa Chadha,actors,unknown,unknown,datasets/raw\actors\richa_chadha\09dd8374c2.jpg,0,low,813.7,317x159,no,unknown,unknown
richa_chadha,Richa Chadha,actors,unknown,unknown,datasets/raw\actors\richa_chadha\145f074ff7.jpg,1,high,481.7,275x183,yes,unknown,unknown
richa_chadha,Richa Chadha,actors,unknown,unknown,datasets/raw\actors\richa_chadha\1632e4d3fd.jpg,0,low,125.5,303x167,no,unknown,unknown
richa_chadha,Richa Chadha,actors,unknown,unknown,datasets/raw\actors\richa_chadha\1be3a71e06.jpg,1,high,6836.8,220x230,yes,unknown,unknown
richa_chadha,Richa Chadha,actors,unknown,unknown,datasets/raw\actors\richa_chadha\2cf5c41314.jpg,1,medium,54.2,770x433,yes,unknown,unknown
richa_chadha,Richa Chadha,actors,unknown,unknown,datasets/raw\actors\richa_chadha\3ba5246036.jpg,0,low,748.4,300x168,no,unknown,unknown
richa_chadha,Richa Chadha,actors,unknown,unknown,datasets/raw\actors\richa_chadha\46697ea2e6.jpg,1,medium,69.4,1200x900,yes,unknown,unknown
richa_chadha,Richa Chadha,actors,unknown,unknown,datasets/raw\actors\richa_chadha\48d190b2a2.jpg,1,high,928.2,620x414,yes,unknown,unknown
richa_chadha,Richa Chadha,actors,unknown,unknown,datasets/raw\actors\richa_chadha\50077b8785.jpg,1,high,1011.9,183x275,yes,unknown,unknown
richa_chadha,Richa Chadha,actors,unknown,unknown,datasets/raw\actors\richa_chadha\59d527286b.jpg,1,high,750.9,163x310,yes,unknown,unknown
richa_chadha,Richa Chadha,actors,unknown,unknown,datasets/raw\actors\richa_chadha\5be6b65c43.jpg,0,low,278.2,758x433,no,unknown,unknown
richa_chadha,Richa Chadha,actors,unknown,unknown,datasets/raw\actors\richa_chadha\5e2f9725f3.jpg,1,high,452.6,1900x1200,yes,unknown,unknown
richa_chadha,Richa Chadha,actors,unknown,unknown,datasets/raw\actors\richa_chadha\63792f6c7e.jpg,1,high,772.7,275x183,yes,unknown,unknown
richa_chadha,Richa Chadha,actors,unknown,unknown,datasets/raw\actors\richa_chadha\66292d8038.jpg,1,high,673.8,295x171,yes,unknown,unknown
richa_chadha,Richa Chadha,actors,unknown,unknown,datasets/raw\actors\richa_chadha\67084e991a.jpg,1,high,876.0,607x841,yes,unknown,unknown
richa_chadha,Richa Chadha,actors,unknown,unknown,datasets/raw\actors\richa_chadha\6bb4eb1381.jpg,0,low,306.9,700x643,no,unknown,unknown
richa_chadha,Richa Chadha,actors,unknown,unknown,datasets/raw\actors\richa_chadha\6f3635107d.jpg,1,high,136.3,1017x732,yes,unknown,unknown
richa_chadha,Richa Chadha,actors,unknown,unknown,datasets/raw\actors\richa_chadha\70ef0ab5bc.jpg,1,high,736.2,259x194,yes,unknown,unknown
richa_chadha,Richa Chadha,actors,unknown,unknown,datasets/raw\actors\richa_chadha\733c5f0a4c.jpg,0,low,927.4,274x184,no,unknown,unknown
richa_chadha,Richa Chadha,actors,unknown,unknown,datasets/raw\actors\richa_chadha\73c9508691.jpg,1,high,292.8,310x163,yes,unknown,unknown
richa_chadha,Richa Chadha,actors,unknown,unknown,datasets/raw\actors\richa_chadha\7b6a6bda76.jpg,1,high,497.9,650x400,yes,unknown,unknown
richa_chadha,Richa Chadha,actors,unknown,unknown,datasets/raw\actors\richa_chadha\7fc7d618d9.jpg,0,low,1070.1,297x170,no,unknown,unknown
richa_chadha,Richa Chadha,actors,unknown,unknown,datasets/raw\actors\richa_chadha\8d62e5677b.jpg,1,high,3293.6,275x183,yes,unknown,unknown
richa_chadha,Richa Chadha,actors,unknown,unknown,datasets/raw\actors\richa_chadha\9da5e03024.jpg,0,low,258.5,758x433,no,unknown,unknown
rishi_kapoor,Rishi Kapoor,actors,unknown,unknown,datasets/raw\actors\rishi_kapoor\0d6cca4e33.jpg,1,high,4011.5,183x275,yes,unknown,unknown
rishi_kapoor,Rishi Kapoor,actors,unknown,unknown,datasets/raw\actors\rishi_kapoor\135ed261b0.jpg,0,low,209.0,487x668,no,unknown,unknown
rishi_kapoor,Rishi Kapoor,actors,unknown,unknown,datasets/raw\actors\rishi_kapoor\1cf609f452.jpg,1,high,231.8,259x194,yes,unknown,unknown
rishi_kapoor,Rishi Kapoor,actors,unknown,unknown,datasets/raw\actors\rishi_kapoor\26f37037ea.jpg,0,low,90.1,284x177,no,unknown,unknown
rishi_kapoor,Rishi Kapoor,actors,unknown,unknown,datasets/raw\actors\rishi_kapoor\288e2100a9.jpg,1,medium,41.7,1200x900,yes,unknown,unknown
rishi_kapoor,Rishi Kapoor,actors,unknown,unknown,datasets/raw\actors\rishi_kapoor\28cc8e37a5.jpg,1,high,992.5,256x197,yes,unknown,unknown
rishi_kapoor,Rishi Kapoor,actors,unknown,unknown,datasets/raw\actors\rishi_kapoor\2bec0c8523.jpg,1,high,663.2,300x168,yes,unknown,unknown
rishi_kapoor,Rishi Kapoor,actors,unknown,unknown,datasets/raw\actors\rishi_kapoor\34aa089c1e.jpg,1,high,185.8,1000x750,yes,unknown,unknown
rishi_kapoor,Rishi Kapoor,actors,unknown,unknown,datasets/raw\actors\rishi_kapoor\3e36097082.jpg,1,high,1051.6,322x157,yes,unknown,unknown
rishi_kapoor,Rishi Kapoor,actors,unknown,unknown,datasets/raw\actors\rishi_kapoor\44e0f0225b.jpg,1,high,1577.1,246x205,yes,unknown,unknown
rishi_kapoor,Rishi Kapoor,actors,unknown,unknown,datasets/raw\actors\rishi_kapoor\57d0458bd4.jpg,1,high,243.1,670x407,yes,unknown,unknown
rishi_kapoor,Rishi Kapoor,actors,unknown,unknown,datasets/raw\actors\rishi_kapoor\587a4de981.jpg,1,medium,42.2,800x600,yes,unknown,unknown
rishi_kapoor,Rishi Kapoor,actors,unknown,unknown,datasets/raw\actors\rishi_kapoor\58dab0f1ee.jpg,1,high,1268.5,300x168,yes,unknown,unknown
rishi_kapoor,Rishi Kapoor,actors,unknown,unknown,datasets/raw\actors\rishi_kapoor\6d8243ae00.jpg,1,medium,75.5,1015x571,yes,unknown,unknown
rishi_kapoor,Rishi Kapoor,actors,unknown,unknown,datasets/raw\actors\rishi_kapoor\7beb14cd8f.jpg,0,low,1150.6,264x191,no,unknown,unknown
rishi_kapoor,Rishi Kapoor,actors,unknown,unknown,datasets/raw\actors\rishi_kapoor\85c9c26bd3.jpg,1,high,3074.0,297x170,yes,unknown,unknown
rishi_kapoor,Rishi Kapoor,actors,unknown,unknown,datasets/raw\actors\rishi_kapoor\9b4045f462.jpg,0,low,990.4,275x183,no,unknown,unknown
rishi_kapoor,Rishi Kapoor,actors,unknown,unknown,datasets/raw\actors\rishi_kapoor\b737e85535.jpg,1,medium,52.6,660x450,yes,unknown,unknown
rishi_kapoor,Rishi Kapoor,actors,unknown,unknown,datasets/raw\actors\rishi_kapoor\b811fa9e86.jpg,1,high,1080.3,204x204,yes,unknown,unknown
riteish_deshmukh,Riteish Deshmukh,actors,unknown,unknown,datasets/raw\actors\riteish_deshmukh\050c238360.jpg,1,high,155.2,700x594,yes,unknown,unknown
riteish_deshmukh,Riteish Deshmukh,actors,unknown,unknown,datasets/raw\actors\riteish_deshmukh\0b63b49fcd.jpg,0,low,164.3,800x800,no,unknown,unknown
riteish_deshmukh,Riteish Deshmukh,actors,unknown,unknown,datasets/raw\actors\riteish_deshmukh\0fd2c2f423.jpg,1,high,823.3,264x191,yes,unknown,unknown
riteish_deshmukh,Riteish Deshmukh,actors,unknown,unknown,datasets/raw\actors\riteish_deshmukh\18d2735d9f.jpg,0,low,359.4,300x168,no,unknown,unknown
riteish_deshmukh,Riteish Deshmukh,actors,unknown,unknown,datasets/raw\actors\riteish_deshmukh\2a79fe13fc.jpg,1,high,224.2,435x482,yes,unknown,unknown
riteish_deshmukh,Riteish Deshmukh,actors,unknown,unknown,datasets/raw\actors\riteish_deshmukh\38aa18d3ac.jpg,0,low,3505.8,268x188,no,unknown,unknown
riteish_deshmukh,Riteish Deshmukh,actors,unknown,unknown,datasets/raw\actors\riteish_deshmukh\418da4668b.jpg,1,high,693.8,290x174,yes,unknown,unknown
riteish_deshmukh,Riteish Deshmukh,actors,unknown,unknown,datasets/raw\actors\riteish_deshmukh\4e8e2817d4.jpg,0,low,1208.7,297x170,no,unknown,unknown
riteish_deshmukh,Riteish Deshmukh,actors,unknown,unknown,datasets/raw\actors\riteish_deshmukh\54027984a6.jpg,1,high,855.9,1200x900,yes,unknown,unknown
riteish_deshmukh,Riteish Deshmukh,actors,unknown,unknown,datasets/raw\actors\riteish_deshmukh\5b0cb6e52b.jpg,1,high,831.7,411x376,yes,unknown,unknown
riteish_deshmukh,Riteish Deshmukh,actors,unknown,unknown,datasets/raw\actors\riteish_deshmukh\6b2ee77b79.jpg,1,high,1399.9,198x255,yes,unknown,unknown
riteish_deshmukh,Riteish Deshmukh,actors,unknown,unknown,datasets/raw\actors\riteish_deshmukh\78e7a70fc1.jpg,0,low,2256.8,225x225,no,unknown,unknown
riteish_deshmukh,Riteish Deshmukh,actors,unknown,unknown,datasets/raw\actors\riteish_deshmukh\791b3e785a.jpg,1,high,460.7,630x420,yes,unknown,unknown
riteish_deshmukh,Riteish Deshmukh,actors,unknown,unknown,datasets/raw\actors\riteish_deshmukh\7f4c14d653.jpg,0,low,339.2,259x194,no,unknown,unknown
riteish_deshmukh,Riteish Deshmukh,actors,unknown,unknown,datasets/raw\actors\riteish_deshmukh\8deccd6761.jpg,1,high,2636.6,204x204,yes,unknown,unknown
riteish_deshmukh,Riteish Deshmukh,actors,unknown,unknown,datasets/raw\actors\riteish_deshmukh\98cbee4b75.jpg,0,low,621.5,1040x585,no,unknown,unknown
riteish_deshmukh,Riteish Deshmukh,actors,unknown,unknown,datasets/raw\actors\riteish_deshmukh\9ff7113e32.jpg,1,high,833.4,285x177,yes,unknown,unknown
riteish_deshmukh,Riteish Deshmukh,actors,unknown,unknown,datasets/raw\actors\riteish_deshmukh\a4140a1974.jpg,0,low,351.5,620x450,no,unknown,unknown
riteish_deshmukh,Riteish Deshmukh,actors,unknown,unknown,datasets/raw\actors\riteish_deshmukh\a8ba4d7e8d.jpg,1,high,843.0,259x194,yes,unknown,unknown
riteish_deshmukh,Riteish Deshmukh,actors,unknown,unknown,datasets/raw\actors\riteish_deshmukh\b3c8e5cfc1.jpg,1,medium,71.8,700x400,yes,unknown,unknown
sachin_khedekar,Sachin Khedekar,actors,unknown,unknown,datasets/raw\actors\sachin_khedekar\06854865d0.jpg,0,low,688.3,400x400,no,unknown,unknown
sachin_khedekar,Sachin Khedekar,actors,unknown,unknown,datasets/raw\actors\sachin_khedekar\477027c510.jpg,1,high,716.3,225x225,yes,unknown,unknown
sachin_khedekar,Sachin Khedekar,actors,unknown,unknown,datasets/raw\actors\sachin_khedekar\682494bac1.jpg,1,high,338.3,220x275,yes,unknown,unknown
sachin_khedekar,Sachin Khedekar,actors,unknown,unknown,datasets/raw\actors\sachin_khedekar\79917282dd.jpg,0,low,85.4,798x600,no,unknown,unknown
sachin_khedekar,Sachin Khedekar,actors,unknown,unknown,datasets/raw\actors\sachin_khedekar\91671a6641.jpg,1,high,4788.8,280x180,yes,unknown,unknown
sachin_khedekar,Sachin Khedekar,actors,unknown,unknown,datasets/raw\actors\sachin_khedekar\9806c6ac98.jpg,1,high,1036.5,225x225,yes,unknown,unknown
sachin_khedekar,Sachin Khedekar,actors,unknown,unknown,datasets/raw\actors\sachin_khedekar\a595ff0b3e.jpg,1,high,513.1,277x182,yes,unknown,unknown
sachin_khedekar,Sachin Khedekar,actors,unknown,unknown,datasets/raw\actors\sachin_khedekar\a8610f2fe2.jpg,1,high,940.4,1200x879,yes,unknown,unknown
sachin_khedekar,Sachin Khedekar,actors,unknown,unknown,datasets/raw\actors\sachin_khedekar\a89ab564eb.jpg,1,high,543.6,191x263,yes,unknown,unknown
sachin_khedekar,Sachin Khedekar,actors,unknown,unknown,datasets/raw\actors\sachin_khedekar\af7f311fd5.jpg,1,medium,54.2,1600x947,yes,unknown,unknown
sachin_khedekar,Sachin Khedekar,actors,unknown,unknown,datasets/raw\actors\sachin_khedekar\af8c46aef4.jpg,1,high,654.6,275x183,yes,unknown,unknown
sachin_khedekar,Sachin Khedekar,actors,unknown,unknown,datasets/raw\actors\sachin_khedekar\b0833d6f97.jpg,1,high,878.4,300x168,yes,unknown,unknown
sachin_khedekar,Sachin Khedekar,actors,unknown,unknown,datasets/raw\actors\sachin_khedekar\b23918f7ce.jpg,1,high,1076.9,240x175,yes,unknown,unknown
sachin_khedekar,Sachin Khedekar,actors,unknown,unknown,datasets/raw\actors\sachin_khedekar\b693b5a590.jpg,0,low,838.7,201x251,no,unknown,unknown
sachin_khedekar,Sachin Khedekar,actors,unknown,unknown,datasets/raw\actors\sachin_khedekar\b9e82f9de2.jpg,1,high,1679.8,259x194,yes,unknown,unknown
sachin_khedekar,Sachin Khedekar,actors,unknown,unknown,datasets/raw\actors\sachin_khedekar\bdaf04606d.jpg,1,high,194.2,480x360,yes,unknown,unknown
sachin_khedekar,Sachin Khedekar,actors,unknown,unknown,datasets/raw\actors\sachin_khedekar\c38f920565.jpg,1,high,1202.4,183x275,yes,unknown,unknown
sachin_khedekar,Sachin Khedekar,actors,unknown,unknown,datasets/raw\actors\sachin_khedekar\c55ef07c1f.jpg,0,low,911.9,196x258,no,unknown,unknown
sachin_khedekar,Sachin Khedekar,actors,unknown,unknown,datasets/raw\actors\sachin_khedekar\d101a481bd.jpg,1,high,748.6,190x266,yes,unknown,unknown
sachin_khedekar,Sachin Khedekar,actors,unknown,unknown,datasets/raw\actors\sachin_khedekar\d755582d03.jpg,0,low,336.4,250x506,no,unknown,unknown
sachin_khedekar,Sachin Khedekar,actors,unknown,unknown,datasets/raw\actors\sachin_khedekar\db4c70bb44.jpg,1,high,1809.0,296x170,yes,unknown,unknown
sachin_khedekar,Sachin Khedekar,actors,unknown,unknown,datasets/raw\actors\sachin_khedekar\dca9a6f350.jpg,1,high,209.2,550x467,yes,unknown,unknown
sachin_khedekar,Sachin Khedekar,actors,unknown,unknown,datasets/raw\actors\sachin_khedekar\deca243f43.jpg,1,high,191.1,384x285,yes,unknown,unknown
sachin_khedekar,Sachin Khedekar,actors,unknown,unknown,datasets/raw\actors\sachin_khedekar\e920ddf833.jpg,1,high,261.5,512x410,yes,unknown,unknown
sachin_khedekar,Sachin Khedekar,actors,unknown,unknown,datasets/raw\actors\sachin_khedekar\f08aec9697.jpg,0,low,569.5,229x220,no,unknown,unknown
sachin_khedekar,Sachin Khedekar,actors,unknown,unknown,datasets/raw\actors\sachin_khedekar\f1fc2e231b.jpg,1,high,485.1,738x1024,yes,unknown,unknown
sachin_khedekar,Sachin Khedekar,actors,unknown,unknown,datasets/raw\actors\sachin_khedekar\f1fe308c7c.jpg,0,low,4806.9,204x204,no,unknown,unknown
saeed_jaffrey,Saeed Jaffrey,actors,unknown,unknown,datasets/raw\actors\saeed_jaffrey\165225b91d.jpg,1,high,701.2,260x194,yes,unknown,unknown
saeed_jaffrey,Saeed Jaffrey,actors,unknown,unknown,datasets/raw\actors\saeed_jaffrey\33555cb253.jpg,1,high,286.7,300x401,yes,unknown,unknown
saeed_jaffrey,Saeed Jaffrey,actors,unknown,unknown,datasets/raw\actors\saeed_jaffrey\3746d3a3b9.jpg,1,high,1222.6,178x282,yes,unknown,unknown
saeed_jaffrey,Saeed Jaffrey,actors,unknown,unknown,datasets/raw\actors\saeed_jaffrey\54493a4992.jpg,0,low,52.8,1200x720,no,unknown,unknown
saeed_jaffrey,Saeed Jaffrey,actors,unknown,unknown,datasets/raw\actors\saeed_jaffrey\651ca3dc70.jpg,1,high,282.2,350x363,yes,unknown,unknown
saeed_jaffrey,Saeed Jaffrey,actors,unknown,unknown,datasets/raw\actors\saeed_jaffrey\687cf9eaea.jpg,1,high,1867.1,200x273,yes,unknown,unknown
saeed_jaffrey,Saeed Jaffrey,actors,unknown,unknown,datasets/raw\actors\saeed_jaffrey\755bbdcd65.jpg,0,low,797.1,416x416,no,unknown,unknown
saeed_jaffrey,Saeed Jaffrey,actors,unknown,unknown,datasets/raw\actors\saeed_jaffrey\91116e8d03.jpg,1,high,1145.4,185x272,yes,unknown,unknown
saeed_jaffrey,Saeed Jaffrey,actors,unknown,unknown,datasets/raw\actors\saeed_jaffrey\9351992121.jpg,1,high,1580.7,259x194,yes,unknown,unknown
saeed_jaffrey,Saeed Jaffrey,actors,unknown,unknown,datasets/raw\actors\saeed_jaffrey\944c5ebdcb.jpg,1,high,136.6,620x387,yes,unknown,unknown
saeed_jaffrey,Saeed Jaffrey,actors,unknown,unknown,datasets/raw\actors\saeed_jaffrey\947aa7974e.jpg,1,medium,48.3,500x360,yes,unknown,unknown
saeed_jaffrey,Saeed Jaffrey,actors,unknown,unknown,datasets/raw\actors\saeed_jaffrey\a66fb3f945.jpg,0,low,173.5,400x300,no,unknown,unknown
saeed_jaffrey,Saeed Jaffrey,actors,unknown,unknown,datasets/raw\actors\saeed_jaffrey\aa11be3035.jpg,1,medium,44.0,2045x3072,yes,unknown,unknown
saeed_jaffrey,Saeed Jaffrey,actors,unknown,unknown,datasets/raw\actors\saeed_jaffrey\b4847b4595.jpg,0,low,139.6,620x464,no,unknown,unknown
saeed_jaffrey,Saeed Jaffrey,actors,unknown,unknown,datasets/raw\actors\saeed_jaffrey\bf4e552126.jpg,1,high,2217.0,300x168,yes,unknown,unknown
saeed_jaffrey,Saeed Jaffrey,actors,unknown,unknown,datasets/raw\actors\saeed_jaffrey\c1afe5cc72.jpg,1,high,119.7,1024x576,yes,unknown,unknown
saeed_jaffrey,Saeed Jaffrey,actors,unknown,unknown,datasets/raw\actors\saeed_jaffrey\c69ac43673.jpg,1,high,270.2,421x236,yes,unknown,unknown
saeed_jaffrey,Saeed Jaffrey,actors,unknown,unknown,datasets/raw\actors\saeed_jaffrey\c725a638bc.jpg,1,high,1193.8,198x255,yes,unknown,unknown
saeed_jaffrey,Saeed Jaffrey,actors,unknown,unknown,datasets/raw\actors\saeed_jaffrey\c95eb5f4e0.jpg,0,low,3535.8,324x499,no,unknown,unknown
saeed_jaffrey,Saeed Jaffrey,actors,unknown,unknown,datasets/raw\actors\saeed_jaffrey\cf94a15fa3.jpg,1,high,254.3,985x1500,yes,unknown,unknown
saeed_jaffrey,Saeed Jaffrey,actors,unknown,unknown,datasets/raw\actors\saeed_jaffrey\dcbde74fe1.jpg,0,low,1061.8,261x193,no,unknown,unknown
saeed_jaffrey,Saeed Jaffrey,actors,unknown,unknown,datasets/raw\actors\saeed_jaffrey\e7e4af9e71.jpg,1,high,3152.3,960x400,yes,unknown,unknown
saeed_jaffrey,Saeed Jaffrey,actors,unknown,unknown,datasets/raw\actors\saeed_jaffrey\ef8839a416.jpg,0,low,5332.1,197x255,no,unknown,unknown
saeed_jaffrey,Saeed Jaffrey,actors,unknown,unknown,datasets/raw\actors\saeed_jaffrey\f402c93895.jpg,1,high,475.7,276x182,yes,unknown,unknown
saeed_jaffrey,Saeed Jaffrey,actors,unknown,unknown,datasets/raw\actors\saeed_jaffrey\fff948cc42.jpg,0,low,430.4,259x194,no,unknown,unknown
saif_ali_khan,Saif Ali Khan,actors,unknown,unknown,datasets/raw\actors\saif_ali_khan\01649aabe7.jpg,1,high,335.9,300x168,yes,unknown,unknown
saif_ali_khan,Saif Ali Khan,actors,unknown,unknown,datasets/raw\actors\saif_ali_khan\0467a9b8d8.jpg,0,low,673.4,259x194,no,unknown,unknown
saif_ali_khan,Saif Ali Khan,actors,unknown,unknown,datasets/raw\actors\saif_ali_khan\110990a3ab.jpg,1,high,1012.4,286x176,yes,unknown,unknown
saif_ali_khan,Saif Ali Khan,actors,unknown,unknown,datasets/raw\actors\saif_ali_khan\252a01ec64.jpg,0,low,181.1,630x354,no,unknown,unknown
saif_ali_khan,Saif Ali Khan,actors,unknown,unknown,datasets/raw\actors\saif_ali_khan\32c8ac990f.jpg,1,high,804.8,620x450,yes,unknown,unknown
saif_ali_khan,Saif Ali Khan,actors,unknown,unknown,datasets/raw\actors\saif_ali_khan\38da2d3235.jpg,1,high,249.6,225x225,yes,unknown,unknown
saif_ali_khan,Saif Ali Khan,actors,unknown,unknown,datasets/raw\actors\saif_ali_khan\40530c9135.jpg,0,low,569.7,300x168,no,unknown,unknown
saif_ali_khan,Saif Ali Khan,actors,unknown,unknown,datasets/raw\actors\saif_ali_khan\46895569f7.jpg,1,high,813.5,264x191,yes,unknown,unknown
saif_ali_khan,Saif Ali Khan,actors,unknown,unknown,datasets/raw\actors\saif_ali_khan\52c09704b9.jpg,1,high,3389.7,300x168,yes,unknown,unknown
saif_ali_khan,Saif Ali Khan,actors,unknown,unknown,datasets/raw\actors\saif_ali_khan\56eeb0b75f.jpg,1,high,700.7,275x183,yes,unknown,unknown
saif_ali_khan,Saif Ali Khan,actors,unknown,unknown,datasets/raw\actors\saif_ali_khan\59bbcb7115.jpg,0,low,279.1,540x405,no,unknown,unknown
saif_ali_khan,Saif Ali Khan,actors,unknown,unknown,datasets/raw\actors\saif_ali_khan\80ace5af50.jpg,1,high,760.4,1008x628,yes,unknown,unknown
saif_ali_khan,Saif Ali Khan,actors,unknown,unknown,datasets/raw\actors\saif_ali_khan\a599d3fb83.jpg,1,high,666.4,700x400,yes,unknown,unknown
saif_ali_khan,Saif Ali Khan,actors,unknown,unknown,datasets/raw\actors\saif_ali_khan\ae7d684453.jpg,0,low,4321.9,170x238,no,unknown,unknown
saif_ali_khan,Saif Ali Khan,actors,unknown,unknown,datasets/raw\actors\saif_ali_khan\c1c7555d85.jpg,1,high,547.2,734x531,yes,unknown,unknown
saif_ali_khan,Saif Ali Khan,actors,unknown,unknown,datasets/raw\actors\saif_ali_khan\d7e64037d5.jpg,0,low,49.0,1200x900,no,unknown,unknown
saif_ali_khan,Saif Ali Khan,actors,unknown,unknown,datasets/raw\actors\saif_ali_khan\e4f81d1848.jpg,1,high,129.8,1200x900,yes,unknown,unknown
saif_ali_khan,Saif Ali Khan,actors,unknown,unknown,datasets/raw\actors\saif_ali_khan\ecbda5e0ea.jpg,0,low,1307.4,280x392,no,unknown,unknown
saif_ali_khan,Saif Ali Khan,actors,unknown,unknown,datasets/raw\actors\saif_ali_khan\f64517d3b3.jpg,1,medium,81.9,1200x900,yes,unknown,unknown
salman_khan,Salman Khan,actors,unknown,unknown,datasets/raw\actors\salman_khan\033e4b6af9.jpg,0,low,134.1,1200x667,no,unknown,unknown
salman_khan,Salman Khan,actors,unknown,unknown,datasets/raw\actors\salman_khan\056cc86ca3.jpg,1,high,617.3,300x168,yes,unknown,unknown
salman_khan,Salman Khan,actors,unknown,unknown,datasets/raw\actors\salman_khan\05cb2f3529.jpg,1,medium,97.8,2560x1860,yes,unknown,unknown
salman_khan,Salman Khan,actors,unknown,unknown,datasets/raw\actors\salman_khan\0bec6c7b4e.jpg,0,low,447.3,194x260,no,unknown,unknown
salman_khan,Salman Khan,actors,unknown,unknown,datasets/raw\actors\salman_khan\1281e2c677.jpg,1,high,883.4,201x251,yes,unknown,unknown
salman_khan,Salman Khan,actors,unknown,unknown,datasets/raw\actors\salman_khan\1ccf95d2af.jpg,0,low,1542.4,300x168,no,unknown,unknown
salman_khan,Salman Khan,actors,unknown,unknown,datasets/raw\actors\salman_khan\1dca419bd7.jpg,1,medium,82.5,1280x720,yes,unknown,unknown
salman_khan,Salman Khan,actors,unknown,unknown,datasets/raw\actors\salman_khan\3049fac979.jpg,1,high,235.2,630x354,yes,unknown,unknown
salman_khan,Salman Khan,actors,unknown,unknown,datasets/raw\actors\salman_khan\3a9c455159.jpg,0,low,250.4,640x362,no,unknown,unknown
salman_khan,Salman Khan,actors,unknown,unknown,datasets/raw\actors\salman_khan\3eea01a823.jpg,1,high,147.9,800x565,yes,unknown,unknown
salman_khan,Salman Khan,actors,unknown,unknown,datasets/raw\actors\salman_khan\40b55e35c4.jpg,0,low,516.3,300x168,no,unknown,unknown
salman_khan,Salman Khan,actors,unknown,unknown,datasets/raw\actors\salman_khan\4888ea1b47.jpg,1,high,1011.5,296x170,yes,unknown,unknown
salman_khan,Salman Khan,actors,unknown,unknown,datasets/raw\actors\salman_khan\56fd779431.jpg,0,low,2302.5,980x701,no,unknown,unknown
salman_khan,Salman Khan,actors,unknown,unknown,datasets/raw\actors\salman_khan\5b3fd9c851.jpg,1,high,382.3,286x176,yes,unknown,unknown
salman_khan,Salman Khan,actors,unknown,unknown,datasets/raw\actors\salman_khan\62a29d6206.jpg,0,low,163.3,750x422,no,unknown,unknown
salman_khan,Salman Khan,actors,unknown,unknown,datasets/raw\actors\salman_khan\68f2f1619b.jpg,1,high,496.5,300x168,yes,unknown,unknown
salman_khan,Salman Khan,actors,unknown,unknown,datasets/raw\actors\salman_khan\76f6f0ed00.jpg,1,high,273.4,259x194,yes,unknown,unknown
salman_khan,Salman Khan,actors,unknown,unknown,datasets/raw\actors\salman_khan\7cd8765ed3.jpg,1,high,413.6,620x450,yes,unknown,unknown
salman_khan,Salman Khan,actors,unknown,unknown,datasets/raw\actors\salman_khan\816c32319e.jpg,1,high,375.0,650x488,yes,unknown,unknown
salman_khan,Salman Khan,actors,unknown,unknown,datasets/raw\actors\salman_khan\871ea7f5e5.jpg,0,low,442.3,259x194,no,unknown,unknown
salman_khan,Salman Khan,actors,unknown,unknown,datasets/raw\actors\salman_khan\8a93957a0f.jpg,1,high,363.8,1280x720,yes,unknown,unknown
salman_khan,Salman Khan,actors,unknown,unknown,datasets/raw\actors\salman_khan\94d3f16e31.jpg,0,low,911.5,286x176,no,unknown,unknown
salman_khan,Salman Khan,actors,unknown,unknown,datasets/raw\actors\salman_khan\9a28167f21.jpg,1,high,646.4,259x194,yes,unknown,unknown
salman_khan,Salman Khan,actors,unknown,unknown,datasets/raw\actors\salman_khan\9b6e1cb60f.jpg,1,high,177.7,800x600,yes,unknown,unknown
sanjay_dutt,Sanjay Dutt,actors,unknown,unknown,datasets/raw\actors\sanjay_dutt\076f0157ec.jpg,1,high,263.5,670x408,yes,unknown,unknown
sanjay_dutt,Sanjay Dutt,actors,unknown,unknown,datasets/raw\actors\sanjay_dutt\0d750cd3da.jpg,1,high,277.3,1200x900,yes,unknown,unknown
sanjay_dutt,Sanjay Dutt,actors,unknown,unknown,datasets/raw\actors\sanjay_dutt\13a6a9b464.jpg,0,low,1116.7,224x300,no,unknown,unknown
sanjay_dutt,Sanjay Dutt,actors,unknown,unknown,datasets/raw\actors\sanjay_dutt\1abfdc2b1c.jpg,1,medium,94.2,1200x800,yes,unknown,unknown
sanjay_dutt,Sanjay Dutt,actors,unknown,unknown,datasets/raw\actors\sanjay_dutt\20b60305f4.jpg,0,low,371.0,225x225,no,unknown,unknown
sanjay_dutt,Sanjay Dutt,actors,unknown,unknown,datasets/raw\actors\sanjay_dutt\23ae404e1e.jpg,1,high,476.8,630x1200,yes,unknown,unknown
sanjay_dutt,Sanjay Dutt,actors,unknown,unknown,datasets/raw\actors\sanjay_dutt\2c97187223.jpg,0,low,1783.0,297x170,no,unknown,unknown
sanjay_dutt,Sanjay Dutt,actors,unknown,unknown,datasets/raw\actors\sanjay_dutt\2db04cd664.jpg,1,high,992.0,268x188,yes,unknown,unknown
sanjay_dutt,Sanjay Dutt,actors,unknown,unknown,datasets/raw\actors\sanjay_dutt\2f2442c488.jpg,1,medium,44.9,620x450,yes,unknown,unknown
sanjay_dutt,Sanjay Dutt,actors,unknown,unknown,datasets/raw\actors\sanjay_dutt\33b23b5e56.jpg,1,high,181.1,300x168,yes,unknown,unknown
sanjay_dutt,Sanjay Dutt,actors,unknown,unknown,datasets/raw\actors\sanjay_dutt\37bed1e102.jpg,0,low,301.8,600x450,no,unknown,unknown
sanjay_dutt,Sanjay Dutt,actors,unknown,unknown,datasets/raw\actors\sanjay_dutt\3f04df5c5a.jpg,1,high,2035.4,275x183,yes,unknown,unknown
sanjay_dutt,Sanjay Dutt,actors,unknown,unknown,datasets/raw\actors\sanjay_dutt\419ee71296.jpg,1,medium,54.4,1091x1500,yes,unknown,unknown
sanjay_dutt,Sanjay Dutt,actors,unknown,unknown,datasets/raw\actors\sanjay_dutt\47c4d7c81a.jpg,0,low,94.7,800x600,no,unknown,unknown
sanjay_dutt,Sanjay Dutt,actors,unknown,unknown,datasets/raw\actors\sanjay_dutt\5f41dceb59.jpg,1,high,489.3,299x168,yes,unknown,unknown
sanjay_dutt,Sanjay Dutt,actors,unknown,unknown,datasets/raw\actors\sanjay_dutt\5f7fe18748.jpg,1,high,448.7,976x700,yes,unknown,unknown
sanjay_dutt,Sanjay Dutt,actors,unknown,unknown,datasets/raw\actors\sanjay_dutt\61d8bdf15a.jpg,0,low,70.1,1280x720,no,unknown,unknown
sanjay_dutt,Sanjay Dutt,actors,unknown,unknown,datasets/raw\actors\sanjay_dutt\6ace6244e4.jpg,1,high,653.9,264x191,yes,unknown,unknown
sanjay_dutt,Sanjay Dutt,actors,unknown,unknown,datasets/raw\actors\sanjay_dutt\6b8629e001.jpg,1,high,636.7,259x194,yes,unknown,unknown
sanjay_dutt,Sanjay Dutt,actors,unknown,unknown,datasets/raw\actors\sanjay_dutt\6cdccda619.jpg,0,low,1660.3,300x168,no,unknown,unknown
sanjay_dutt,Sanjay Dutt,actors,unknown,unknown,datasets/raw\actors\sanjay_dutt\72c8ddb354.jpg,1,high,640.5,600x450,yes,unknown,unknown
sanjay_dutt,Sanjay Dutt,actors,unknown,unknown,datasets/raw\actors\sanjay_dutt\9e7a609493.jpg,0,low,2240.1,650x400,no,unknown,unknown
sanjay_mishra,Sanjay Mishra,actors,unknown,unknown,datasets/raw\actors\sanjay_mishra\0b1baa292e.jpg,1,high,2260.5,300x250,yes,unknown,unknown
sanjay_mishra,Sanjay Mishra,actors,unknown,unknown,datasets/raw\actors\sanjay_mishra\0fb4c0e4e3.jpg,0,low,71.6,1242x710,no,unknown,unknown
sanjay_mishra,Sanjay Mishra,actors,unknown,unknown,datasets/raw\actors\sanjay_mishra\1d5b7f3a9d.jpg,1,high,162.6,630x1200,yes,unknown,unknown
sanjay_mishra,Sanjay Mishra,actors,unknown,unknown,datasets/raw\actors\sanjay_mishra\25ee219540.jpg,0,low,159.6,602x402,no,unknown,unknown
sanjay_mishra,Sanjay Mishra,actors,unknown,unknown,datasets/raw\actors\sanjay_mishra\30336c7ab7.jpg,1,high,978.8,1280x720,yes,unknown,unknown
sanjay_mishra,Sanjay Mishra,actors,unknown,unknown,datasets/raw\actors\sanjay_mishra\329264fd92.jpg,0,low,1247.5,188x267,no,unknown,unknown
sanjay_mishra,Sanjay Mishra,actors,unknown,unknown,datasets/raw\actors\sanjay_mishra\34693ddf56.jpg,1,high,1206.6,183x275,yes,unknown,unknown
sanjay_mishra,Sanjay Mishra,actors,unknown,unknown,datasets/raw\actors\sanjay_mishra\3768ac1651.jpg,0,low,944.3,960x540,no,unknown,unknown
sanjay_mishra,Sanjay Mishra,actors,unknown,unknown,datasets/raw\actors\sanjay_mishra\3bc2ce4a4e.jpg,1,high,371.2,300x168,yes,unknown,unknown
sanjay_mishra,Sanjay Mishra,actors,unknown,unknown,datasets/raw\actors\sanjay_mishra\44d61335cc.jpg,0,low,104.5,1070x580,no,unknown,unknown
sanjay_mishra,Sanjay Mishra,actors,unknown,unknown,datasets/raw\actors\sanjay_mishra\5835a14298.jpg,1,high,246.6,600x338,yes,unknown,unknown
sanjay_mishra,Sanjay Mishra,actors,unknown,unknown,datasets/raw\actors\sanjay_mishra\5d09464512.jpg,0,low,2732.5,800x600,no,unknown,unknown
sanjay_mishra,Sanjay Mishra,actors,unknown,unknown,datasets/raw\actors\sanjay_mishra\5d69f6b317.jpg,1,high,318.0,710x530,yes,unknown,unknown
sanjay_mishra,Sanjay Mishra,actors,unknown,unknown,datasets/raw\actors\sanjay_mishra\6089079c72.jpg,1,medium,73.2,855x571,yes,unknown,unknown
sanjay_mishra,Sanjay Mishra,actors,unknown,unknown,datasets/raw\actors\sanjay_mishra\661405ba7b.jpg,0,low,3076.5,301x167,no,unknown,unknown
sanjay_mishra,Sanjay Mishra,actors,unknown,unknown,datasets/raw\actors\sanjay_mishra\6cc07edb5c.jpg,1,medium,43.0,777x437,yes,unknown,unknown
sanjay_mishra,Sanjay Mishra,actors,unknown,unknown,datasets/raw\actors\sanjay_mishra\7028483158.jpg,1,high,562.5,800x1200,yes,unknown,unknown
sanjay_mishra,Sanjay Mishra,actors,unknown,unknown,datasets/raw\actors\sanjay_mishra\8333e16927.jpg,0,low,408.1,640x360,no,unknown,unknown
sanjay_mishra,Sanjay Mishra,actors,unknown,unknown,datasets/raw\actors\sanjay_mishra\862add0436.jpg,1,high,2211.7,284x177,yes,unknown,unknown
sanjay_mishra,Sanjay Mishra,actors,unknown,unknown,datasets/raw\actors\sanjay_mishra\8b93926d86.jpg,1,medium,67.1,1200x900,yes,unknown,unknown
sanjay_mishra,Sanjay Mishra,actors,unknown,unknown,datasets/raw\actors\sanjay_mishra\98ce76b1f2.jpg,1,high,1587.0,534x356,yes,unknown,unknown
shabana_azmi,Shabana Azmi,actors,unknown,unknown,datasets/raw\actors\shabana_azmi\016e509dd8.jpg,1,high,422.1,259x194,yes,unknown,unknown
shabana_azmi,Shabana Azmi,actors,unknown,unknown,datasets/raw\actors\shabana_azmi\0cdbdf1290.jpg,1,high,249.7,214x317,yes,unknown,unknown
shabana_azmi,Shabana Azmi,actors,unknown,unknown,datasets/raw\actors\shabana_azmi\13dad97451.jpg,0,low,413.3,1200x800,no,unknown,unknown
shabana_azmi,Shabana Azmi,actors,unknown,unknown,datasets/raw\actors\shabana_azmi\1cfd36317e.jpg,1,high,1463.1,259x194,yes,unknown,unknown
shabana_azmi,Shabana Azmi,actors,unknown,unknown,datasets/raw\actors\shabana_azmi\1f611f2ff0.jpg,0,low,1961.9,247x204,no,unknown,unknown
shabana_azmi,Shabana Azmi,actors,unknown,unknown,datasets/raw\actors\shabana_azmi\281e7c93b1.jpg,1,high,606.8,187x269,yes,unknown,unknown
shabana_azmi,Shabana Azmi,actors,unknown,unknown,datasets/raw\actors\shabana_azmi\2a21d73d8d.jpg,1,high,1481.7,300x300,yes,unknown,unknown
shabana_azmi,Shabana Azmi,actors,unknown,unknown,datasets/raw\actors\shabana_azmi\2c73788329.jpg,1,high,814.4,305x165,yes,unknown,unknown
shabana_azmi,Shabana Azmi,actors,unknown,unknown,datasets/raw\actors\shabana_azmi\309ee14e33.jpg,1,high,574.9,216x233,yes,unknown,unknown
shabana_azmi,Shabana Azmi,actors,unknown,unknown,datasets/raw\actors\shabana_azmi\35f802c930.jpg,0,low,2497.4,259x194,no,unknown,unknown
shabana_azmi,Shabana Azmi,actors,unknown,unknown,datasets/raw\actors\shabana_azmi\391c1f77c2.jpg,1,high,1414.7,260x194,yes,unknown,unknown
shabana_azmi,Shabana Azmi,actors,unknown,unknown,datasets/raw\actors\shabana_azmi\3c42b52266.jpg,1,high,158.2,627x412,yes,unknown,unknown
shabana_azmi,Shabana Azmi,actors,unknown,unknown,datasets/raw\actors\shabana_azmi\3d5e2a7352.jpg,1,high,809.6,275x183,yes,unknown,unknown
shabana_azmi,Shabana Azmi,actors,unknown,unknown,datasets/raw\actors\shabana_azmi\4770d871dd.jpg,1,medium,50.0,580x370,yes,unknown,unknown
shabana_azmi,Shabana Azmi,actors,unknown,unknown,datasets/raw\actors\shabana_azmi\4c7ce3210b.jpg,1,high,261.8,300x168,yes,unknown,unknown
shabana_azmi,Shabana Azmi,actors,unknown,unknown,datasets/raw\actors\shabana_azmi\517a10856d.jpg,1,high,872.9,275x183,yes,unknown,unknown
shabana_azmi,Shabana Azmi,actors,unknown,unknown,datasets/raw\actors\shabana_azmi\5409d95abf.jpg,1,high,106.8,628x440,yes,unknown,unknown
shabana_azmi,Shabana Azmi,actors,unknown,unknown,datasets/raw\actors\shabana_azmi\6d09d029cc.jpg,0,low,424.3,1280x720,no,unknown,unknown
shabana_azmi,Shabana Azmi,actors,unknown,unknown,datasets/raw\actors\shabana_azmi\793cbd9a50.jpg,1,high,477.9,290x174,yes,unknown,unknown
shabana_azmi,Shabana Azmi,actors,unknown,unknown,datasets/raw\actors\shabana_azmi\835e3dbbc8.jpg,1,high,777.7,318x159,yes,unknown,unknown
shabana_azmi,Shabana Azmi,actors,unknown,unknown,datasets/raw\actors\shabana_azmi\87f31546cf.jpg,1,high,1048.0,297x170,yes,unknown,unknown
shabana_azmi,Shabana Azmi,actors,unknown,unknown,datasets/raw\actors\shabana_azmi\8ebc80a4b4.jpg,0,low,150.8,1200x630,no,unknown,unknown
shah_rukh_khan,Shah Rukh Khan,actors,unknown,unknown,datasets/raw\actors\shah_rukh_khan\015fdfad08.jpg,1,high,2547.2,264x191,yes,unknown,unknown
shah_rukh_khan,Shah Rukh Khan,actors,unknown,unknown,datasets/raw\actors\shah_rukh_khan\0bbdb98f05.jpg,0,low,81.7,555x1200,no,unknown,unknown
shah_rukh_khan,Shah Rukh Khan,actors,unknown,unknown,datasets/raw\actors\shah_rukh_khan\15d93dea9e.jpg,1,high,102.8,620x450,yes,unknown,unknown
shah_rukh_khan,Shah Rukh Khan,actors,unknown,unknown,datasets/raw\actors\shah_rukh_khan\1a6f81b71b.jpg,1,high,4244.5,259x194,yes,unknown,unknown
shah_rukh_khan,Shah Rukh Khan,actors,unknown,unknown,datasets/raw\actors\shah_rukh_khan\25d3cbecdb.jpg,0,low,551.2,1280x720,no,unknown,unknown
shah_rukh_khan,Shah Rukh Khan,actors,unknown,unknown,datasets/raw\actors\shah_rukh_khan\341f7376b9.jpg,1,high,464.8,650x400,yes,unknown,unknown
shah_rukh_khan,Shah Rukh Khan,actors,unknown,unknown,datasets/raw\actors\shah_rukh_khan\398fa4529e.jpg,0,low,3790.2,301x167,no,unknown,unknown
shah_rukh_khan,Shah Rukh Khan,actors,unknown,unknown,datasets/raw\actors\shah_rukh_khan\522a48f72d.jpg,1,high,688.0,650x400,yes,unknown,unknown
shah_rukh_khan,Shah Rukh Khan,actors,unknown,unknown,datasets/raw\actors\shah_rukh_khan\541d7d0c4a.jpg,1,medium,47.6,855x571,yes,unknown,unknown
shah_rukh_khan,Shah Rukh Khan,actors,unknown,unknown,datasets/raw\actors\shah_rukh_khan\67eba8339e.jpg,0,low,314.6,521x775,no,unknown,unknown
shah_rukh_khan,Shah Rukh Khan,actors,unknown,unknown,datasets/raw\actors\shah_rukh_khan\68bde59a35.jpg,1,high,366.5,1200x800,yes,unknown,unknown
shah_rukh_khan,Shah Rukh Khan,actors,unknown,unknown,datasets/raw\actors\shah_rukh_khan\6bbe66b5ce.jpg,0,low,41.9,1200x667,no,unknown,unknown
shah_rukh_khan,Shah Rukh Khan,actors,unknown,unknown,datasets/raw\actors\shah_rukh_khan\6cce0b53ba.jpg,1,high,940.4,300x168,yes,unknown,unknown
shah_rukh_khan,Shah Rukh Khan,actors,unknown,unknown,datasets/raw\actors\shah_rukh_khan\71d4b500b5.jpg,1,medium,46.1,1200x900,yes,unknown,unknown
shah_rukh_khan,Shah Rukh Khan,actors,unknown,unknown,datasets/raw\actors\shah_rukh_khan\76174a2e5d.jpg,1,high,238.4,585x880,yes,unknown,unknown
shah_rukh_khan,Shah Rukh Khan,actors,unknown,unknown,datasets/raw\actors\shah_rukh_khan\7c095912b8.jpg,1,high,220.1,630x1200,yes,unknown,unknown
shah_rukh_khan,Shah Rukh Khan,actors,unknown,unknown,datasets/raw\actors\shah_rukh_khan\88bc12e5fa.jpg,0,low,56.2,850x1219,no,unknown,unknown
shah_rukh_khan,Shah Rukh Khan,actors,unknown,unknown,datasets/raw\actors\shah_rukh_khan\8956e96e89.jpg,1,high,431.8,369x529,yes,unknown,unknown
shah_rukh_khan,Shah Rukh Khan,actors,unknown,unknown,datasets/raw\actors\shah_rukh_khan\8ac975263e.jpg,0,low,204.7,1280x720,no,unknown,unknown
shah_rukh_khan,Shah Rukh Khan,actors,unknown,unknown,datasets/raw\actors\shah_rukh_khan\932f9d73ab.jpg,1,high,934.0,500x500,yes,unknown,unknown
shah_rukh_khan,Shah Rukh Khan,actors,unknown,unknown,datasets/raw\actors\shah_rukh_khan\94dca7043a.jpg,1,high,606.5,270x187,yes,unknown,unknown
shah_rukh_khan,Shah Rukh Khan,actors,unknown,unknown,datasets/raw\actors\shah_rukh_khan\94fd4c25fd.jpg,1,high,508.3,300x168,yes,unknown,unknown
shah_rukh_khan,Shah Rukh Khan,actors,unknown,unknown,datasets/raw\actors\shah_rukh_khan\986bbd43e8.jpg,1,high,212.2,539x500,yes,unknown,unknown
shah_rukh_khan,Shah Rukh Khan,actors,unknown,unknown,datasets/raw\actors\shah_rukh_khan\9bcb39d57e.jpg,1,high,1007.3,225x225,yes,unknown,unknown
sharman_joshi,Sharman Joshi,actors,unknown,unknown,datasets/raw\actors\sharman_joshi\01a239ce78.jpg,0,low,1938.8,191x263,no,unknown,unknown
sharman_joshi,Sharman Joshi,actors,unknown,unknown,datasets/raw\actors\sharman_joshi\04bbe78c9e.jpg,1,medium,83.5,1280x720,yes,unknown,unknown
sharman_joshi,Sharman Joshi,actors,unknown,unknown,datasets/raw\actors\sharman_joshi\0ebd8c61ff.jpg,1,high,1314.1,750x1129,yes,unknown,unknown
sharman_joshi,Sharman Joshi,actors,unknown,unknown,datasets/raw\actors\sharman_joshi\18d7049236.jpg,1,high,229.4,450x543,yes,unknown,unknown
sharman_joshi,Sharman Joshi,actors,unknown,unknown,datasets/raw\actors\sharman_joshi\1bd1a6987d.jpg,0,low,131.9,620x450,no,unknown,unknown
sharman_joshi,Sharman Joshi,actors,unknown,unknown,datasets/raw\actors\sharman_joshi\20bb38e4da.jpg,1,high,318.1,273x185,yes,unknown,unknown
sharman_joshi,Sharman Joshi,actors,unknown,unknown,datasets/raw\actors\sharman_joshi\2676fe51d8.jpg,1,high,1099.2,224x225,yes,unknown,unknown
sharman_joshi,Sharman Joshi,actors,unknown,unknown,datasets/raw\actors\sharman_joshi\268fdc7811.jpg,1,high,186.8,853x1066,yes,unknown,unknown
sharman_joshi,Sharman Joshi,actors,unknown,unknown,datasets/raw\actors\sharman_joshi\2c7440dd00.jpg,1,high,694.7,204x204,yes,unknown,unknown
sharman_joshi,Sharman Joshi,actors,unknown,unknown,datasets/raw\actors\sharman_joshi\2f9b207256.jpg,0,low,972.2,301x167,no,unknown,unknown
sharman_joshi,Sharman Joshi,actors,unknown,unknown,datasets/raw\actors\sharman_joshi\345d0ef4d1.jpg,1,high,3391.0,185x273,yes,unknown,unknown
sharman_joshi,Sharman Joshi,actors,unknown,unknown,datasets/raw\actors\sharman_joshi\3ebc57bc9e.jpg,0,low,68.9,1242x708,no,unknown,unknown
sharman_joshi,Sharman Joshi,actors,unknown,unknown,datasets/raw\actors\sharman_joshi\408d7d9a05.jpg,1,high,1233.7,275x183,yes,unknown,unknown
sharman_joshi,Sharman Joshi,actors,unknown,unknown,datasets/raw\actors\sharman_joshi\4aaae882ee.jpg,0,low,157.6,600x1067,no,unknown,unknown
sharman_joshi,Sharman Joshi,actors,unknown,unknown,datasets/raw\actors\sharman_joshi\532de424bd.jpg,1,high,1154.8,300x338,yes,unknown,unknown
sharman_joshi,Sharman Joshi,actors,unknown,unknown,datasets/raw\actors\sharman_joshi\58c010aac8.jpg,1,high,755.5,243x208,yes,unknown,unknown
sharman_joshi,Sharman Joshi,actors,unknown,unknown,datasets/raw\actors\sharman_joshi\600a58dd2c.jpg,0,low,1335.1,300x168,no,unknown,unknown
sharman_joshi,Sharman Joshi,actors,unknown,unknown,datasets/raw\actors\sharman_joshi\6d70a5e13f.jpg,1,high,154.3,600x338,yes,unknown,unknown
sharman_joshi,Sharman Joshi,actors,unknown,unknown,datasets/raw\actors\sharman_joshi\70ccb17263.jpg,1,high,670.4,292x173,yes,unknown,unknown
sharman_joshi,Sharman Joshi,actors,unknown,unknown,datasets/raw\actors\sharman_joshi\7ee36716ec.jpg,0,low,292.9,225x300,no,unknown,unknown
sharman_joshi,Sharman Joshi,actors,unknown,unknown,datasets/raw\actors\sharman_joshi\93ae4d4f5c.jpg,1,high,1043.8,180x280,yes,unknown,unknown
sharmila_tagore,Sharmila Tagore,actors,unknown,unknown,datasets/raw\actors\sharmila_tagore\0313f842e3.jpg,0,low,552.9,256x197,no,unknown,unknown
sharmila_tagore,Sharmila Tagore,actors,unknown,unknown,datasets/raw\actors\sharmila_tagore\0fc093dec4.jpg,1,high,2658.9,214x235,yes,unknown,unknown
sharmila_tagore,Sharmila Tagore,actors,unknown,unknown,datasets/raw\actors\sharmila_tagore\13760eb2aa.jpg,1,high,838.0,300x168,yes,unknown,unknown
sharmila_tagore,Sharmila Tagore,actors,unknown,unknown,datasets/raw\actors\sharmila_tagore\213d75049a.jpg,0,low,246.6,206x245,no,unknown,unknown
sharmila_tagore,Sharmila Tagore,actors,unknown,unknown,datasets/raw\actors\sharmila_tagore\2901ac8025.jpg,1,high,255.4,259x194,yes,unknown,unknown
sharmila_tagore,Sharmila Tagore,actors,unknown,unknown,datasets/raw\actors\sharmila_tagore\2b42f95316.jpg,1,high,113.6,759x422,yes,unknown,unknown
sharmila_tagore,Sharmila Tagore,actors,unknown,unknown,datasets/raw\actors\sharmila_tagore\35c1a76e2f.jpg,1,high,327.3,300x168,yes,unknown,unknown
sharmila_tagore,Sharmila Tagore,actors,unknown,unknown,datasets/raw\actors\sharmila_tagore\3ad96a4dd1.jpg,0,low,1494.2,264x191,no,unknown,unknown
sharmila_tagore,Sharmila Tagore,actors,unknown,unknown,datasets/raw\actors\sharmila_tagore\4470569ea6.jpg,1,high,185.3,1200x630,yes,unknown,unknown
sharmila_tagore,Sharmila Tagore,actors,unknown,unknown,datasets/raw\actors\sharmila_tagore\45097f0bb3.jpg,1,high,936.8,260x194,yes,unknown,unknown
sharmila_tagore,Sharmila Tagore,actors,unknown,unknown,datasets/raw\actors\sharmila_tagore\5593a33d44.jpg,0,low,407.3,318x158,no,unknown,unknown
sharmila_tagore,Sharmila Tagore,actors,unknown,unknown,datasets/raw\actors\sharmila_tagore\61e22eb2b2.jpg,1,high,3641.4,301x167,yes,unknown,unknown
sharmila_tagore,Sharmila Tagore,actors,unknown,unknown,datasets/raw\actors\sharmila_tagore\6e1832e2ff.jpg,0,low,191.3,630x1200,no,unknown,unknown
sharmila_tagore,Sharmila Tagore,actors,unknown,unknown,datasets/raw\actors\sharmila_tagore\7cd9e5b7e5.jpg,1,medium,44.1,800x448,yes,unknown,unknown
sharmila_tagore,Sharmila Tagore,actors,unknown,unknown,datasets/raw\actors\sharmila_tagore\89add1f978.jpg,0,low,756.7,300x168,no,unknown,unknown
sharmila_tagore,Sharmila Tagore,actors,unknown,unknown,datasets/raw\actors\sharmila_tagore\9199fda7c3.jpg,1,high,200.5,894x569,yes,unknown,unknown
sharmila_tagore,Sharmila Tagore,actors,unknown,unknown,datasets/raw\actors\sharmila_tagore\94692a104c.jpg,1,high,418.7,506x439,yes,unknown,unknown
sharmila_tagore,Sharmila Tagore,actors,unknown,unknown,datasets/raw\actors\sharmila_tagore\975bc15f98.jpg,0,low,1538.8,258x196,no,unknown,unknown
sharmila_tagore,Sharmila Tagore,actors,unknown,unknown,datasets/raw\actors\sharmila_tagore\add33b4755.jpg,1,high,603.7,909x980,yes,unknown,unknown
sharmila_tagore,Sharmila Tagore,actors,unknown,unknown,datasets/raw\actors\sharmila_tagore\ae81ced93b.jpg,0,low,186.3,275x183,no,unknown,unknown
sharmila_tagore,Sharmila Tagore,actors,unknown,unknown,datasets/raw\actors\sharmila_tagore\c2db69a4d5.jpg,1,high,2046.8,259x194,yes,unknown,unknown
shashi_kapoor,Shashi Kapoor,actors,unknown,unknown,datasets/raw\actors\shashi_kapoor\033ae3c072.jpg,0,low,760.4,275x183,no,unknown,unknown
shashi_kapoor,Shashi Kapoor,actors,unknown,unknown,datasets/raw\actors\shashi_kapoor\11e92bf065.jpg,1,high,607.7,1000x750,yes,unknown,unknown
shashi_kapoor,Shashi Kapoor,actors,unknown,unknown,datasets/raw\actors\shashi_kapoor\139c9e7e26.jpg,1,high,1166.6,260x194,yes,unknown,unknown
shashi_kapoor,Shashi Kapoor,actors,unknown,unknown,datasets/raw\actors\shashi_kapoor\1542bd30af.jpg,0,low,647.7,400x266,no,unknown,unknown
shashi_kapoor,Shashi Kapoor,actors,unknown,unknown,datasets/raw\actors\shashi_kapoor\1a77f9cd45.jpg,1,high,6199.0,220x165,yes,unknown,unknown
shashi_kapoor,Shashi Kapoor,actors,unknown,unknown,datasets/raw\actors\shashi_kapoor\1cc89ab9bf.jpg,0,low,1040.7,318x159,no,unknown,unknown
shashi_kapoor,Shashi Kapoor,actors,unknown,unknown,datasets/raw\actors\shashi_kapoor\2756e3ba98.jpg,1,medium,40.3,630x371,yes,unknown,unknown
shashi_kapoor,Shashi Kapoor,actors,unknown,unknown,datasets/raw\actors\shashi_kapoor\2b7cebc138.jpg,0,low,613.0,650x400,no,unknown,unknown
shashi_kapoor,Shashi Kapoor,actors,unknown,unknown,datasets/raw\actors\shashi_kapoor\2c9e6c1ba8.jpg,1,high,788.9,192x262,yes,unknown,unknown
shashi_kapoor,Shashi Kapoor,actors,unknown,unknown,datasets/raw\actors\shashi_kapoor\3c4a1e2462.jpg,1,medium,77.4,353x417,yes,unknown,unknown
shashi_kapoor,Shashi Kapoor,actors,unknown,unknown,datasets/raw\actors\shashi_kapoor\402c53f01a.jpg,0,low,222.7,970x545,no,unknown,unknown
shashi_kapoor,Shashi Kapoor,actors,unknown,unknown,datasets/raw\actors\shashi_kapoor\42c6c096cd.jpg,1,high,933.4,696x469,yes,unknown,unknown
shashi_kapoor,Shashi Kapoor,actors,unknown,unknown,datasets/raw\actors\shashi_kapoor\4c3ca3c060.jpg,0,low,3077.6,301x168,no,unknown,unknown
shashi_kapoor,Shashi Kapoor,actors,unknown,unknown,datasets/raw\actors\shashi_kapoor\53f66f3870.jpg,1,high,590.2,187x270,yes,unknown,unknown
shashi_kapoor,Shashi Kapoor,actors,unknown,unknown,datasets/raw\actors\shashi_kapoor\58ceb61cd4.jpg,0,low,512.8,612x612,no,unknown,unknown
shashi_kapoor,Shashi Kapoor,actors,unknown,unknown,datasets/raw\actors\shashi_kapoor\5f9c909f5a.jpg,1,high,120.6,640x480,yes,unknown,unknown
shashi_kapoor,Shashi Kapoor,actors,unknown,unknown,datasets/raw\actors\shashi_kapoor\60abc85b6c.jpg,1,high,427.6,647x404,yes,unknown,unknown
shashi_kapoor,Shashi Kapoor,actors,unknown,unknown,datasets/raw\actors\shashi_kapoor\6f55486a5d.jpg,1,medium,45.9,715x524,yes,unknown,unknown
shashi_kapoor,Shashi Kapoor,actors,unknown,unknown,datasets/raw\actors\shashi_kapoor\74aaefe2f2.jpg,0,low,292.3,736x1025,no,unknown,unknown
shashi_kapoor,Shashi Kapoor,actors,unknown,unknown,datasets/raw\actors\shashi_kapoor\7ecd833e13.jpg,1,high,348.7,480x360,yes,unknown,unknown
shashi_kapoor,Shashi Kapoor,actors,unknown,unknown,datasets/raw\actors\shashi_kapoor\8c51ea3036.jpg,0,low,787.3,275x184,no,unknown,unknown
shashi_kapoor,Shashi Kapoor,actors,unknown,unknown,datasets/raw\actors\shashi_kapoor\9c9cde6224.jpg,1,high,761.4,275x183,yes,unknown,unknown
shreyas_talpade,Shreyas Talpade,actors,unknown,unknown,datasets/raw\actors\shreyas_talpade\03ceced146.jpg,1,high,316.7,300x300,yes,unknown,unknown
shreyas_talpade,Shreyas Talpade,actors,unknown,unknown,datasets/raw\actors\shreyas_talpade\090ba0d2d7.jpg,1,high,369.7,294x172,yes,unknown,unknown
shreyas_talpade,Shreyas Talpade,actors,unknown,unknown,datasets/raw\actors\shreyas_talpade\09b8767984.jpg,1,high,116.1,630x354,yes,unknown,unknown
shreyas_talpade,Shreyas Talpade,actors,unknown,unknown,datasets/raw\actors\shreyas_talpade\0e927698b1.jpg,1,high,869.8,277x182,yes,unknown,unknown
shreyas_talpade,Shreyas Talpade,actors,unknown,unknown,datasets/raw\actors\shreyas_talpade\142aaaa67d.jpg,0,low,84.1,800x1000,no,unknown,unknown
shreyas_talpade,Shreyas Talpade,actors,unknown,unknown,datasets/raw\actors\shreyas_talpade\1b46ecd943.jpg,1,high,1712.2,259x194,yes,unknown,unknown
shreyas_talpade,Shreyas Talpade,actors,unknown,unknown,datasets/raw\actors\shreyas_talpade\1cf5c3046d.jpg,1,high,850.8,300x168,yes,unknown,unknown
shreyas_talpade,Shreyas Talpade,actors,unknown,unknown,datasets/raw\actors\shreyas_talpade\1fa9712349.jpg,1,high,500.3,355x374,yes,unknown,unknown
shreyas_talpade,Shreyas Talpade,actors,unknown,unknown,datasets/raw\actors\shreyas_talpade\214df29125.jpg,1,high,238.7,297x265,yes,unknown,unknown
shreyas_talpade,Shreyas Talpade,actors,unknown,unknown,datasets/raw\actors\shreyas_talpade\2b7d56ab86.jpg,0,low,1800.7,300x168,no,unknown,unknown
shreyas_talpade,Shreyas Talpade,actors,unknown,unknown,datasets/raw\actors\shreyas_talpade\2d874b59d6.jpg,1,high,863.9,297x170,yes,unknown,unknown
shreyas_talpade,Shreyas Talpade,actors,unknown,unknown,datasets/raw\actors\shreyas_talpade\42b49e0e8f.jpg,1,high,740.5,284x177,yes,unknown,unknown
shreyas_talpade,Shreyas Talpade,actors,unknown,unknown,datasets/raw\actors\shreyas_talpade\49b40ee8a4.jpg,0,low,839.1,300x168,no,unknown,unknown
shreyas_talpade,Shreyas Talpade,actors,unknown,unknown,datasets/raw\actors\shreyas_talpade\596fbd408a.jpg,1,high,232.2,194x260,yes,unknown,unknown
shreyas_talpade,Shreyas Talpade,actors,unknown,unknown,datasets/raw\actors\shreyas_talpade\5f6319b382.jpg,0,low,1772.2,259x194,no,unknown,unknown
shreyas_talpade,Shreyas Talpade,actors,unknown,unknown,datasets/raw\actors\shreyas_talpade\64a809c043.jpg,1,high,548.6,750x563,yes,unknown,unknown
shreyas_talpade,Shreyas Talpade,actors,unknown,unknown,datasets/raw\actors\shreyas_talpade\6aa4b05432.jpg,0,low,1930.6,297x170,no,unknown,unknown
shreyas_talpade,Shreyas Talpade,actors,unknown,unknown,datasets/raw\actors\shreyas_talpade\6f66435a56.jpg,1,high,822.8,299x168,yes,unknown,unknown
shreyas_talpade,Shreyas Talpade,actors,unknown,unknown,datasets/raw\actors\shreyas_talpade\74e323ac5b.jpg,0,low,317.4,301x167,no,unknown,unknown
shreyas_talpade,Shreyas Talpade,actors,unknown,unknown,datasets/raw\actors\shreyas_talpade\7ed0fd47ce.jpg,1,high,112.5,1575x2010,yes,unknown,unknown
shreyas_talpade,Shreyas Talpade,actors,unknown,unknown,datasets/raw\actors\shreyas_talpade\9c9f0081ff.jpg,0,low,45.3,1242x711,no,unknown,unknown
smita_patil,Smita Patil,actors,unknown,unknown,datasets/raw\actors\smita_patil\0325de868a.jpg,1,high,170.0,1200x900,yes,unknown,unknown
smita_patil,Smita Patil,actors,unknown,unknown,datasets/raw\actors\smita_patil\10aa0ac313.jpg,0,low,1371.6,370x486,no,unknown,unknown
smita_patil,Smita Patil,actors,unknown,unknown,datasets/raw\actors\smita_patil\13ba8c234c.jpg,1,high,1670.1,446x442,yes,unknown,unknown
smita_patil,Smita Patil,actors,unknown,unknown,datasets/raw\actors\smita_patil\1f23626b3c.jpg,0,low,334.3,296x170,no,unknown,unknown
smita_patil,Smita Patil,actors,unknown,unknown,datasets/raw\actors\smita_patil\216dc44445.jpg,1,high,234.0,318x159,yes,unknown,unknown
smita_patil,Smita Patil,actors,unknown,unknown,datasets/raw\actors\smita_patil\2f2295058f.jpg,1,high,272.3,696x435,yes,unknown,unknown
smita_patil,Smita Patil,actors,unknown,unknown,datasets/raw\actors\smita_patil\2f8d36a439.jpg,1,high,1361.1,275x183,yes,unknown,unknown
smita_patil,Smita Patil,actors,unknown,unknown,datasets/raw\actors\smita_patil\35a3fa37f8.jpg,0,low,12393.1,926x691,no,unknown,unknown
smita_patil,Smita Patil,actors,unknown,unknown,datasets/raw\actors\smita_patil\3a39097b01.jpg,1,high,109.7,640x480,yes,unknown,unknown
smita_patil,Smita Patil,actors,unknown,unknown,datasets/raw\actors\smita_patil\3d6110ed3e.jpg,0,low,3541.9,201x251,no,unknown,unknown
smita_patil,Smita Patil,actors,unknown,unknown,datasets/raw\actors\smita_patil\3ef82d82b7.jpg,1,high,2064.6,621x414,yes,unknown,unknown
smita_patil,Smita Patil,actors,unknown,unknown,datasets/raw\actors\smita_patil\43e4eb0cc4.jpg,1,high,430.8,310x440,yes,unknown,unknown
smita_patil,Smita Patil,actors,unknown,unknown,datasets/raw\actors\smita_patil\4d4f7c365e.jpg,0,low,534.1,600x600,no,unknown,unknown
smita_patil,Smita Patil,actors,unknown,unknown,datasets/raw\actors\smita_patil\4fb9602340.jpg,1,high,2173.5,236x348,yes,unknown,unknown
smita_patil,Smita Patil,actors,unknown,unknown,datasets/raw\actors\smita_patil\63ae7510d8.jpg,0,low,2344.8,300x168,no,unknown,unknown
smita_patil,Smita Patil,actors,unknown,unknown,datasets/raw\actors\smita_patil\66f6cadef3.jpg,1,high,547.7,665x405,yes,unknown,unknown
smita_patil,Smita Patil,actors,unknown,unknown,datasets/raw\actors\smita_patil\67da4e3d1c.jpg,1,high,2503.7,286x176,yes,unknown,unknown
smita_patil,Smita Patil,actors,unknown,unknown,datasets/raw\actors\smita_patil\79f6a01d63.jpg,0,low,42.5,1200x900,no,unknown,unknown
smita_patil,Smita Patil,actors,unknown,unknown,datasets/raw\actors\smita_patil\872fcdf247.jpg,1,high,1705.3,275x183,yes,unknown,unknown
smita_patil,Smita Patil,actors,unknown,unknown,datasets/raw\actors\smita_patil\8ab1db3f88.jpg,1,high,1650.3,204x204,yes,unknown,unknown
smita_patil,Smita Patil,actors,unknown,unknown,datasets/raw\actors\smita_patil\8c28d83f39.jpg,1,high,882.3,300x168,yes,unknown,unknown
smita_patil,Smita Patil,actors,unknown,unknown,datasets/raw\actors\smita_patil\971b05c6d1.jpg,1,high,367.8,286x176,yes,unknown,unknown
smita_patil,Smita Patil,actors,unknown,unknown,datasets/raw\actors\smita_patil\9e259f0793.jpg,0,low,607.9,794x450,no,unknown,unknown
smita_patil,Smita Patil,actors,unknown,unknown,datasets/raw\actors\smita_patil\9fd32bd2b2.jpg,1,high,298.1,297x170,yes,unknown,unknown
soumitra_chatterjee,Soumitra Chatterjee,actors,unknown,unknown,datasets/raw\actors\soumitra_chatterjee\00ee5f2965.jpg,1,high,1483.9,1200x900,yes,unknown,unknown
soumitra_chatterjee,Soumitra Chatterjee,actors,unknown,unknown,datasets/raw\actors\soumitra_chatterjee\02faf009da.jpg,1,high,530.7,259x194,yes,unknown,unknown
soumitra_chatterjee,Soumitra Chatterjee,actors,unknown,unknown,datasets/raw\actors\soumitra_chatterjee\06f824393c.jpg,0,low,303.3,1291x1368,no,unknown,unknown
soumitra_chatterjee,Soumitra Chatterjee,actors,unknown,unknown,datasets/raw\actors\soumitra_chatterjee\08fd1991d3.jpg,1,high,653.2,760x443,yes,unknown,unknown
soumitra_chatterjee,Soumitra Chatterjee,actors,unknown,unknown,datasets/raw\actors\soumitra_chatterjee\132b6e098c.jpg,0,low,1014.8,1200x898,no,unknown,unknown
soumitra_chatterjee,Soumitra Chatterjee,actors,unknown,unknown,datasets/raw\actors\soumitra_chatterjee\17f2d5ba02.jpg,1,high,1912.5,300x168,yes,unknown,unknown
soumitra_chatterjee,Soumitra Chatterjee,actors,unknown,unknown,datasets/raw\actors\soumitra_chatterjee\295b9d2a85.jpg,1,high,1561.4,204x204,yes,unknown,unknown
soumitra_chatterjee,Soumitra Chatterjee,actors,unknown,unknown,datasets/raw\actors\soumitra_chatterjee\2e1b238bff.jpg,0,low,250.5,1200x800,no,unknown,unknown
soumitra_chatterjee,Soumitra Chatterjee,actors,unknown,unknown,datasets/raw\actors\soumitra_chatterjee\2ed3e88884.jpg,1,high,214.5,1200x800,yes,unknown,unknown
soumitra_chatterjee,Soumitra Chatterjee,actors,unknown,unknown,datasets/raw\actors\soumitra_chatterjee\308b692597.jpg,1,high,367.5,600x338,yes,unknown,unknown
soumitra_chatterjee,Soumitra Chatterjee,actors,unknown,unknown,datasets/raw\actors\soumitra_chatterjee\3b55b36030.jpg,0,low,686.3,780x438,no,unknown,unknown
soumitra_chatterjee,Soumitra Chatterjee,actors,unknown,unknown,datasets/raw\actors\soumitra_chatterjee\3d427d9771.jpg,1,high,191.4,1240x677,yes,unknown,unknown
soumitra_chatterjee,Soumitra Chatterjee,actors,unknown,unknown,datasets/raw\actors\soumitra_chatterjee\50f686f40a.jpg,1,high,1647.0,300x168,yes,unknown,unknown
soumitra_chatterjee,Soumitra Chatterjee,actors,unknown,unknown,datasets/raw\actors\soumitra_chatterjee\551a91615c.jpg,0,low,690.5,299x169,no,unknown,unknown
soumitra_chatterjee,Soumitra Chatterjee,actors,unknown,unknown,datasets/raw\actors\soumitra_chatterjee\59ac4e5ca0.jpg,1,high,113.6,900x500,yes,unknown,unknown
soumitra_chatterjee,Soumitra Chatterjee,actors,unknown,unknown,datasets/raw\actors\soumitra_chatterjee\5b6bb62d69.jpg,0,low,127.2,1200x800,no,unknown,unknown
soumitra_chatterjee,Soumitra Chatterjee,actors,unknown,unknown,datasets/raw\actors\soumitra_chatterjee\6dd611cde0.jpg,1,high,420.8,900x500,yes,unknown,unknown
soumitra_chatterjee,Soumitra Chatterjee,actors,unknown,unknown,datasets/raw\actors\soumitra_chatterjee\739d6005e7.jpg,0,low,4386.8,197x256,no,unknown,unknown
soumitra_chatterjee,Soumitra Chatterjee,actors,unknown,unknown,datasets/raw\actors\soumitra_chatterjee\782e40ed1a.jpg,1,high,266.2,760x428,yes,unknown,unknown
soumitra_chatterjee,Soumitra Chatterjee,actors,unknown,unknown,datasets/raw\actors\soumitra_chatterjee\7d7009c032.jpg,1,high,1153.8,299x168,yes,unknown,unknown
soumitra_chatterjee,Soumitra Chatterjee,actors,unknown,unknown,datasets/raw\actors\soumitra_chatterjee\8af0eadd83.jpg,0,low,270.7,1200x667,no,unknown,unknown
soumitra_chatterjee,Soumitra Chatterjee,actors,unknown,unknown,datasets/raw\actors\soumitra_chatterjee\9e425bb093.jpg,1,high,1185.0,259x194,yes,unknown,unknown
sunil_shetty,Sunil Shetty,actors,unknown,unknown,datasets/raw\actors\sunil_shetty\0463d60ab5.jpg,0,low,94.5,592x400,no,unknown,unknown
sunil_shetty,Sunil Shetty,actors,unknown,unknown,datasets/raw\actors\sunil_shetty\054c660a9d.jpg,1,high,861.4,1280x720,yes,unknown,unknown
sunil_shetty,Sunil Shetty,actors,unknown,unknown,datasets/raw\actors\sunil_shetty\0a73acc431.jpg,0,low,924.1,400x400,no,unknown,unknown
sunil_shetty,Sunil Shetty,actors,unknown,unknown,datasets/raw\actors\sunil_shetty\0e5e534029.jpg,1,high,363.9,651x386,yes,unknown,unknown
sunil_shetty,Sunil Shetty,actors,unknown,unknown,datasets/raw\actors\sunil_shetty\1a04cbdcfe.jpg,0,low,397.2,615x450,no,unknown,unknown
sunil_shetty,Sunil Shetty,actors,unknown,unknown,datasets/raw\actors\sunil_shetty\1f477a6379.jpg,1,high,999.2,297x170,yes,unknown,unknown
sunil_shetty,Sunil Shetty,actors,unknown,unknown,datasets/raw\actors\sunil_shetty\286a0b50c9.jpg,0,low,763.1,301x167,no,unknown,unknown
sunil_shetty,Sunil Shetty,actors,unknown,unknown,datasets/raw\actors\sunil_shetty\2c9637d339.jpg,1,high,3178.0,430x495,yes,unknown,unknown
sunil_shetty,Sunil Shetty,actors,unknown,unknown,datasets/raw\actors\sunil_shetty\2f5d8cdd4e.jpg,0,low,164.9,786x450,no,unknown,unknown
sunil_shetty,Sunil Shetty,actors,unknown,unknown,datasets/raw\actors\sunil_shetty\32d04850bd.jpg,1,high,281.0,275x183,yes,unknown,unknown
sunil_shetty,Sunil Shetty,actors,unknown,unknown,datasets/raw\actors\sunil_shetty\35bdf3b9e1.jpg,1,high,837.7,200x267,yes,unknown,unknown
sunil_shetty,Sunil Shetty,actors,unknown,unknown,datasets/raw\actors\sunil_shetty\3dab369a18.jpg,0,low,2970.6,192x263,no,unknown,unknown
sunil_shetty,Sunil Shetty,actors,unknown,unknown,datasets/raw\actors\sunil_shetty\40d277bbb6.jpg,1,high,429.9,300x168,yes,unknown,unknown
sunil_shetty,Sunil Shetty,actors,unknown,unknown,datasets/raw\actors\sunil_shetty\4c83cbb635.jpg,0,low,1289.8,183x275,no,unknown,unknown
sunil_shetty,Sunil Shetty,actors,unknown,unknown,datasets/raw\actors\sunil_shetty\5b6110d1e0.jpg,1,high,1391.4,259x194,yes,unknown,unknown
sunil_shetty,Sunil Shetty,actors,unknown,unknown,datasets/raw\actors\sunil_shetty\6ccc31420d.jpg,1,high,929.1,241x209,yes,unknown,unknown
sunil_shetty,Sunil Shetty,actors,unknown,unknown,datasets/raw\actors\sunil_shetty\8ed31721f9.jpg,1,high,109.4,800x599,yes,unknown,unknown
sunil_shetty,Sunil Shetty,actors,unknown,unknown,datasets/raw\actors\sunil_shetty\9d1c5be6dc.jpg,1,high,1050.5,175x175,yes,unknown,unknown
sunny_deol,Sunny Deol,actors,unknown,unknown,datasets/raw\actors\sunny_deol\01b87f2866.jpg,0,low,387.6,294x171,no,unknown,unknown
sunny_deol,Sunny Deol,actors,unknown,unknown,datasets/raw\actors\sunny_deol\071fce3f73.jpg,1,high,792.3,275x183,yes,unknown,unknown
sunny_deol,Sunny Deol,actors,unknown,unknown,datasets/raw\actors\sunny_deol\0c39f1f5dc.jpg,1,high,186.4,1200x630,yes,unknown,unknown
sunny_deol,Sunny Deol,actors,unknown,unknown,datasets/raw\actors\sunny_deol\1cb4271590.jpg,0,low,522.4,184x274,no,unknown,unknown
sunny_deol,Sunny Deol,actors,unknown,unknown,datasets/raw\actors\sunny_deol\1dcd65c663.jpg,1,high,565.0,770x433,yes,unknown,unknown
sunny_deol,Sunny Deol,actors,unknown,unknown,datasets/raw\actors\sunny_deol\2ad03fa7b6.jpg,0,low,158.6,1200x900,no,unknown,unknown
sunny_deol,Sunny Deol,actors,unknown,unknown,datasets/raw\actors\sunny_deol\2f9ed021f3.jpg,1,high,422.4,1280x720,yes,unknown,unknown
sunny_deol,Sunny Deol,actors,unknown,unknown,datasets/raw\actors\sunny_deol\2fff6c3d9b.jpg,1,high,893.0,288x175,yes,unknown,unknown
sunny_deol,Sunny Deol,actors,unknown,unknown,datasets/raw\actors\sunny_deol\3519ea2b20.jpg,0,low,1050.3,297x170,no,unknown,unknown
sunny_deol,Sunny Deol,actors,unknown,unknown,datasets/raw\actors\sunny_deol\38fc438b44.jpg,1,high,712.4,300x168,yes,unknown,unknown
sunny_deol,Sunny Deol,actors,unknown,unknown,datasets/raw\actors\sunny_deol\3c76cf3b62.jpg,0,low,472.5,275x183,no,unknown,unknown
sunny_deol,Sunny Deol,actors,unknown,unknown,datasets/raw\actors\sunny_deol\4578cad48f.jpg,1,high,106.1,1200x900,yes,unknown,unknown
sunny_deol,Sunny Deol,actors,unknown,unknown,datasets/raw\actors\sunny_deol\552c25797d.jpg,0,low,5412.2,300x168,no,unknown,unknown
sunny_deol,Sunny Deol,actors,unknown,unknown,datasets/raw\actors\sunny_deol\56fb189d62.jpg,1,medium,50.7,1280x720,yes,unknown,unknown
sunny_deol,Sunny Deol,actors,unknown,unknown,datasets/raw\actors\sunny_deol\5b890a05ec.jpg,0,low,877.6,259x194,no,unknown,unknown
sunny_deol,Sunny Deol,actors,unknown,unknown,datasets/raw\actors\sunny_deol\5ee827c1cd.jpg,1,medium,76.5,1280x720,yes,unknown,unknown
sunny_deol,Sunny Deol,actors,unknown,unknown,datasets/raw\actors\sunny_deol\664e4d9c63.jpg,0,low,1428.9,300x168,no,unknown,unknown
sunny_deol,Sunny Deol,actors,unknown,unknown,datasets/raw\actors\sunny_deol\7401be26ae.jpg,1,medium,78.5,650x400,yes,unknown,unknown
sunny_deol,Sunny Deol,actors,unknown,unknown,datasets/raw\actors\sunny_deol\7738d15470.jpg,1,high,412.9,275x183,yes,unknown,unknown
sunny_deol,Sunny Deol,actors,unknown,unknown,datasets/raw\actors\sunny_deol\8b02bc715a.jpg,1,high,149.6,1200x800,yes,unknown,unknown
sunny_deol,Sunny Deol,actors,unknown,unknown,datasets/raw\actors\sunny_deol\952dcf6af5.jpg,0,low,725.3,214x236,no,unknown,unknown
sunny_deol,Sunny Deol,actors,unknown,unknown,datasets/raw\actors\sunny_deol\9b20836af1.jpg,1,high,101.3,1200x1500,yes,unknown,unknown
tinnu_anand,Tinnu Anand,actors,unknown,unknown,datasets/raw\actors\tinnu_anand\033feb9db2.jpg,0,low,205.0,1030x1500,no,unknown,unknown
tinnu_anand,Tinnu Anand,actors,unknown,unknown,datasets/raw\actors\tinnu_anand\06a239e160.jpg,1,high,1860.5,265x190,yes,unknown,unknown
tinnu_anand,Tinnu Anand,actors,unknown,unknown,datasets/raw\actors\tinnu_anand\086d65bfde.jpg,0,low,1803.7,328x352,no,unknown,unknown
tinnu_anand,Tinnu Anand,actors,unknown,unknown,datasets/raw\actors\tinnu_anand\08e1065173.jpg,1,high,477.1,214x317,yes,unknown,unknown
tinnu_anand,Tinnu Anand,actors,unknown,unknown,datasets/raw\actors\tinnu_anand\10dc0b56b6.jpg,0,low,377.8,165x257,no,unknown,unknown
tinnu_anand,Tinnu Anand,actors,unknown,unknown,datasets/raw\actors\tinnu_anand\140387cd4b.jpg,1,high,129.5,422x422,yes,unknown,unknown
tinnu_anand,Tinnu Anand,actors,unknown,unknown,datasets/raw\actors\tinnu_anand\14df2b95bb.jpg,1,high,465.6,218x150,yes,unknown,unknown
tinnu_anand,Tinnu Anand,actors,unknown,unknown,datasets/raw\actors\tinnu_anand\1d003847cc.jpg,0,low,230.1,315x420,no,unknown,unknown
tinnu_anand,Tinnu Anand,actors,unknown,unknown,datasets/raw\actors\tinnu_anand\2658e46bbc.jpg,1,high,498.1,214x300,yes,unknown,unknown
tinnu_anand,Tinnu Anand,actors,unknown,unknown,datasets/raw\actors\tinnu_anand\2c8831d1bd.jpg,0,low,4792.0,259x194,no,unknown,unknown
tinnu_anand,Tinnu Anand,actors,unknown,unknown,datasets/raw\actors\tinnu_anand\389870a4d8.jpg,1,high,2702.0,262x193,yes,unknown,unknown
tinnu_anand,Tinnu Anand,actors,unknown,unknown,datasets/raw\actors\tinnu_anand\3ede1bdaf5.jpg,0,low,1125.0,500x376,no,unknown,unknown
tinnu_anand,Tinnu Anand,actors,unknown,unknown,datasets/raw\actors\tinnu_anand\42e1efdea1.jpg,1,high,655.9,480x360,yes,unknown,unknown
tinnu_anand,Tinnu Anand,actors,unknown,unknown,datasets/raw\actors\tinnu_anand\4891d8cf57.jpg,1,high,780.3,649x427,yes,unknown,unknown
tinnu_anand,Tinnu Anand,actors,unknown,unknown,datasets/raw\actors\tinnu_anand\51d12a58f7.jpg,0,low,1316.5,400x259,no,unknown,unknown
tinnu_anand,Tinnu Anand,actors,unknown,unknown,datasets/raw\actors\tinnu_anand\56144adc55.jpg,1,high,1958.6,225x251,yes,unknown,unknown
tinnu_anand,Tinnu Anand,actors,unknown,unknown,datasets/raw\actors\tinnu_anand\588d44ff6f.jpg,1,high,761.9,183x275,yes,unknown,unknown
tinnu_anand,Tinnu Anand,actors,unknown,unknown,datasets/raw\actors\tinnu_anand\63308f9b75.jpg,0,low,881.3,259x194,no,unknown,unknown
tinnu_anand,Tinnu Anand,actors,unknown,unknown,datasets/raw\actors\tinnu_anand\656a838b76.jpg,1,high,5952.3,1200x630,yes,unknown,unknown
tinnu_anand,Tinnu Anand,actors,unknown,unknown,datasets/raw\actors\tinnu_anand\72f7c15669.jpg,1,high,6373.7,187x269,yes,unknown,unknown
tinnu_anand,Tinnu Anand,actors,unknown,unknown,datasets/raw\actors\tinnu_anand\7c1303aec9.jpg,1,high,144.5,205x246,yes,unknown,unknown
tinnu_anand,Tinnu Anand,actors,unknown,unknown,datasets/raw\actors\tinnu_anand\89193eddae.jpg,0,low,1307.0,300x230,no,unknown,unknown
tinnu_anand,Tinnu Anand,actors,unknown,unknown,datasets/raw\actors\tinnu_anand\907b62eee1.jpg,1,high,968.5,342x500,yes,unknown,unknown
tinnu_anand,Tinnu Anand,actors,unknown,unknown,datasets/raw\actors\tinnu_anand\94ccd061a4.jpg,0,low,397.5,200x200,no,unknown,unknown
tinnu_anand,Tinnu Anand,actors,unknown,unknown,datasets/raw\actors\tinnu_anand\9c548f8e47.jpg,1,high,673.6,183x275,yes,unknown,unknown
tinnu_anand,Tinnu Anand,actors,unknown,unknown,datasets/raw\actors\tinnu_anand\b9d8cad2eb.jpg,0,low,892.4,300x300,no,unknown,unknown
utpal_dutt,Utpal Dutt,actors,unknown,unknown,datasets/raw\actors\utpal_dutt\1530cab774.jpg,1,medium,79.8,600x450,yes,unknown,unknown
utpal_dutt,Utpal Dutt,actors,unknown,unknown,datasets/raw\actors\utpal_dutt\15a482f1c7.jpg,1,high,787.6,246x205,yes,unknown,unknown
utpal_dutt,Utpal Dutt,actors,unknown,unknown,datasets/raw\actors\utpal_dutt\17a5185371.jpg,1,high,1658.4,225x225,yes,unknown,unknown
utpal_dutt,Utpal Dutt,actors,unknown,unknown,datasets/raw\actors\utpal_dutt\1931cbc87e.jpg,1,high,151.7,609x463,yes,unknown,unknown
utpal_dutt,Utpal Dutt,actors,unknown,unknown,datasets/raw\actors\utpal_dutt\1a76fdd128.jpg,1,high,448.1,480x360,yes,unknown,unknown
utpal_dutt,Utpal Dutt,actors,unknown,unknown,datasets/raw\actors\utpal_dutt\1e9e8bcc64.jpg,0,low,636.0,267x150,no,unknown,unknown
utpal_dutt,Utpal Dutt,actors,unknown,unknown,datasets/raw\actors\utpal_dutt\27a45254c1.jpg,1,high,209.5,435x431,yes,unknown,unknown
utpal_dutt,Utpal Dutt,actors,unknown,unknown,datasets/raw\actors\utpal_dutt\3cf9df17b2.jpg,0,low,2651.5,300x168,no,unknown,unknown
utpal_dutt,Utpal Dutt,actors,unknown,unknown,datasets/raw\actors\utpal_dutt\41df93514b.jpg,1,high,1097.9,304x166,yes,unknown,unknown
utpal_dutt,Utpal Dutt,actors,unknown,unknown,datasets/raw\actors\utpal_dutt\4a50355619.jpg,0,low,478.3,402x310,no,unknown,unknown
utpal_dutt,Utpal Dutt,actors,unknown,unknown,datasets/raw\actors\utpal_dutt\58201fe9ec.jpg,1,high,472.4,1200x630,yes,unknown,unknown
utpal_dutt,Utpal Dutt,actors,unknown,unknown,datasets/raw\actors\utpal_dutt\597dbda25d.jpg,0,low,112.7,1024x768,no,unknown,unknown
utpal_dutt,Utpal Dutt,actors,unknown,unknown,datasets/raw\actors\utpal_dutt\6fda2aa55b.jpg,1,high,131.8,928x1200,yes,unknown,unknown
utpal_dutt,Utpal Dutt,actors,unknown,unknown,datasets/raw\actors\utpal_dutt\72753cca10.jpg,0,low,302.3,293x172,no,unknown,unknown
utpal_dutt,Utpal Dutt,actors,unknown,unknown,datasets/raw\actors\utpal_dutt\7888d3ad5d.jpg,1,high,3265.9,257x196,yes,unknown,unknown
utpal_dutt,Utpal Dutt,actors,unknown,unknown,datasets/raw\actors\utpal_dutt\8e5fb96152.jpg,0,low,3730.0,196x257,no,unknown,unknown
utpal_dutt,Utpal Dutt,actors,unknown,unknown,datasets/raw\actors\utpal_dutt\94d1d781db.jpg,1,high,2292.9,225x225,yes,unknown,unknown
utpal_dutt,Utpal Dutt,actors,unknown,unknown,datasets/raw\actors\utpal_dutt\96b5f04e0c.jpg,1,high,197.2,300x250,yes,unknown,unknown
utpal_dutt,Utpal Dutt,actors,unknown,unknown,datasets/raw\actors\utpal_dutt\9d23fc5921.jpg,1,high,442.6,260x194,yes,unknown,unknown
utpal_dutt,Utpal Dutt,actors,unknown,unknown,datasets/raw\actors\utpal_dutt\a3543c9124.jpg,0,low,249.6,1280x720,no,unknown,unknown
utpal_dutt,Utpal Dutt,actors,unknown,unknown,datasets/raw\actors\utpal_dutt\a9860e3ee8.jpg,1,high,932.7,194x260,yes,unknown,unknown
varun_dhawan,Varun Dhawan,actors,unknown,unknown,datasets/raw\actors\varun_dhawan\0836ae9e8a.jpg,0,low,99.4,1100x700,no,unknown,unknown
varun_dhawan,Varun Dhawan,actors,unknown,unknown,datasets/raw\actors\varun_dhawan\086cd279ae.jpg,1,medium,54.5,960x540,yes,unknown,unknown
varun_dhawan,Varun Dhawan,actors,unknown,unknown,datasets/raw\actors\varun_dhawan\0a7c88e19d.jpg,1,high,1148.6,1280x720,yes,unknown,unknown
varun_dhawan,Varun Dhawan,actors,unknown,unknown,datasets/raw\actors\varun_dhawan\0ab79ac124.jpg,0,low,1407.4,650x400,no,unknown,unknown
varun_dhawan,Varun Dhawan,actors,unknown,unknown,datasets/raw\actors\varun_dhawan\0ca53bb7d4.jpg,1,high,1604.6,180x280,yes,unknown,unknown
varun_dhawan,Varun Dhawan,actors,unknown,unknown,datasets/raw\actors\varun_dhawan\0f0f16aa3d.jpg,0,low,291.4,300x168,no,unknown,unknown
varun_dhawan,Varun Dhawan,actors,unknown,unknown,datasets/raw\actors\varun_dhawan\1e7293ecad.jpg,1,high,306.0,1200x900,yes,unknown,unknown
varun_dhawan,Varun Dhawan,actors,unknown,unknown,datasets/raw\actors\varun_dhawan\200c31464a.jpg,0,low,501.1,425x425,no,unknown,unknown
varun_dhawan,Varun Dhawan,actors,unknown,unknown,datasets/raw\actors\varun_dhawan\24aa157500.jpg,1,high,430.2,585x881,yes,unknown,unknown
varun_dhawan,Varun Dhawan,actors,unknown,unknown,datasets/raw\actors\varun_dhawan\37fe6089c9.jpg,1,high,6101.7,170x256,yes,unknown,unknown
varun_dhawan,Varun Dhawan,actors,unknown,unknown,datasets/raw\actors\varun_dhawan\3c3a40e2df.jpg,0,low,1223.5,400x400,no,unknown,unknown
varun_dhawan,Varun Dhawan,actors,unknown,unknown,datasets/raw\actors\varun_dhawan\4f2a875d20.jpg,1,high,309.1,1280x720,yes,unknown,unknown
varun_dhawan,Varun Dhawan,actors,unknown,unknown,datasets/raw\actors\varun_dhawan\55d4bd5ea4.jpg,1,high,602.8,259x194,yes,unknown,unknown
varun_dhawan,Varun Dhawan,actors,unknown,unknown,datasets/raw\actors\varun_dhawan\5fc4bb032a.jpg,0,low,446.8,1200x900,no,unknown,unknown
varun_dhawan,Varun Dhawan,actors,unknown,unknown,datasets/raw\actors\varun_dhawan\60aacd50b3.jpg,1,high,427.2,630x1200,yes,unknown,unknown
varun_dhawan,Varun Dhawan,actors,unknown,unknown,datasets/raw\actors\varun_dhawan\6920cdbe19.jpg,0,low,69.6,745x600,no,unknown,unknown
varun_dhawan,Varun Dhawan,actors,unknown,unknown,datasets/raw\actors\varun_dhawan\6eb4e3a25a.jpg,1,high,525.9,213x236,yes,unknown,unknown
varun_dhawan,Varun Dhawan,actors,unknown,unknown,datasets/raw\actors\varun_dhawan\77ef397f62.jpg,0,low,418.2,585x882,no,unknown,unknown
varun_dhawan,Varun Dhawan,actors,unknown,unknown,datasets/raw\actors\varun_dhawan\7ad58122df.jpg,1,high,248.8,400x400,yes,unknown,unknown
varun_dhawan,Varun Dhawan,actors,unknown,unknown,datasets/raw\actors\varun_dhawan\807f5ec5cd.jpg,0,low,477.7,259x194,no,unknown,unknown
varun_dhawan,Varun Dhawan,actors,unknown,unknown,datasets/raw\actors\varun_dhawan\8e5276672f.jpg,1,high,118.3,1280x720,yes,unknown,unknown
varun_dhawan,Varun Dhawan,actors,unknown,unknown,datasets/raw\actors\varun_dhawan\9f8d7bd167.jpg,0,low,2168.5,259x194,no,unknown,unknown
vinod_khanna,Vinod Khanna,actors,unknown,unknown,datasets/raw\actors\vinod_khanna\05cf204a75.jpg,1,high,2475.0,165x305,yes,unknown,unknown
vinod_khanna,Vinod Khanna,actors,unknown,unknown,datasets/raw\actors\vinod_khanna\0b035338f4.jpg,0,low,905.4,259x194,no,unknown,unknown
vinod_khanna,Vinod Khanna,actors,unknown,unknown,datasets/raw\actors\vinod_khanna\0de732b3e2.jpg,1,high,1315.6,246x350,yes,unknown,unknown
vinod_khanna,Vinod Khanna,actors,unknown,unknown,datasets/raw\actors\vinod_khanna\17c380d269.jpg,0,low,308.7,279x181,no,unknown,unknown
vinod_khanna,Vinod Khanna,actors,unknown,unknown,datasets/raw\actors\vinod_khanna\1806e4ac4f.jpg,1,high,480.4,356x344,yes,unknown,unknown
vinod_khanna,Vinod Khanna,actors,unknown,unknown,datasets/raw\actors\vinod_khanna\25a3e94e8c.jpg,0,low,778.4,204x204,no,unknown,unknown
vinod_khanna,Vinod Khanna,actors,unknown,unknown,datasets/raw\actors\vinod_khanna\2e2b6fea02.jpg,1,high,7181.2,225x225,yes,unknown,unknown
vinod_khanna,Vinod Khanna,actors,unknown,unknown,datasets/raw\actors\vinod_khanna\2ee2c4b2f0.jpg,1,high,699.6,620x464,yes,unknown,unknown
vinod_khanna,Vinod Khanna,actors,unknown,unknown,datasets/raw\actors\vinod_khanna\34c8bbb5fb.jpg,0,low,382.6,396x512,no,unknown,unknown
vinod_khanna,Vinod Khanna,actors,unknown,unknown,datasets/raw\actors\vinod_khanna\38164a1f4c.jpg,1,high,531.9,660x875,yes,unknown,unknown
vinod_khanna,Vinod Khanna,actors,unknown,unknown,datasets/raw\actors\vinod_khanna\3c35b7477a.jpg,0,low,2547.6,219x230,no,unknown,unknown
vinod_khanna,Vinod Khanna,actors,unknown,unknown,datasets/raw\actors\vinod_khanna\48a817b9d4.jpg,1,high,112.5,1138x639,yes,unknown,unknown
vinod_khanna,Vinod Khanna,actors,unknown,unknown,datasets/raw\actors\vinod_khanna\4c6a249456.jpg,1,high,419.5,195x259,yes,unknown,unknown
vinod_khanna,Vinod Khanna,actors,unknown,unknown,datasets/raw\actors\vinod_khanna\582f8e21d4.jpg,0,low,249.1,941x573,no,unknown,unknown
vinod_khanna,Vinod Khanna,actors,unknown,unknown,datasets/raw\actors\vinod_khanna\618ae57ad8.jpg,1,high,2253.0,202x249,yes,unknown,unknown
vinod_khanna,Vinod Khanna,actors,unknown,unknown,datasets/raw\actors\vinod_khanna\63a63fe930.jpg,0,low,622.7,238x340,no,unknown,unknown
vinod_khanna,Vinod Khanna,actors,unknown,unknown,datasets/raw\actors\vinod_khanna\6c7fd67cff.jpg,1,high,990.0,288x175,yes,unknown,unknown
vinod_khanna,Vinod Khanna,actors,unknown,unknown,datasets/raw\actors\vinod_khanna\721c65fd29.jpg,0,low,70.7,1024x576,no,unknown,unknown
vinod_khanna,Vinod Khanna,actors,unknown,unknown,datasets/raw\actors\vinod_khanna\76d690b90d.jpg,1,high,2737.5,259x194,yes,unknown,unknown
vinod_khanna,Vinod Khanna,actors,unknown,unknown,datasets/raw\actors\vinod_khanna\8cd98df4c4.jpg,0,low,543.2,272x185,no,unknown,unknown
vinod_khanna,Vinod Khanna,actors,unknown,unknown,datasets/raw\actors\vinod_khanna\98b65ecd49.jpg,1,medium,64.6,1280x720,yes,unknown,unknown
vinod_khanna,Vinod Khanna,actors,unknown,unknown,datasets/raw\actors\vinod_khanna\a652c1fb8f.jpg,1,high,204.6,759x422,yes,unknown,unknown
waheeda_rehman,Waheeda Rehman,actors,unknown,unknown,datasets/raw\actors\waheeda_rehman\11e9e901db.jpg,0,low,2929.5,204x204,no,unknown,unknown
waheeda_rehman,Waheeda Rehman,actors,unknown,unknown,datasets/raw\actors\waheeda_rehman\13eba782d2.jpg,1,high,727.4,275x183,yes,unknown,unknown
waheeda_rehman,Waheeda Rehman,actors,unknown,unknown,datasets/raw\actors\waheeda_rehman\22dc365c15.jpg,1,medium,62.6,1191x1500,yes,unknown,unknown
waheeda_rehman,Waheeda Rehman,actors,unknown,unknown,datasets/raw\actors\waheeda_rehman\25b042b469.jpg,1,high,1397.1,201x251,yes,unknown,unknown
waheeda_rehman,Waheeda Rehman,actors,unknown,unknown,datasets/raw\actors\waheeda_rehman\2db01a82b1.jpg,0,low,118.6,262x193,no,unknown,unknown
waheeda_rehman,Waheeda Rehman,actors,unknown,unknown,datasets/raw\actors\waheeda_rehman\325f8d54dd.jpg,1,high,745.0,300x168,yes,unknown,unknown
waheeda_rehman,Waheeda Rehman,actors,unknown,unknown,datasets/raw\actors\waheeda_rehman\3a91c6f13f.jpg,1,high,2008.4,259x194,yes,unknown,unknown
waheeda_rehman,Waheeda Rehman,actors,unknown,unknown,datasets/raw\actors\waheeda_rehman\46dc63c66c.jpg,1,high,230.3,275x183,yes,unknown,unknown
waheeda_rehman,Waheeda Rehman,actors,unknown,unknown,datasets/raw\actors\waheeda_rehman\46deb2aa02.jpg,1,high,593.1,278x181,yes,unknown,unknown
waheeda_rehman,Waheeda Rehman,actors,unknown,unknown,datasets/raw\actors\waheeda_rehman\4aabe7897a.jpg,0,low,83.5,670x543,no,unknown,unknown
waheeda_rehman,Waheeda Rehman,actors,unknown,unknown,datasets/raw\actors\waheeda_rehman\5571e5a98e.jpg,1,high,443.2,297x170,yes,unknown,unknown
waheeda_rehman,Waheeda Rehman,actors,unknown,unknown,datasets/raw\actors\waheeda_rehman\69bcd65230.jpg,0,low,986.5,795x447,no,unknown,unknown
waheeda_rehman,Waheeda Rehman,actors,unknown,unknown,datasets/raw\actors\waheeda_rehman\69cdeea5bc.jpg,1,high,1149.3,284x177,yes,unknown,unknown
waheeda_rehman,Waheeda Rehman,actors,unknown,unknown,datasets/raw\actors\waheeda_rehman\6a4f2b16ce.jpg,1,medium,51.4,640x480,yes,unknown,unknown
waheeda_rehman,Waheeda Rehman,actors,unknown,unknown,datasets/raw\actors\waheeda_rehman\6a5eb19c4c.jpg,0,low,1703.6,266x190,no,unknown,unknown
waheeda_rehman,Waheeda Rehman,actors,unknown,unknown,datasets/raw\actors\waheeda_rehman\6fde1c206b.jpg,1,high,1533.4,194x259,yes,unknown,unknown
waheeda_rehman,Waheeda Rehman,actors,unknown,unknown,datasets/raw\actors\waheeda_rehman\7fa61e4430.jpg,0,low,1136.5,350x375,no,unknown,unknown
waheeda_rehman,Waheeda Rehman,actors,unknown,unknown,datasets/raw\actors\waheeda_rehman\81c19028e7.jpg,1,high,164.4,183x275,yes,unknown,unknown
waheeda_rehman,Waheeda Rehman,actors,unknown,unknown,datasets/raw\actors\waheeda_rehman\916cc8dd93.jpg,1,high,114.3,550x452,yes,unknown,unknown
waheeda_rehman,Waheeda Rehman,actors,unknown,unknown,datasets/raw\actors\waheeda_rehman\916fad04a7.jpg,1,high,277.3,178x190,yes,unknown,unknown
waheeda_rehman,Waheeda Rehman,actors,unknown,unknown,datasets/raw\actors\waheeda_rehman\9a8ac0f7fa.jpg,1,high,4516.6,181x278,yes,unknown,unknown
waheeda_rehman,Waheeda Rehman,actors,unknown,unknown,datasets/raw\actors\waheeda_rehman\9f5d954845.jpg,0,low,151.2,1200x972,no,unknown,unknown
zarina_wahab,Zarina Wahab,actors,unknown,unknown,datasets/raw\actors\zarina_wahab\0ebf7acea9.jpg,1,high,7013.0,301x167,yes,unknown,unknown
zarina_wahab,Zarina Wahab,actors,unknown,unknown,datasets/raw\actors\zarina_wahab\12adb510c1.jpg,1,high,625.1,630x1200,yes,unknown,unknown
zarina_wahab,Zarina Wahab,actors,unknown,unknown,datasets/raw\actors\zarina_wahab\146a961a31.jpg,0,low,567.0,549x515,no,unknown,unknown
zarina_wahab,Zarina Wahab,actors,unknown,unknown,datasets/raw\actors\zarina_wahab\1b0a9f9f61.jpg,1,high,504.8,784x410,yes,unknown,unknown
zarina_wahab,Zarina Wahab,actors,unknown,unknown,datasets/raw\actors\zarina_wahab\2525e8573d.jpg,1,high,837.9,243x207,yes,unknown,unknown
zarina_wahab,Zarina Wahab,actors,unknown,unknown,datasets/raw\actors\zarina_wahab\308a1a5dc1.jpg,0,low,1700.7,312x162,no,unknown,unknown
zarina_wahab,Zarina Wahab,actors,unknown,unknown,datasets/raw\actors\zarina_wahab\3433726a55.jpg,1,high,4800.4,259x194,yes,unknown,unknown
zarina_wahab,Zarina Wahab,actors,unknown,unknown,datasets/raw\actors\zarina_wahab\39f6076e68.jpg,1,high,1840.7,204x204,yes,unknown,unknown
zarina_wahab,Zarina Wahab,actors,unknown,unknown,datasets/raw\actors\zarina_wahab\3b8200cbad.jpg,0,low,150.9,235x235,no,unknown,unknown
zarina_wahab,Zarina Wahab,actors,unknown,unknown,datasets/raw\actors\zarina_wahab\46b3341873.jpg,1,high,722.4,257x196,yes,unknown,unknown
zarina_wahab,Zarina Wahab,actors,unknown,unknown,datasets/raw\actors\zarina_wahab\4b23b77732.jpg,1,medium,51.8,1024x1024,yes,unknown,unknown
zarina_wahab,Zarina Wahab,actors,unknown,unknown,datasets/raw\actors\zarina_wahab\4fd68616f3.jpg,1,high,482.7,340x230,yes,unknown,unknown
zarina_wahab,Zarina Wahab,actors,unknown,unknown,datasets/raw\actors\zarina_wahab\5233eec3fc.jpg,1,high,313.5,264x191,yes,unknown,unknown
zarina_wahab,Zarina Wahab,actors,unknown,unknown,datasets/raw\actors\zarina_wahab\5821347239.jpg,1,high,511.0,228x221,yes,unknown,unknown
zarina_wahab,Zarina Wahab,actors,unknown,unknown,datasets/raw\actors\zarina_wahab\5bf9b9fb39.jpg,1,high,2919.0,300x168,yes,unknown,unknown
zarina_wahab,Zarina Wahab,actors,unknown,unknown,datasets/raw\actors\zarina_wahab\6c3bbcc694.jpg,1,high,836.8,225x225,yes,unknown,unknown
zarina_wahab,Zarina Wahab,actors,unknown,unknown,datasets/raw\actors\zarina_wahab\78e06117f7.jpg,0,low,304.4,900x450,no,unknown,unknown
zarina_wahab,Zarina Wahab,actors,unknown,unknown,datasets/raw\actors\zarina_wahab\8df165d126.jpg,1,high,166.4,800x448,yes,unknown,unknown
zarina_wahab,Zarina Wahab,actors,unknown,unknown,datasets/raw\actors\zarina_wahab\94526a72d5.jpg,0,low,1734.2,194x259,no,unknown,unknown
zarina_wahab,Zarina Wahab,actors,unknown,unknown,datasets/raw\actors\zarina_wahab\9863b9f557.jpg,1,high,2851.9,200x252,yes,unknown,unknown
zarina_wahab,Zarina Wahab,actors,unknown,unknown,datasets/raw\actors\zarina_wahab\9e519f015a.jpg,0,low,692.2,282x179,no,unknown,unknown
