image_path,person_id,category,reason,blur_score,face_count,action
datasets/raw\actors\abhay_deol\03e93e2253.jpg,abhay_deol,actors,no_face,853.2,0,move
datasets/raw\actors\abhay_deol\0d2583fb3e.jpg,abhay_deol,actors,no_face,1489.3,0,move
datasets/raw\actors\abhay_deol\0d7bdef5c6.jpg,abhay_deol,actors,no_face,3547.1,0,move
datasets/raw\actors\abhay_deol\14a5050959.jpg,abhay_deol,actors,no_face,110.3,0,move
datasets/raw\actors\abhay_deol\1c005280da.jpg,abhay_deol,actors,no_face,615.8,0,move
datasets/raw\actors\abhay_deol\27f8f01be8.jpg,abhay_deol,actors,no_face,3705.8,0,move
datasets/raw\actors\abhay_deol\2a27c0bda2.jpg,abhay_deol,actors,no_face,186.5,0,move
datasets/raw\actors\abhay_deol\36a456e3b0.jpg,abhay_deol,actors,no_face,988.4,0,move
datasets/raw\actors\abhay_deol\3bb8416b81.jpg,abhay_deol,actors,no_face,362.6,0,move
datasets/raw\actors\abhay_deol\45b7377639.jpg,abhay_deol,actors,no_face,701.4,0,move
datasets/raw\actors\abhay_deol\5d05887989.jpg,abhay_deol,actors,no_face,1379.3,0,move
datasets/raw\actors\abhay_deol\74bdbda438.jpg,abhay_deol,actors,no_face,118.7,0,move
datasets/raw\actors\abhay_deol\78ef068d53.jpg,abhay_deol,actors,no_face,2555.6,0,move
datasets/raw\actors\abhay_deol\7c38f96ee8.jpg,abhay_deol,actors,no_face,822.0,0,move
datasets/raw\actors\abhay_deol\7f5c381961.jpg,abhay_deol,actors,no_face,65.6,0,move
datasets/raw\actors\abhay_deol\83ebbecbfd.jpg,abhay_deol,actors,no_face,160.0,0,move
datasets/raw\actors\abhay_deol\97be0cfbee.jpg,abhay_deol,actors,no_face,311.7,0,move
datasets/raw\actors\adil_hussain\01d3ba3e5f.jpg,adil_hussain,actors,no_face,625.5,0,move
datasets/raw\actors\adil_hussain\1b26686ed7.jpg,adil_hussain,actors,no_face,323.0,0,move
datasets/raw\actors\adil_hussain\1e06be0f0b.jpg,adil_hussain,actors,no_face,1949.4,0,move
datasets/raw\actors\adil_hussain\2a2552a010.jpg,adil_hussain,actors,no_face,1488.7,0,move
datasets/raw\actors\adil_hussain\2b897bb09e.jpg,adil_hussain,actors,no_face,47.4,0,move
datasets/raw\actors\adil_hussain\38bd97b03a.jpg,adil_hussain,actors,no_face,3083.5,0,move
datasets/raw\actors\adil_hussain\3a7309cb61.jpg,adil_hussain,actors,no_face,1191.2,0,move
datasets/raw\actors\adil_hussain\3f6870e604.jpg,adil_hussain,actors,no_face,1135.4,0,move
datasets/raw\actors\adil_hussain\4bf66ef5bb.jpg,adil_hussain,actors,no_face,211.0,0,move
datasets/raw\actors\adil_hussain\5b1e2f5ec6.jpg,adil_hussain,actors,no_face,74.9,0,move
datasets/raw\actors\adil_hussain\5cd544e090.jpg,adil_hussain,actors,no_face,5674.0,0,move
datasets/raw\actors\adil_hussain\64be460949.jpg,adil_hussain,actors,no_face,405.7,0,move
datasets/raw\actors\adil_hussain\6a93f8042b.jpg,adil_hussain,actors,no_face,292.3,0,move
datasets/raw\actors\adil_hussain\6ecc71500f.jpg,adil_hussain,actors,no_face,1938.4,0,move
datasets/raw\actors\adil_hussain\7b7bd824bd.jpg,adil_hussain,actors,no_face,305.7,0,move
datasets/raw\actors\adil_hussain\81a5e1fd97.jpg,adil_hussain,actors,no_face,1872.2,0,move
datasets/raw\actors\adil_hussain\8cd2864bfe.jpg,adil_hussain,actors,no_face,156.1,0,move
datasets/raw\actors\ajay_devgn\0410aa3020.jpg,ajay_devgn,actors,no_face,638.8,0,move
datasets/raw\actors\ajay_devgn\0d6b50cee5.jpg,ajay_devgn,actors,no_face,1346.7,0,move
datasets/raw\actors\ajay_devgn\11e50143ba.jpg,ajay_devgn,actors,no_face,478.0,0,move
datasets/raw\actors\ajay_devgn\13c91a0837.jpg,ajay_devgn,actors,no_face,767.9,0,move
datasets/raw\actors\ajay_devgn\1aefb1fc13.jpg,ajay_devgn,actors,no_face,376.9,0,move
datasets/raw\actors\ajay_devgn\1e8a3d874f.jpg,ajay_devgn,actors,no_face,1538.6,0,move
datasets/raw\actors\ajay_devgn\240e11427e.jpg,ajay_devgn,actors,no_face,2639.2,0,move
datasets/raw\actors\ajay_devgn\2e455e319b.jpg,ajay_devgn,actors,no_face,375.6,0,move
datasets/raw\actors\ajay_devgn\44bd93f4a1.jpg,ajay_devgn,actors,no_face,437.6,0,move
datasets/raw\actors\ajay_devgn\4a89873594.jpg,ajay_devgn,actors,no_face,2136.2,0,move
datasets/raw\actors\ajay_devgn\4e4a9246b9.jpg,ajay_devgn,actors,no_face,289.5,0,move
datasets/raw\actors\ajay_devgn\59b17e120a.jpg,ajay_devgn,actors,no_face,1306.7,0,move
datasets/raw\actors\ajay_devgn\5fc9cd1bb4.jpg,ajay_devgn,actors,no_face,1434.4,0,move
datasets/raw\actors\ajay_devgn\73ff590284.jpg,ajay_devgn,actors,no_face,1613.1,0,move
datasets/raw\actors\ajay_devgn\85b4c1c831.jpg,ajay_devgn,actors,no_face,428.2,0,move
datasets/raw\actors\ajay_devgn\8d3c14b370.jpg,ajay_devgn,actors,no_face,746.8,0,move
datasets/raw\actors\ajay_devgn\9be8c116e3.jpg,ajay_devgn,actors,no_face,649.7,0,move
datasets/raw\actors\akshaye_khanna\09071bb7c7.jpg,akshaye_khanna,actors,no_face,2783.4,0,move
datasets/raw\actors\akshaye_khanna\0df4f21d12.jpg,akshaye_khanna,actors,no_face,4934.4,0,move
datasets/raw\actors\akshaye_khanna\14c0ed5c99.jpg,akshaye_khanna,actors,no_face,1266.4,0,move
datasets/raw\actors\akshaye_khanna\1c29b44d08.jpg,akshaye_khanna,actors,no_face,986.1,0,move
datasets/raw\actors\akshaye_khanna\2a6f553d0f.jpg,akshaye_khanna,actors,no_face,180.5,0,move
datasets/raw\actors\akshaye_khanna\322c474332.jpg,akshaye_khanna,actors,no_face,251.0,0,move
datasets/raw\actors\akshaye_khanna\3361ff60df.jpg,akshaye_khanna,actors,no_face,155.7,0,move
datasets/raw\actors\akshaye_khanna\39a609fed5.jpg,akshaye_khanna,actors,no_face,2616.7,0,move
datasets/raw\actors\akshaye_khanna\45bb2823ef.jpg,akshaye_khanna,actors,no_face,222.7,0,move
datasets/raw\actors\akshaye_khanna\4bc7481e92.jpg,akshaye_khanna,actors,no_face,552.6,0,move
datasets/raw\actors\akshaye_khanna\529fa105d2.jpg,akshaye_khanna,actors,no_face,273.6,0,move
datasets/raw\actors\akshaye_khanna\595c3ead7e.jpg,akshaye_khanna,actors,no_face,480.7,0,move
datasets/raw\actors\akshaye_khanna\63ca4847b7.jpg,akshaye_khanna,actors,no_face,50.1,0,move
datasets/raw\actors\akshaye_khanna\6e4ff7069a.jpg,akshaye_khanna,actors,no_face,800.3,0,move
datasets/raw\actors\akshaye_khanna\71a3afe272.jpg,akshaye_khanna,actors,no_face,917.7,0,move
datasets/raw\actors\akshaye_khanna\7cf3dc113c.jpg,akshaye_khanna,actors,no_face,460.7,0,move
datasets/raw\actors\akshaye_khanna\8cb666e2aa.jpg,akshaye_khanna,actors,no_face,1484.8,0,move
datasets/raw\actors\akshaye_khanna\90f9d3f6ed.jpg,akshaye_khanna,actors,no_face,1082.5,0,move
datasets/raw\actors\akshaye_khanna\9ab96951d0.jpg,akshaye_khanna,actors,no_face,233.6,0,move
datasets/raw\actors\akshay_kumar\05aecc2317.jpg,akshay_kumar,actors,no_face,76.4,0,move
datasets/raw\actors\akshay_kumar\0f67ff3d3b.jpg,akshay_kumar,actors,no_face,694.7,0,move
datasets/raw\actors\akshay_kumar\18da34e183.jpg,akshay_kumar,actors,no_face,653.9,0,move
datasets/raw\actors\akshay_kumar\1c4e5e9216.jpg,akshay_kumar,actors,no_face,1054.9,0,move
datasets/raw\actors\akshay_kumar\23d88db700.jpg,akshay_kumar,actors,no_face,292.5,0,move
datasets/raw\actors\akshay_kumar\30b9937858.jpg,akshay_kumar,actors,no_face,575.2,0,move
datasets/raw\actors\akshay_kumar\36f3127fbe.jpg,akshay_kumar,actors,no_face,697.3,0,move
datasets/raw\actors\akshay_kumar\3e0bff58b3.jpg,akshay_kumar,actors,no_face,545.7,0,move
datasets/raw\actors\akshay_kumar\4cbee1c951.jpg,akshay_kumar,actors,no_face,143.4,0,move
datasets/raw\actors\akshay_kumar\4ea239b589.jpg,akshay_kumar,actors,no_face,299.5,0,move
datasets/raw\actors\akshay_kumar\53bfa86b27.jpg,akshay_kumar,actors,no_face,286.3,0,move
datasets/raw\actors\akshay_kumar\5abc734866.jpg,akshay_kumar,actors,no_face,779.5,0,move
datasets/raw\actors\akshay_kumar\5d4e5c02c9.jpg,akshay_kumar,actors,no_face,906.7,0,move
datasets/raw\actors\akshay_kumar\5ea9c38932.jpg,akshay_kumar,actors,no_face,1805.0,0,move
datasets/raw\actors\akshay_kumar\6a73dadc2d.jpg,akshay_kumar,actors,no_face,329.6,0,move
datasets/raw\actors\akshay_kumar\7dc7437f0f.jpg,akshay_kumar,actors,no_face,607.1,0,move
datasets/raw\actors\akshay_kumar\8ee6c5003a.jpg,akshay_kumar,actors,no_face,193.6,0,move
datasets/raw\actors\akshay_kumar\9c7a4a1cfa.jpg,akshay_kumar,actors,no_face,560.8,0,move
datasets/raw\actors\amitabh_bachchan\02c358bbb2.jpg,amitabh_bachchan,actors,no_face,953.7,0,move
datasets/raw\actors\amitabh_bachchan\039ac16a17.jpg,amitabh_bachchan,actors,no_face,926.6,0,move
datasets/raw\actors\amitabh_bachchan\10f9809a38.jpg,amitabh_bachchan,actors,no_face,422.9,0,move
datasets/raw\actors\amitabh_bachchan\1c0919106f.jpg,amitabh_bachchan,actors,no_face,322.7,0,move
datasets/raw\actors\amitabh_bachchan\1ee666c3f0.jpg,amitabh_bachchan,actors,no_face,680.0,0,move
datasets/raw\actors\amitabh_bachchan\20f15b69e7.jpg,amitabh_bachchan,actors,no_face,451.2,0,move
datasets/raw\actors\amitabh_bachchan\23a2234139.jpg,amitabh_bachchan,actors,no_face,1571.0,0,move
datasets/raw\actors\amitabh_bachchan\2fd6aa6794.jpg,amitabh_bachchan,actors,no_face,311.4,0,move
datasets/raw\actors\amitabh_bachchan\369e48dd6e.jpg,amitabh_bachchan,actors,no_face,612.4,0,move
datasets/raw\actors\amitabh_bachchan\3db5da6c3f.jpg,amitabh_bachchan,actors,no_face,363.6,0,move
datasets/raw\actors\amitabh_bachchan\4e38a7a0e5.jpg,amitabh_bachchan,actors,no_face,1181.9,0,move
datasets/raw\actors\amitabh_bachchan\5a2fe29dfe.jpg,amitabh_bachchan,actors,no_face,633.8,0,move
datasets/raw\actors\amitabh_bachchan\5b73c797f7.jpg,amitabh_bachchan,actors,no_face,64.3,0,move
datasets/raw\actors\amitabh_bachchan\5efd6014fa.jpg,amitabh_bachchan,actors,no_face,308.6,0,move
datasets/raw\actors\amitabh_bachchan\75bbd3ac0c.jpg,amitabh_bachchan,actors,no_face,398.4,0,move
datasets/raw\actors\amitabh_bachchan\7dbfe0e91d.jpg,amitabh_bachchan,actors,no_face,164.8,0,move
datasets/raw\actors\amitabh_bachchan\96b1949fc8.jpg,amitabh_bachchan,actors,no_face,456.6,0,move
datasets/raw\actors\amjad_khan\02376ece82.jpg,amjad_khan,actors,no_face,716.1,0,move
datasets/raw\actors\amjad_khan\13b2be90d5.jpg,amjad_khan,actors,no_face,456.7,0,move
datasets/raw\actors\amjad_khan\1e67e97cf2.jpg,amjad_khan,actors,no_face,312.0,0,move
datasets/raw\actors\amjad_khan\2961f38310.jpg,amjad_khan,actors,no_face,4078.0,0,move
datasets/raw\actors\amjad_khan\2d7dc4570f.jpg,amjad_khan,actors,no_face,340.2,0,move
datasets/raw\actors\amjad_khan\36736a7e93.jpg,amjad_khan,actors,no_face,68.6,0,move
datasets/raw\actors\amjad_khan\390dc2fb90.jpg,amjad_khan,actors,no_face,967.1,0,move
datasets/raw\actors\amjad_khan\41809fa982.jpg,amjad_khan,actors,no_face,508.8,0,move
datasets/raw\actors\amjad_khan\49231a1a70.jpg,amjad_khan,actors,no_face,2231.3,0,move
datasets/raw\actors\amjad_khan\4b83f57149.jpg,amjad_khan,actors,no_face,1178.7,0,move
datasets/raw\actors\amjad_khan\5e1b2741c6.jpg,amjad_khan,actors,no_face,116.2,0,move
datasets/raw\actors\amjad_khan\7355b85ebd.jpg,amjad_khan,actors,no_face,3517.2,0,move
datasets/raw\actors\amjad_khan\78a3443055.jpg,amjad_khan,actors,no_face,1154.2,0,move
datasets/raw\actors\amjad_khan\7b35507494.jpg,amjad_khan,actors,no_face,45.8,0,move
datasets/raw\actors\amjad_khan\7c46e1ef95.jpg,amjad_khan,actors,no_face,387.7,0,move
datasets/raw\actors\amjad_khan\82b8f04406.jpg,amjad_khan,actors,no_face,1223.8,0,move
datasets/raw\actors\amjad_khan\884b485e35.jpg,amjad_khan,actors,no_face,342.3,0,move
datasets/raw\actors\amjad_khan\8f080a3633.jpg,amjad_khan,actors,no_face,373.4,0,move
datasets/raw\actors\amjad_khan\9d00afd0a4.jpg,amjad_khan,actors,no_face,431.2,0,move
datasets/raw\actors\amole_gupte\0cd1d90b66.jpg,amole_gupte,actors,no_face,169.9,0,move
datasets/raw\actors\amole_gupte\11f917bdf4.jpg,amole_gupte,actors,no_face,88.2,0,move
datasets/raw\actors\amole_gupte\1afbc3b574.jpg,amole_gupte,actors,no_face,2376.9,0,move
datasets/raw\actors\amole_gupte\21f143ef42.jpg,amole_gupte,actors,no_face,610.3,0,move
datasets/raw\actors\amole_gupte\2d1adb0baa.jpg,amole_gupte,actors,no_face,206.7,0,move
datasets/raw\actors\amole_gupte\33f5d99724.jpg,amole_gupte,actors,no_face,542.1,0,move
datasets/raw\actors\amole_gupte\3be80a387d.jpg,amole_gupte,actors,no_face,11572.1,0,move
datasets/raw\actors\amole_gupte\48cfc46b35.jpg,amole_gupte,actors,no_face,513.9,0,move
datasets/raw\actors\amole_gupte\58b6426d90.jpg,amole_gupte,actors,no_face,808.5,0,move
datasets/raw\actors\amole_gupte\65e7b932ce.jpg,amole_gupte,actors,no_face,976.1,0,move
datasets/raw\actors\amole_gupte\6ec161becc.jpg,amole_gupte,actors,no_face,1088.2,0,move
datasets/raw\actors\amole_gupte\7a83b52da6.jpg,amole_gupte,actors,no_face,3681.5,0,move
datasets/raw\actors\amole_gupte\7b59a73d8f.jpg,amole_gupte,actors,no_face,787.1,0,move
datasets/raw\actors\amole_gupte\7c6fad701f.jpg,amole_gupte,actors,no_face,1048.7,0,move
datasets/raw\actors\amole_gupte\8c3fada3f7.jpg,amole_gupte,actors,no_face,378.6,0,move
datasets/raw\actors\amole_gupte\8ec689ea53.jpg,amole_gupte,actors,no_face,1435.9,0,move
datasets/raw\actors\amole_gupte\9ca894847b.jpg,amole_gupte,actors,no_face,1336.8,0,move
datasets/raw\actors\amol_palekar\0084dfaae5.jpg,amol_palekar,actors,no_face,199.8,0,move
datasets/raw\actors\amol_palekar\0361fa43de.jpg,amol_palekar,actors,no_face,2944.6,0,move
datasets/raw\actors\amol_palekar\08b431c963.jpg,amol_palekar,actors,no_face,326.0,0,move
datasets/raw\actors\amol_palekar\0d152d97c5.jpg,amol_palekar,actors,no_face,248.4,0,move
datasets/raw\actors\amol_palekar\0f96ea3c1c.jpg,amol_palekar,actors,no_face,7422.9,0,move
datasets/raw\actors\amol_palekar\17e3dab95b.jpg,amol_palekar,actors,no_face,139.6,0,move
datasets/raw\actors\amol_palekar\18d7cc64c1.jpg,amol_palekar,actors,no_face,1026.5,0,move
datasets/raw\actors\amol_palekar\1ccd674c69.jpg,amol_palekar,actors,no_face,602.1,0,move
datasets/raw\actors\amol_palekar\236f783433.jpg,amol_palekar,actors,no_face,1255.5,0,move
datasets/raw\actors\amol_palekar\27c38b18dc.jpg,amol_palekar,actors,no_face,87.9,0,move
datasets/raw\actors\amol_palekar\36e2e4fb0f.jpg,amol_palekar,actors,no_face,197.9,0,move
datasets/raw\actors\amol_palekar\417d2fd024.jpg,amol_palekar,actors,no_face,1358.1,0,move
datasets/raw\actors\amol_palekar\4db9525f20.jpg,amol_palekar,actors,no_face,574.6,0,move
datasets/raw\actors\amol_palekar\58d5d11a2f.jpg,amol_palekar,actors,no_face,581.6,0,move
datasets/raw\actors\amol_palekar\84cef5d19d.jpg,amol_palekar,actors,no_face,75.1,0,move
datasets/raw\actors\amol_palekar\8bb2cbba73.jpg,amol_palekar,actors,no_face,66.3,0,move
datasets/raw\actors\amol_palekar\99dc8effef.jpg,amol_palekar,actors,no_face,44.7,0,move
datasets/raw\actors\amol_palekar\f3252bcf24.jpg,amol_palekar,actors,no_face,644.9,0,move
datasets/raw\actors\amol_palekar\fab7b2babd.jpg,amol_palekar,actors,no_face,849.2,0,move
datasets/raw\actors\amol_palekar\fd78443b5e.jpg,amol_palekar,actors,no_face,319.0,0,move
datasets/raw\actors\amrish_puri\0096ba7034.jpg,amrish_puri,actors,no_face,300.4,0,move
datasets/raw\actors\amrish_puri\0298dfb2e8.jpg,amrish_puri,actors,no_face,3365.3,0,move
datasets/raw\actors\amrish_puri\090fd8e872.jpg,amrish_puri,actors,no_face,513.1,0,move
datasets/raw\actors\amrish_puri\0e9cb36b5f.jpg,amrish_puri,actors,no_face,124.0,0,move
datasets/raw\actors\amrish_puri\15bfb4f9e0.jpg,amrish_puri,actors,no_face,209.8,0,move
datasets/raw\actors\amrish_puri\1a2c54694c.jpg,amrish_puri,actors,no_face,133.9,0,move
datasets/raw\actors\amrish_puri\1d29a1d02d.jpg,amrish_puri,actors,no_face,826.2,0,move
datasets/raw\actors\amrish_puri\1f8e3acba0.jpg,amrish_puri,actors,no_face,264.2,0,move
datasets/raw\actors\amrish_puri\364b4e5a06.jpg,amrish_puri,actors,no_face,1927.2,0,move
datasets/raw\actors\amrish_puri\3bd4f1c602.jpg,amrish_puri,actors,no_face,294.5,0,move
datasets/raw\actors\amrish_puri\3e99521d7d.jpg,amrish_puri,actors,no_face,47.8,0,move
datasets/raw\actors\amrish_puri\4d3dd0f7d2.jpg,amrish_puri,actors,no_face,57.9,0,move
datasets/raw\actors\amrish_puri\5d5fdcde14.jpg,amrish_puri,actors,no_face,370.1,0,move
datasets/raw\actors\amrish_puri\6a053eb235.jpg,amrish_puri,actors,no_face,934.7,0,move
datasets/raw\actors\amrish_puri\6a9da5a012.jpg,amrish_puri,actors,no_face,690.2,0,move
datasets/raw\actors\amrish_puri\7b55ce9b6b.jpg,amrish_puri,actors,no_face,181.8,0,move
datasets/raw\actors\amrish_puri\7d1d9e3a9d.jpg,amrish_puri,actors,no_face,592.1,0,move
datasets/raw\actors\amrish_puri\86f12667eb.jpg,amrish_puri,actors,no_face,4094.2,0,move
datasets/raw\actors\amrish_puri\9e84fd3904.jpg,amrish_puri,actors,no_face,863.5,0,move
datasets/raw\actors\anil_kapoor\06ebb453ec.jpg,anil_kapoor,actors,no_face,1872.0,0,move
datasets/raw\actors\anil_kapoor\0b0bf3459b.jpg,anil_kapoor,actors,no_face,155.4,0,move
datasets/raw\actors\anil_kapoor\0e8e37df32.jpg,anil_kapoor,actors,no_face,1065.1,0,move
datasets/raw\actors\anil_kapoor\1adccd5eea.jpg,anil_kapoor,actors,no_face,650.4,0,move
datasets/raw\actors\anil_kapoor\24b8cd3aea.jpg,anil_kapoor,actors,no_face,2120.7,0,move
datasets/raw\actors\anil_kapoor\36bbb95d43.jpg,anil_kapoor,actors,no_face,693.2,0,move
datasets/raw\actors\anil_kapoor\3f25d28857.jpg,anil_kapoor,actors,no_face,1034.4,0,move
datasets/raw\actors\anil_kapoor\42c5dc3ff2.jpg,anil_kapoor,actors,no_face,112.9,0,move
datasets/raw\actors\anil_kapoor\48a7eb8e07.jpg,anil_kapoor,actors,no_face,678.7,0,move
datasets/raw\actors\anil_kapoor\56daeb6da9.jpg,anil_kapoor,actors,no_face,3571.4,0,move
datasets/raw\actors\anil_kapoor\65755ad273.jpg,anil_kapoor,actors,no_face,417.8,0,move
datasets/raw\actors\anil_kapoor\7d835098a9.jpg,anil_kapoor,actors,no_face,1288.5,0,move
datasets/raw\actors\anil_kapoor\84b6902234.jpg,anil_kapoor,actors,no_face,314.5,0,move
datasets/raw\actors\anil_kapoor\8b56d62d30.jpg,anil_kapoor,actors,no_face,704.9,0,move
datasets/raw\actors\anil_kapoor\934e3cf8d2.jpg,anil_kapoor,actors,no_face,1608.3,0,move
datasets/raw\actors\anil_kapoor\9e8aead8ed.jpg,anil_kapoor,actors,no_face,190.9,0,move
datasets/raw\actors\annu_kapoor\04143b9112.jpg,annu_kapoor,actors,no_face,41.5,0,move
datasets/raw\actors\annu_kapoor\07578fc6db.jpg,annu_kapoor,actors,no_face,284.2,0,move
datasets/raw\actors\annu_kapoor\0ae3490a4f.jpg,annu_kapoor,actors,no_face,617.4,0,move
datasets/raw\actors\annu_kapoor\0b9d6c548f.jpg,annu_kapoor,actors,no_face,133.3,0,move
datasets/raw\actors\annu_kapoor\0c70463adb.jpg,annu_kapoor,actors,no_face,2251.1,0,move
datasets/raw\actors\annu_kapoor\13d1aed312.jpg,annu_kapoor,actors,no_face,135.9,0,move
datasets/raw\actors\annu_kapoor\15fa22daea.jpg,annu_kapoor,actors,no_face,816.5,0,move
datasets/raw\actors\annu_kapoor\21f2fdcfbb.jpg,annu_kapoor,actors,no_face,1349.7,0,move
datasets/raw\actors\annu_kapoor\23dc330f5d.jpg,annu_kapoor,actors,no_face,1167.0,0,move
datasets/raw\actors\annu_kapoor\293fd46a4e.jpg,annu_kapoor,actors,no_face,416.1,0,move
datasets/raw\actors\annu_kapoor\390dd8927d.jpg,annu_kapoor,actors,no_face,77.5,0,move
datasets/raw\actors\annu_kapoor\42da1284c3.jpg,annu_kapoor,actors,no_face,642.0,0,move
datasets/raw\actors\annu_kapoor\4c49d11b1a.jpg,annu_kapoor,actors,no_face,1875.4,0,move
datasets/raw\actors\annu_kapoor\5d8ea0febd.jpg,annu_kapoor,actors,no_face,2994.0,0,move
datasets/raw\actors\annu_kapoor\826a3d9e14.jpg,annu_kapoor,actors,no_face,652.5,0,move
datasets/raw\actors\annu_kapoor\8b40c7a885.jpg,annu_kapoor,actors,no_face,41.9,0,move
datasets/raw\actors\annu_kapoor\94ab6e1c56.jpg,annu_kapoor,actors,no_face,3198.3,0,move
datasets/raw\actors\annu_kapoor\9ea57ff60b.jpg,annu_kapoor,actors,no_face,2714.7,0,move
datasets/raw\actors\annu_kapoor\fb01735f5f.jpg,annu_kapoor,actors,no_face,260.5,0,move
datasets/raw\actors\anupam_kher\04c3c65b49.jpg,anupam_kher,actors,no_face,441.6,0,move
datasets/raw\actors\anupam_kher\0723bd7e5b.jpg,anupam_kher,actors,no_face,2263.1,0,move
datasets/raw\actors\anupam_kher\0be0f65707.jpg,anupam_kher,actors,no_face,258.9,0,move
datasets/raw\actors\anupam_kher\16e05c31df.jpg,anupam_kher,actors,no_face,226.9,0,move
datasets/raw\actors\anupam_kher\17ff25c3d5.jpg,anupam_kher,actors,no_face,527.1,0,move
datasets/raw\actors\anupam_kher\209e01d18e.jpg,anupam_kher,actors,no_face,88.5,0,move
datasets/raw\actors\anupam_kher\25cdb743c5.jpg,anupam_kher,actors,no_face,728.4,0,move
datasets/raw\actors\anupam_kher\35f26a0e22.jpg,anupam_kher,actors,no_face,576.7,0,move
datasets/raw\actors\anupam_kher\3cf9d71e4e.jpg,anupam_kher,actors,no_face,794.1,0,move
datasets/raw\actors\anupam_kher\3e634f6d35.jpg,anupam_kher,actors,no_face,356.5,0,move
datasets/raw\actors\anupam_kher\4d62ab4d63.jpg,anupam_kher,actors,no_face,184.6,0,move
datasets/raw\actors\anupam_kher\51dd88d341.jpg,anupam_kher,actors,no_face,191.2,0,move
datasets/raw\actors\anupam_kher\58bd944953.jpg,anupam_kher,actors,no_face,71.5,0,move
datasets/raw\actors\anupam_kher\66e49d1cf9.jpg,anupam_kher,actors,no_face,180.4,0,move
datasets/raw\actors\anupam_kher\78c451e967.jpg,anupam_kher,actors,no_face,1190.7,0,move
datasets/raw\actors\anupam_kher\81cd7966f8.jpg,anupam_kher,actors,no_face,1088.2,0,move
datasets/raw\actors\anupam_kher\9d3400c5a6.jpg,anupam_kher,actors,no_face,283.8,0,move
datasets/raw\actors\arshad_warsi\03c3e161e8.jpg,arshad_warsi,actors,no_face,898.9,0,move
datasets/raw\actors\arshad_warsi\0a02c7368d.jpg,arshad_warsi,actors,no_face,518.4,0,move
datasets/raw\actors\arshad_warsi\10f7781d1d.jpg,arshad_warsi,actors,no_face,592.9,0,move
datasets/raw\actors\arshad_warsi\1b5a122519.jpg,arshad_warsi,actors,no_face,737.6,0,move
datasets/raw\actors\arshad_warsi\1c6cb399ed.jpg,arshad_warsi,actors,no_face,506.1,0,move
datasets/raw\actors\arshad_warsi\1cb2554b82.jpg,arshad_warsi,actors,no_face,1525.5,0,move
datasets/raw\actors\arshad_warsi\28bf3bd93a.jpg,arshad_warsi,actors,no_face,120.6,0,move
datasets/raw\actors\arshad_warsi\3a8eb0f260.jpg,arshad_warsi,actors,no_face,287.2,0,move
datasets/raw\actors\arshad_warsi\3f2c768155.jpg,arshad_warsi,actors,no_face,3328.7,0,move
datasets/raw\actors\arshad_warsi\45b63515e8.jpg,arshad_warsi,actors,no_face,534.2,0,move
datasets/raw\actors\arshad_warsi\5bf06a4222.jpg,arshad_warsi,actors,no_face,2240.9,0,move
datasets/raw\actors\arshad_warsi\5c58cacbd5.jpg,arshad_warsi,actors,no_face,226.6,0,move
datasets/raw\actors\arshad_warsi\66fe6b237c.jpg,arshad_warsi,actors,no_face,1317.6,0,move
datasets/raw\actors\arshad_warsi\6d7b6b9bed.jpg,arshad_warsi,actors,no_face,629.8,0,move
datasets/raw\actors\arshad_warsi\75c85c3162.jpg,arshad_warsi,actors,no_face,70.2,0,move
datasets/raw\actors\arshad_warsi\7f66c07060.jpg,arshad_warsi,actors,no_face,1117.4,0,move
datasets/raw\actors\arshad_warsi\8c857929ec.jpg,arshad_warsi,actors,no_face,901.7,0,move
datasets/raw\actors\arshad_warsi\9d8095f0bc.jpg,arshad_warsi,actors,no_face,78.2,0,move
datasets/raw\actors\ashish_vidyarthi\011fea7f45.jpg,ashish_vidyarthi,actors,no_face,225.3,0,move
datasets/raw\actors\ashish_vidyarthi\13ade06b45.jpg,ashish_vidyarthi,actors,no_face,508.6,0,move
datasets/raw\actors\ashish_vidyarthi\1e77f52715.jpg,ashish_vidyarthi,actors,no_face,344.8,0,move
datasets/raw\actors\ashish_vidyarthi\282cfdd0d1.jpg,ashish_vidyarthi,actors,no_face,1492.1,0,move
datasets/raw\actors\ashish_vidyarthi\2cde93b728.jpg,ashish_vidyarthi,actors,no_face,1346.5,0,move
datasets/raw\actors\ashish_vidyarthi\375a38f220.jpg,ashish_vidyarthi,actors,no_face,388.9,0,move
datasets/raw\actors\ashish_vidyarthi\41ac1bf038.jpg,ashish_vidyarthi,actors,no_face,151.1,0,move
datasets/raw\actors\ashish_vidyarthi\49d86de462.jpg,ashish_vidyarthi,actors,no_face,108.5,0,move
datasets/raw\actors\ashish_vidyarthi\4c99b51917.jpg,ashish_vidyarthi,actors,no_face,308.1,0,move
datasets/raw\actors\ashish_vidyarthi\4f0423dbb0.jpg,ashish_vidyarthi,actors,no_face,798.0,0,move
datasets/raw\actors\ashish_vidyarthi\57a562decd.jpg,ashish_vidyarthi,actors,no_face,355.3,0,move
datasets/raw\actors\ashish_vidyarthi\597ab8f761.jpg,ashish_vidyarthi,actors,no_face,506.7,0,move
datasets/raw\actors\ashish_vidyarthi\6e5b79b4d3.jpg,ashish_vidyarthi,actors,no_face,186.0,0,move
datasets/raw\actors\ashish_vidyarthi\72c9b29169.jpg,ashish_vidyarthi,actors,no_face,2517.4,0,move
datasets/raw\actors\ashish_vidyarthi\77ff150928.jpg,ashish_vidyarthi,actors,no_face,479.5,0,move
datasets/raw\actors\ashish_vidyarthi\7d4c9b4226.jpg,ashish_vidyarthi,actors,no_face,574.5,0,move
datasets/raw\actors\ashish_vidyarthi\90f3c91550.jpg,ashish_vidyarthi,actors,no_face,1652.4,0,move
datasets/raw\actors\ashish_vidyarthi\9aeed17fe2.jpg,ashish_vidyarthi,actors,no_face,2536.0,0,move
datasets/raw\actors\asrani\0430f8bd9b.jpg,asrani,actors,no_face,431.9,0,move
datasets/raw\actors\asrani\0c7d47ba3d.jpg,asrani,actors,no_face,1687.0,0,move
datasets/raw\actors\asrani\11269a5d13.jpg,asrani,actors,no_face,538.7,0,move
datasets/raw\actors\asrani\1fdd6f67f1.jpg,asrani,actors,no_face,306.1,0,move
datasets/raw\actors\asrani\20c66f1ba4.jpg,asrani,actors,no_face,5922.1,0,move
datasets/raw\actors\asrani\27caec0606.jpg,asrani,actors,no_face,322.0,0,move
datasets/raw\actors\asrani\2f4b5c762c.jpg,asrani,actors,no_face,4199.1,0,move
datasets/raw\actors\asrani\4321865d28.jpg,asrani,actors,no_face,46.7,0,move
datasets/raw\actors\asrani\50ddb48b7a.jpg,asrani,actors,no_face,128.3,0,move
datasets/raw\actors\asrani\58e72d0adc.jpg,asrani,actors,no_face,172.2,0,move
datasets/raw\actors\asrani\71ed93d2f8.jpg,asrani,actors,no_face,1039.4,0,move
datasets/raw\actors\asrani\76bcd098a2.jpg,asrani,actors,no_face,994.1,0,move
datasets/raw\actors\asrani\7c2a6c2d30.jpg,asrani,actors,no_face,1063.1,0,move
datasets/raw\actors\asrani\8adea00439.jpg,asrani,actors,no_face,5895.1,0,move
datasets/raw\actors\asrani\a34f9d7690.jpg,asrani,actors,no_face,2119.4,0,move
datasets/raw\actors\asrani\af974528f8.jpg,asrani,actors,no_face,507.4,0,move
datasets/raw\actors\asrani\b9e2ddf9d3.jpg,asrani,actors,no_face,967.1,0,move
datasets/raw\actors\atul_kulkarni\05f47537d4.jpg,atul_kulkarni,actors,no_face,2819.6,0,move
datasets/raw\actors\atul_kulkarni\07b8c5c8bd.jpg,atul_kulkarni,actors,no_face,133.3,0,move
datasets/raw\actors\atul_kulkarni\0c3e4a69d3.jpg,atul_kulkarni,actors,no_face,190.0,0,move
datasets/raw\actors\atul_kulkarni\1b1b17e8b9.jpg,atul_kulkarni,actors,no_face,189.4,0,move
datasets/raw\actors\atul_kulkarni\229a928e1c.jpg,atul_kulkarni,actors,no_face,241.4,0,move
datasets/raw\actors\atul_kulkarni\2c4ae8c330.jpg,atul_kulkarni,actors,no_face,366.4,0,move
datasets/raw\actors\atul_kulkarni\3a109f7c71.jpg,atul_kulkarni,actors,no_face,315.7,0,move
datasets/raw\actors\atul_kulkarni\426bc929e6.jpg,atul_kulkarni,actors,no_face,584.2,0,move
datasets/raw\actors\atul_kulkarni\4d1695aa7b.jpg,atul_kulkarni,actors,no_face,352.7,0,move
datasets/raw\actors\atul_kulkarni\509d6c8415.jpg,atul_kulkarni,actors,no_face,4800.4,0,move
datasets/raw\actors\atul_kulkarni\53bbb2238f.jpg,atul_kulkarni,actors,no_face,681.6,0,move
datasets/raw\actors\atul_kulkarni\5a8f1250ce.jpg,atul_kulkarni,actors,no_face,272.5,0,move
datasets/raw\actors\atul_kulkarni\64dc8ce16d.jpg,atul_kulkarni,actors,no_face,232.3,0,move
datasets/raw\actors\atul_kulkarni\692f012f8f.jpg,atul_kulkarni,actors,no_face,550.3,0,move
datasets/raw\actors\atul_kulkarni\6e6bbb3d79.jpg,atul_kulkarni,actors,no_face,1830.2,0,move
datasets/raw\actors\atul_kulkarni\73d4395b74.jpg,atul_kulkarni,actors,no_face,670.6,0,move
datasets/raw\actors\atul_kulkarni\83f85abc48.jpg,atul_kulkarni,actors,no_face,91.1,0,move
datasets/raw\actors\atul_kulkarni\8ac9467ecc.jpg,atul_kulkarni,actors,no_face,1641.8,0,move
datasets/raw\actors\atul_kulkarni\905ab7a3ae.jpg,atul_kulkarni,actors,no_face,672.2,0,move
datasets/raw\actors\atul_kulkarni\95ce8f810c.jpg,atul_kulkarni,actors,no_face,167.3,0,move
datasets/raw\actors\ayushmann_khurrana\039cd230f4.jpg,ayushmann_khurrana,actors,no_face,2742.7,0,move
datasets/raw\actors\ayushmann_khurrana\0ab300f847.jpg,ayushmann_khurrana,actors,no_face,140.2,0,move
datasets/raw\actors\ayushmann_khurrana\0e038418b9.jpg,ayushmann_khurrana,actors,no_face,41.0,0,move
datasets/raw\actors\ayushmann_khurrana\1d86d7b445.jpg,ayushmann_khurrana,actors,no_face,1115.3,0,move
datasets/raw\actors\ayushmann_khurrana\22e025bb75.jpg,ayushmann_khurrana,actors,no_face,440.2,0,move
datasets/raw\actors\ayushmann_khurrana\27eefe36b7.jpg,ayushmann_khurrana,actors,no_face,1034.7,0,move
datasets/raw\actors\ayushmann_khurrana\44a9cbb12b.jpg,ayushmann_khurrana,actors,no_face,616.4,0,move
datasets/raw\actors\ayushmann_khurrana\49bfc51794.jpg,ayushmann_khurrana,actors,no_face,112.5,0,move
datasets/raw\actors\ayushmann_khurrana\4cd2b1eb2b.jpg,ayushmann_khurrana,actors,no_face,2127.9,0,move
datasets/raw\actors\ayushmann_khurrana\4f194b201f.jpg,ayushmann_khurrana,actors,no_face,802.7,0,move
datasets/raw\actors\ayushmann_khurrana\52b85b5150.jpg,ayushmann_khurrana,actors,no_face,438.4,0,move
datasets/raw\actors\ayushmann_khurrana\5acb09c99d.jpg,ayushmann_khurrana,actors,no_face,257.5,0,move
datasets/raw\actors\ayushmann_khurrana\6c0efdd543.jpg,ayushmann_khurrana,actors,no_face,707.1,0,move
datasets/raw\actors\ayushmann_khurrana\6d93a0b53c.jpg,ayushmann_khurrana,actors,no_face,562.2,0,move
datasets/raw\actors\ayushmann_khurrana\74ead4fd4d.jpg,ayushmann_khurrana,actors,no_face,1368.1,0,move
datasets/raw\actors\ayushmann_khurrana\75b5e032ef.jpg,ayushmann_khurrana,actors,no_face,118.1,0,move
datasets/raw\actors\ayushmann_khurrana\7aac115f2f.jpg,ayushmann_khurrana,actors,no_face,721.6,0,move
datasets/raw\actors\ayushmann_khurrana\7f99d560d8.jpg,ayushmann_khurrana,actors,no_face,1402.4,0,move
datasets/raw\actors\ayushmann_khurrana\8dfe8a2a6f.jpg,ayushmann_khurrana,actors,no_face,277.9,0,move
datasets/raw\actors\ayushmann_khurrana\9a54c7f991.jpg,ayushmann_khurrana,actors,no_face,70.7,0,move
datasets/raw\actors\boman_irani\03cbfc8f99.jpg,boman_irani,actors,no_face,2513.7,0,move
datasets/raw\actors\boman_irani\05f7211c54.jpg,boman_irani,actors,no_face,798.3,0,move
datasets/raw\actors\boman_irani\0e130a5585.jpg,boman_irani,actors,no_face,866.4,0,move
datasets/raw\actors\boman_irani\1e7084ba32.jpg,boman_irani,actors,no_face,109.1,0,move
datasets/raw\actors\boman_irani\25d2e7411b.jpg,boman_irani,actors,no_face,2230.4,0,move
datasets/raw\actors\boman_irani\2a28a1dc78.jpg,boman_irani,actors,no_face,723.1,0,move
datasets/raw\actors\boman_irani\2df4a274dd.jpg,boman_irani,actors,no_face,1913.6,0,move
datasets/raw\actors\boman_irani\3e15e11814.jpg,boman_irani,actors,no_face,1726.8,0,move
datasets/raw\actors\boman_irani\43bb2b667b.jpg,boman_irani,actors,no_face,251.7,0,move
datasets/raw\actors\boman_irani\4ed12b81a3.jpg,boman_irani,actors,no_face,3051.1,0,move
datasets/raw\actors\boman_irani\52a96102c4.jpg,boman_irani,actors,no_face,40.2,0,move
datasets/raw\actors\boman_irani\59ff3fc758.jpg,boman_irani,actors,no_face,900.8,0,move
datasets/raw\actors\boman_irani\63c443b1bf.jpg,boman_irani,actors,no_face,190.1,0,move
datasets/raw\actors\boman_irani\6d6591edaa.jpg,boman_irani,actors,no_face,175.3,0,move
datasets/raw\actors\boman_irani\7b6f57db92.jpg,boman_irani,actors,no_face,1747.6,0,move
datasets/raw\actors\boman_irani\8f6249c425.jpg,boman_irani,actors,no_face,116.7,0,move
datasets/raw\actors\chunky_panday\0904c7667d.jpg,chunky_panday,actors,no_face,274.7,0,move
datasets/raw\actors\chunky_panday\1aa3600719.jpg,chunky_panday,actors,no_face,107.3,0,move
datasets/raw\actors\chunky_panday\289be286d2.jpg,chunky_panday,actors,no_face,6463.8,0,move
datasets/raw\actors\chunky_panday\39af682ed4.jpg,chunky_panday,actors,no_face,1759.5,0,move
datasets/raw\actors\chunky_panday\4d442775d3.jpg,chunky_panday,actors,no_face,649.5,0,move
datasets/raw\actors\chunky_panday\5113432cf2.jpg,chunky_panday,actors,no_face,1831.9,0,move
datasets/raw\actors\chunky_panday\5c0e7f0668.jpg,chunky_panday,actors,no_face,2497.7,0,move
datasets/raw\actors\chunky_panday\83bc1859ad.jpg,chunky_panday,actors,no_face,138.7,0,move
datasets/raw\actors\chunky_panday\89c296b975.jpg,chunky_panday,actors,no_face,1648.1,0,move
datasets/raw\actors\chunky_panday\a25afb2061.jpg,chunky_panday,actors,no_face,245.7,0,move
datasets/raw\actors\chunky_panday\ba5f46d228.jpg,chunky_panday,actors,no_face,370.9,0,move
datasets/raw\actors\chunky_panday\bcef47e7f0.jpg,chunky_panday,actors,no_face,493.5,0,move
datasets/raw\actors\chunky_panday\d672db9825.jpg,chunky_panday,actors,no_face,487.0,0,move
datasets/raw\actors\chunky_panday\ea3b2ab34a.jpg,chunky_panday,actors,no_face,7664.5,0,move
datasets/raw\actors\chunky_panday\fd863677b9.jpg,chunky_panday,actors,no_face,2753.7,0,move
datasets/raw\actors\danny_denzongpa\0d0c3466dc.jpg,danny_denzongpa,actors,no_face,500.8,0,move
datasets/raw\actors\danny_denzongpa\0fc19cc9d3.jpg,danny_denzongpa,actors,no_face,2363.3,0,move
datasets/raw\actors\danny_denzongpa\135cad8467.jpg,danny_denzongpa,actors,no_face,477.2,0,move
datasets/raw\actors\danny_denzongpa\1f613c0e0b.jpg,danny_denzongpa,actors,no_face,3916.7,0,move
datasets/raw\actors\danny_denzongpa\24b4beeb0a.jpg,danny_denzongpa,actors,no_face,896.2,0,move
datasets/raw\actors\danny_denzongpa\279d991faa.jpg,danny_denzongpa,actors,no_face,226.1,0,move
datasets/raw\actors\danny_denzongpa\2d5ddcde5e.jpg,danny_denzongpa,actors,no_face,260.9,0,move
datasets/raw\actors\danny_denzongpa\37d8123a5b.jpg,danny_denzongpa,actors,no_face,773.3,0,move
datasets/raw\actors\danny_denzongpa\3ea01013ce.jpg,danny_denzongpa,actors,no_face,1236.2,0,move
datasets/raw\actors\danny_denzongpa\48aaa57895.jpg,danny_denzongpa,actors,no_face,534.0,0,move
datasets/raw\actors\danny_denzongpa\5c52c195f4.jpg,danny_denzongpa,actors,no_face,598.7,0,move
datasets/raw\actors\danny_denzongpa\62c1265274.jpg,danny_denzongpa,actors,no_face,379.4,0,move
datasets/raw\actors\danny_denzongpa\68fcc48443.jpg,danny_denzongpa,actors,no_face,891.9,0,move
datasets/raw\actors\danny_denzongpa\7b04c1d97e.jpg,danny_denzongpa,actors,no_face,11314.8,0,move
datasets/raw\actors\danny_denzongpa\97be8fe9a1.jpg,danny_denzongpa,actors,no_face,2394.2,0,move
datasets/raw\actors\danny_denzongpa\9fcd712eba.jpg,danny_denzongpa,actors,no_face,849.3,0,move
datasets/raw\actors\darsheel_safary\005947d275.jpg,darsheel_safary,actors,no_face,2896.5,0,move
datasets/raw\actors\darsheel_safary\0cb2678b04.jpg,darsheel_safary,actors,no_face,320.0,0,move
datasets/raw\actors\darsheel_safary\1b29cf5323.jpg,darsheel_safary,actors,no_face,376.4,0,move
datasets/raw\actors\darsheel_safary\235f3c5e4b.jpg,darsheel_safary,actors,no_face,1119.1,0,move
datasets/raw\actors\darsheel_safary\29d9b78bfb.jpg,darsheel_safary,actors,no_face,4233.0,0,move
datasets/raw\actors\darsheel_safary\2f4cf030fe.jpg,darsheel_safary,actors,no_face,269.8,0,move
datasets/raw\actors\darsheel_safary\364f081153.jpg,darsheel_safary,actors,no_face,242.1,0,move
datasets/raw\actors\darsheel_safary\3b8db44719.jpg,darsheel_safary,actors,no_face,1405.7,0,move
datasets/raw\actors\darsheel_safary\3fa00e9d3b.jpg,darsheel_safary,actors,no_face,302.0,0,move
datasets/raw\actors\darsheel_safary\460cf5ea29.jpg,darsheel_safary,actors,no_face,929.7,0,move
datasets/raw\actors\darsheel_safary\4a797fa08d.jpg,darsheel_safary,actors,no_face,513.4,0,move
datasets/raw\actors\darsheel_safary\4bae620294.jpg,darsheel_safary,actors,no_face,285.0,0,move
datasets/raw\actors\darsheel_safary\5ef63653da.jpg,darsheel_safary,actors,no_face,488.6,0,move
datasets/raw\actors\darsheel_safary\6ca458a22b.jpg,darsheel_safary,actors,no_face,306.9,0,move
datasets/raw\actors\darsheel_safary\761a0e2708.jpg,darsheel_safary,actors,no_face,243.0,0,move
datasets/raw\actors\darsheel_safary\794bedd12d.jpg,darsheel_safary,actors,no_face,1444.8,0,move
datasets/raw\actors\darsheel_safary\871f5b67d3.jpg,darsheel_safary,actors,no_face,2982.9,0,move
datasets/raw\actors\darsheel_safary\8a22b161b3.jpg,darsheel_safary,actors,no_face,831.9,0,move
datasets/raw\actors\darsheel_safary\9fb9f2a17d.jpg,darsheel_safary,actors,no_face,49.8,0,move
datasets/raw\actors\dev_anand\043fcab609.jpg,dev_anand,actors,no_face,152.9,0,move
datasets/raw\actors\dev_anand\069ed2023d.jpg,dev_anand,actors,no_face,297.5,0,move
datasets/raw\actors\dev_anand\0ccbba5adc.jpg,dev_anand,actors,no_face,1674.7,0,move
datasets/raw\actors\dev_anand\186a02fb72.jpg,dev_anand,actors,no_face,307.6,0,move
datasets/raw\actors\dev_anand\1c0655b3bf.jpg,dev_anand,actors,no_face,8355.7,0,move
datasets/raw\actors\dev_anand\26ee4f4ea5.jpg,dev_anand,actors,no_face,460.9,0,move
datasets/raw\actors\dev_anand\2bfe399174.jpg,dev_anand,actors,no_face,550.2,0,move
datasets/raw\actors\dev_anand\36c27ea319.jpg,dev_anand,actors,no_face,1308.4,0,move
datasets/raw\actors\dev_anand\3d167973dc.jpg,dev_anand,actors,no_face,98.3,0,move
datasets/raw\actors\dev_anand\40d81690c0.jpg,dev_anand,actors,no_face,389.0,0,move
datasets/raw\actors\dev_anand\52f461fcc4.jpg,dev_anand,actors,no_face,1174.9,0,move
datasets/raw\actors\dev_anand\6d83099aa9.jpg,dev_anand,actors,no_face,1454.5,0,move
datasets/raw\actors\dev_anand\7f0aac8901.jpg,dev_anand,actors,no_face,3691.6,0,move
datasets/raw\actors\dev_anand\82e0ad66f5.jpg,dev_anand,actors,no_face,1598.0,0,move
datasets/raw\actors\dev_anand\90cf70b097.jpg,dev_anand,actors,no_face,411.3,0,move
datasets/raw\actors\dev_anand\9f9e34dac0.jpg,dev_anand,actors,no_face,7933.7,0,move
datasets/raw\actors\dharmendra\0438e467c8.jpg,dharmendra,actors,no_face,636.0,0,move
datasets/raw\actors\dharmendra\07e71d085f.jpg,dharmendra,actors,no_face,2018.6,0,move
datasets/raw\actors\dharmendra\133c0f7a54.jpg,dharmendra,actors,no_face,4649.9,0,move
datasets/raw\actors\dharmendra\18a5a92cd8.jpg,dharmendra,actors,no_face,958.4,0,move
datasets/raw\actors\dharmendra\292e6bff21.jpg,dharmendra,actors,no_face,597.9,0,move
datasets/raw\actors\dharmendra\398477ec47.jpg,dharmendra,actors,no_face,1989.0,0,move
datasets/raw\actors\dharmendra\4c5ef490d7.jpg,dharmendra,actors,no_face,575.4,0,move
datasets/raw\actors\dharmendra\52c5ad3cef.jpg,dharmendra,actors,no_face,3823.0,0,move
datasets/raw\actors\dharmendra\5bd381b107.jpg,dharmendra,actors,no_face,3446.7,0,move
datasets/raw\actors\dharmendra\647b70a7b3.jpg,dharmendra,actors,no_face,2320.6,0,move
datasets/raw\actors\dharmendra\721a877ab9.jpg,dharmendra,actors,no_face,48.8,0,move
datasets/raw\actors\dharmendra\7730afd7b5.jpg,dharmendra,actors,no_face,3019.5,0,move
datasets/raw\actors\dharmendra\8211cf5687.jpg,dharmendra,actors,no_face,3861.7,0,move
datasets/raw\actors\dharmendra\a3a83738a6.jpg,dharmendra,actors,no_face,257.0,0,move
datasets/raw\actors\dharmendra\a730caccc5.jpg,dharmendra,actors,no_face,1110.6,0,move
datasets/raw\actors\dilip_kumar\04a5985252.jpg,dilip_kumar,actors,no_face,68.3,0,move
datasets/raw\actors\dilip_kumar\0990a329cd.jpg,dilip_kumar,actors,no_face,3999.8,0,move
datasets/raw\actors\dilip_kumar\1acc1e6a8f.jpg,dilip_kumar,actors,no_face,161.1,0,move
datasets/raw\actors\dilip_kumar\24738f71c4.jpg,dilip_kumar,actors,no_face,1378.8,0,move
datasets/raw\actors\dilip_kumar\29c732cc3a.jpg,dilip_kumar,actors,no_face,8586.2,0,move
datasets/raw\actors\dilip_kumar\4864c3a17c.jpg,dilip_kumar,actors,no_face,41.6,0,move
datasets/raw\actors\dilip_kumar\4d1154aae6.jpg,dilip_kumar,actors,no_face,1686.7,0,move
datasets/raw\actors\dilip_kumar\5081a967e4.jpg,dilip_kumar,actors,no_face,8749.2,0,move
datasets/raw\actors\dilip_kumar\5dcd6b8e0f.jpg,dilip_kumar,actors,no_face,468.5,0,move
datasets/raw\actors\dilip_kumar\718fd3540b.jpg,dilip_kumar,actors,no_face,374.4,0,move
datasets/raw\actors\dilip_kumar\7aa12dcaa6.jpg,dilip_kumar,actors,no_face,1536.2,0,move
datasets/raw\actors\dilip_kumar\7ea718cf4d.jpg,dilip_kumar,actors,no_face,407.8,0,move
datasets/raw\actors\dilip_kumar\82bc6c5b6f.jpg,dilip_kumar,actors,no_face,126.7,0,move
datasets/raw\actors\dilip_kumar\88837c06c4.jpg,dilip_kumar,actors,no_face,1168.6,0,move
datasets/raw\actors\dilip_kumar\94b3f61e36.jpg,dilip_kumar,actors,no_face,152.8,0,move
datasets/raw\actors\dilip_kumar\9ba4a4c9be.jpg,dilip_kumar,actors,no_face,1935.2,0,move
datasets/raw\actors\farhan_akhtar\02ec0c6b9a.jpg,farhan_akhtar,actors,no_face,130.2,0,move
datasets/raw\actors\farhan_akhtar\03e19b2895.jpg,farhan_akhtar,actors,no_face,554.5,0,move
datasets/raw\actors\farhan_akhtar\064e58f39a.jpg,farhan_akhtar,actors,no_face,67.1,0,move
datasets/raw\actors\farhan_akhtar\15b6e03e5b.jpg,farhan_akhtar,actors,no_face,43.2,0,move
datasets/raw\actors\farhan_akhtar\1a2f39636e.jpg,farhan_akhtar,actors,no_face,114.7,0,move
datasets/raw\actors\farhan_akhtar\1e569df030.jpg,farhan_akhtar,actors,no_face,1052.6,0,move
datasets/raw\actors\farhan_akhtar\236b4fe645.jpg,farhan_akhtar,actors,no_face,219.3,0,move
datasets/raw\actors\farhan_akhtar\24ca9b826c.jpg,farhan_akhtar,actors,no_face,320.3,0,move
datasets/raw\actors\farhan_akhtar\28d37390b8.jpg,farhan_akhtar,actors,no_face,2161.8,0,move
datasets/raw\actors\farhan_akhtar\2a9e63c3a3.jpg,farhan_akhtar,actors,no_face,2745.7,0,move
datasets/raw\actors\farhan_akhtar\46ae0caaf3.jpg,farhan_akhtar,actors,no_face,474.2,0,move
datasets/raw\actors\farhan_akhtar\49e58c1cfc.jpg,farhan_akhtar,actors,no_face,563.2,0,move
datasets/raw\actors\farhan_akhtar\64b934e50f.jpg,farhan_akhtar,actors,no_face,696.1,0,move
datasets/raw\actors\farhan_akhtar\6babab36bb.jpg,farhan_akhtar,actors,no_face,132.6,0,move
datasets/raw\actors\farhan_akhtar\6d950c119e.jpg,farhan_akhtar,actors,no_face,677.1,0,move
datasets/raw\actors\farhan_akhtar\6df8090de2.jpg,farhan_akhtar,actors,no_face,691.6,0,move
datasets/raw\actors\farhan_akhtar\74d9ca6689.jpg,farhan_akhtar,actors,no_face,455.1,0,move
datasets/raw\actors\farhan_akhtar\7fe5babfb9.jpg,farhan_akhtar,actors,no_face,57.1,0,move
datasets/raw\actors\farhan_akhtar\9de6e5dc44.jpg,farhan_akhtar,actors,no_face,654.2,0,move
datasets/raw\actors\farooq_shaikh\05ef3229c0.jpg,farooq_shaikh,actors,no_face,659.8,0,move
datasets/raw\actors\farooq_shaikh\0b974020c8.jpg,farooq_shaikh,actors,no_face,1259.3,0,move
datasets/raw\actors\farooq_shaikh\100413cfb0.jpg,farooq_shaikh,actors,no_face,659.9,0,move
datasets/raw\actors\farooq_shaikh\22d5b84a5a.jpg,farooq_shaikh,actors,no_face,47.3,0,move
datasets/raw\actors\farooq_shaikh\34239ab109.jpg,farooq_shaikh,actors,no_face,1347.0,0,move
datasets/raw\actors\farooq_shaikh\3be6afe557.jpg,farooq_shaikh,actors,no_face,399.4,0,move
datasets/raw\actors\farooq_shaikh\50c0cf0d0b.jpg,farooq_shaikh,actors,no_face,3427.9,0,move
datasets/raw\actors\farooq_shaikh\63040fbe07.jpg,farooq_shaikh,actors,no_face,249.9,0,move
datasets/raw\actors\farooq_shaikh\728c50e1a7.jpg,farooq_shaikh,actors,no_face,101.0,0,move
datasets/raw\actors\farooq_shaikh\8119aff214.jpg,farooq_shaikh,actors,no_face,2158.7,0,move
datasets/raw\actors\farooq_shaikh\85683af85b.jpg,farooq_shaikh,actors,no_face,89.6,0,move
datasets/raw\actors\farooq_shaikh\8b7124cb07.jpg,farooq_shaikh,actors,no_face,2212.7,0,move
datasets/raw\actors\farooq_shaikh\9e756529ad.jpg,farooq_shaikh,actors,no_face,539.0,0,move
datasets/raw\actors\farooq_shaikh\c4a866d93f.jpg,farooq_shaikh,actors,no_face,145.0,0,move
datasets/raw\actors\girish_karnad\01e17bb36b.jpg,girish_karnad,actors,no_face,244.2,0,move
datasets/raw\actors\girish_karnad\0a6b48ea15.jpg,girish_karnad,actors,no_face,1716.1,0,move
datasets/raw\actors\girish_karnad\11bd3d64e7.jpg,girish_karnad,actors,no_face,1661.9,0,move
datasets/raw\actors\girish_karnad\12ef381174.jpg,girish_karnad,actors,no_face,787.6,0,move
datasets/raw\actors\girish_karnad\1da5c79bdb.jpg,girish_karnad,actors,no_face,777.5,0,move
datasets/raw\actors\girish_karnad\20cfc23235.jpg,girish_karnad,actors,no_face,534.5,0,move
datasets/raw\actors\girish_karnad\24ac46cad3.jpg,girish_karnad,actors,no_face,211.6,0,move
datasets/raw\actors\girish_karnad\2b1963ccfc.jpg,girish_karnad,actors,no_face,126.0,0,move
datasets/raw\actors\girish_karnad\31f80af2c8.jpg,girish_karnad,actors,no_face,124.1,0,move
datasets/raw\actors\girish_karnad\3e978b2ac1.jpg,girish_karnad,actors,no_face,866.1,0,move
datasets/raw\actors\girish_karnad\4aeb1e48e3.jpg,girish_karnad,actors,no_face,664.8,0,move
datasets/raw\actors\girish_karnad\5a2cecd8df.jpg,girish_karnad,actors,no_face,1609.8,0,move
datasets/raw\actors\girish_karnad\6a82b98ac4.jpg,girish_karnad,actors,no_face,244.7,0,move
datasets/raw\actors\girish_karnad\6dd52a9909.jpg,girish_karnad,actors,no_face,470.4,0,move
datasets/raw\actors\girish_karnad\7ae04db769.jpg,girish_karnad,actors,no_face,727.9,0,move
datasets/raw\actors\girish_karnad\87fa527bfa.jpg,girish_karnad,actors,no_face,3289.5,0,move
datasets/raw\actors\girish_karnad\8f1d82eb28.jpg,girish_karnad,actors,no_face,826.5,0,move
datasets/raw\actors\girish_karnad\90a6265777.jpg,girish_karnad,actors,no_face,50.9,0,move
datasets/raw\actors\girish_karnad\9c35ef6578.jpg,girish_karnad,actors,no_face,575.1,0,move
datasets/raw\actors\govinda\055956d330.jpg,govinda,actors,no_face,1486.7,0,move
datasets/raw\actors\govinda\24e6904bd3.jpg,govinda,actors,no_face,1398.1,0,move
datasets/raw\actors\govinda\329792067f.jpg,govinda,actors,no_face,472.5,0,move
datasets/raw\actors\govinda\3b7bed5aba.jpg,govinda,actors,no_face,261.3,0,move
datasets/raw\actors\govinda\49557b89c1.jpg,govinda,actors,no_face,4298.8,0,move
datasets/raw\actors\govinda\577dd80abe.jpg,govinda,actors,no_face,147.5,0,move
datasets/raw\actors\govinda\6cfc1561d7.jpg,govinda,actors,no_face,771.4,0,move
datasets/raw\actors\govinda\82481ea581.jpg,govinda,actors,no_face,62.8,0,move
datasets/raw\actors\govinda\97846041a5.jpg,govinda,actors,no_face,41.1,0,move
datasets/raw\actors\govinda\9d71999299.jpg,govinda,actors,no_face,472.4,0,move
datasets/raw\actors\govinda\ade7aa66e5.jpg,govinda,actors,no_face,275.1,0,move
datasets/raw\actors\govinda\b6af2a516d.jpg,govinda,actors,no_face,133.7,0,move
datasets/raw\actors\gulshan_grover\0e2256dad5.jpg,gulshan_grover,actors,no_face,1286.2,0,move
datasets/raw\actors\gulshan_grover\14618e2c3e.jpg,gulshan_grover,actors,no_face,432.1,0,move
datasets/raw\actors\gulshan_grover\183e50a472.jpg,gulshan_grover,actors,no_face,811.9,0,move
datasets/raw\actors\gulshan_grover\1f9659e624.jpg,gulshan_grover,actors,no_face,1746.8,0,move
datasets/raw\actors\gulshan_grover\2d0af7b893.jpg,gulshan_grover,actors,no_face,309.6,0,move
datasets/raw\actors\gulshan_grover\3ca8ed632f.jpg,gulshan_grover,actors,no_face,505.2,0,move
datasets/raw\actors\gulshan_grover\3f62d9fbb2.jpg,gulshan_grover,actors,no_face,904.2,0,move
datasets/raw\actors\gulshan_grover\584c97b4e4.jpg,gulshan_grover,actors,no_face,1425.4,0,move
datasets/raw\actors\gulshan_grover\678a9b95a7.jpg,gulshan_grover,actors,no_face,1612.1,0,move
datasets/raw\actors\gulshan_grover\7559b6f067.jpg,gulshan_grover,actors,no_face,458.2,0,move
datasets/raw\actors\gulshan_grover\79feabfd94.jpg,gulshan_grover,actors,no_face,323.6,0,move
datasets/raw\actors\gulshan_grover\80344ff657.jpg,gulshan_grover,actors,no_face,711.6,0,move
datasets/raw\actors\gulshan_grover\8968a8b929.jpg,gulshan_grover,actors,no_face,304.1,0,move
datasets/raw\actors\gulshan_grover\945d9d98bc.jpg,gulshan_grover,actors,no_face,709.5,0,move
datasets/raw\actors\gulshan_grover\96ba44548d.jpg,gulshan_grover,actors,no_face,72.1,0,move
datasets/raw\actors\gulshan_grover\a959b0bf2b.jpg,gulshan_grover,actors,no_face,1782.7,0,move
datasets/raw\actors\gulshan_grover\b389d1b66c.jpg,gulshan_grover,actors,no_face,907.4,0,move
datasets/raw\actors\hrithik_roshan\0bc3e9ea0c.jpg,hrithik_roshan,actors,no_face,415.3,0,move
datasets/raw\actors\hrithik_roshan\170b737e59.jpg,hrithik_roshan,actors,no_face,143.2,0,move
datasets/raw\actors\hrithik_roshan\26af727ca8.jpg,hrithik_roshan,actors,no_face,797.2,0,move
datasets/raw\actors\hrithik_roshan\2bca6990df.jpg,hrithik_roshan,actors,no_face,430.7,0,move
datasets/raw\actors\hrithik_roshan\30ef471e02.jpg,hrithik_roshan,actors,no_face,881.3,0,move
datasets/raw\actors\hrithik_roshan\33bb74dca6.jpg,hrithik_roshan,actors,no_face,1024.4,0,move
datasets/raw\actors\hrithik_roshan\3c2133a7dc.jpg,hrithik_roshan,actors,no_face,1747.8,0,move
datasets/raw\actors\hrithik_roshan\41cbb9d7d8.jpg,hrithik_roshan,actors,no_face,972.4,0,move
datasets/raw\actors\hrithik_roshan\431fe782ff.jpg,hrithik_roshan,actors,no_face,369.7,0,move
datasets/raw\actors\hrithik_roshan\510c5c22ab.jpg,hrithik_roshan,actors,no_face,1468.4,0,move
datasets/raw\actors\hrithik_roshan\583d701b3e.jpg,hrithik_roshan,actors,no_face,94.9,0,move
datasets/raw\actors\hrithik_roshan\5a17985fcb.jpg,hrithik_roshan,actors,no_face,1404.7,0,move
datasets/raw\actors\hrithik_roshan\5d7920e437.jpg,hrithik_roshan,actors,no_face,509.3,0,move
datasets/raw\actors\hrithik_roshan\71c77a2ebb.jpg,hrithik_roshan,actors,no_face,569.9,0,move
datasets/raw\actors\hrithik_roshan\7ae4955b4d.jpg,hrithik_roshan,actors,no_face,60.1,0,move
datasets/raw\actors\hrithik_roshan\828ba6e2bb.jpg,hrithik_roshan,actors,no_face,3286.7,0,move
datasets/raw\actors\hrithik_roshan\9d3cc8601b.jpg,hrithik_roshan,actors,no_face,162.8,0,move
datasets/raw\actors\irrfan_khan\02821bd06f.jpg,irrfan_khan,actors,no_face,40.9,0,move
datasets/raw\actors\irrfan_khan\0f48d265ff.jpg,irrfan_khan,actors,no_face,134.9,0,move
datasets/raw\actors\irrfan_khan\1637047256.jpg,irrfan_khan,actors,no_face,340.7,0,move
datasets/raw\actors\irrfan_khan\2592e6a955.jpg,irrfan_khan,actors,no_face,1154.1,0,move
datasets/raw\actors\irrfan_khan\7d11b4d5b8.jpg,irrfan_khan,actors,no_face,539.8,0,move
datasets/raw\actors\irrfan_khan\891ea20830.jpg,irrfan_khan,actors,no_face,1245.9,0,move
datasets/raw\actors\irrfan_khan\a731ee7029.jpg,irrfan_khan,actors,no_face,44.5,0,move
datasets/raw\actors\irrfan_khan\bd398b52e8.jpg,irrfan_khan,actors,no_face,432.9,0,move
datasets/raw\actors\irrfan_khan\c45bb9911a.jpg,irrfan_khan,actors,no_face,1536.8,0,move
datasets/raw\actors\irrfan_khan\d8e64b123e.jpg,irrfan_khan,actors,no_face,1038.7,0,move
datasets/raw\actors\irrfan_khan\download (3).jpg,irrfan_khan,actors,no_face,1205.4,0,move
datasets/raw\actors\irrfan_khan\download (6).jpg,irrfan_khan,actors,no_face,1555.3,0,move
datasets/raw\actors\irrfan_khan\eec8cd1ad8.jpg,irrfan_khan,actors,no_face,705.1,0,move
datasets/raw\actors\irrfan_khan\images (1).jpg,irrfan_khan,actors,no_face,2064.9,0,move
datasets/raw\actors\irrfan_khan\images (2).jpg,irrfan_khan,actors,no_face,466.6,0,move
datasets/raw\actors\irrfan_khan\images (4).jpg,irrfan_khan,actors,no_face,951.2,0,move
datasets/raw\actors\irrfan_khan\images (6).jpg,irrfan_khan,actors,no_face,1605.1,0,move
datasets/raw\actors\irrfan_khan\images (8).jpg,irrfan_khan,actors,no_face,684.7,0,move
datasets/raw\actors\irrfan_khan\images.jpg,irrfan_khan,actors,no_face,3486.1,0,move
datasets/raw\actors\jaspal_bhatti\1424d75a07.jpg,jaspal_bhatti,actors,no_face,2380.3,0,move
datasets/raw\actors\jaspal_bhatti\150d7c74aa.jpg,jaspal_bhatti,actors,no_face,497.3,0,move
datasets/raw\actors\jaspal_bhatti\1da175e487.jpg,jaspal_bhatti,actors,no_face,1044.0,0,move
datasets/raw\actors\jaspal_bhatti\2596aa5875.jpg,jaspal_bhatti,actors,no_face,1005.6,0,move
datasets/raw\actors\jaspal_bhatti\3bdec9fe78.jpg,jaspal_bhatti,actors,no_face,134.2,0,move
datasets/raw\actors\jaspal_bhatti\4638871ed7.jpg,jaspal_bhatti,actors,no_face,1487.7,0,move
datasets/raw\actors\jaspal_bhatti\4b37bce46f.jpg,jaspal_bhatti,actors,no_face,116.1,0,move
datasets/raw\actors\jaspal_bhatti\53bc18a247.jpg,jaspal_bhatti,actors,no_face,261.7,0,move
datasets/raw\actors\jaspal_bhatti\679b8a4361.jpg,jaspal_bhatti,actors,no_face,2013.6,0,move
datasets/raw\actors\jaspal_bhatti\700001f264.jpg,jaspal_bhatti,actors,no_face,555.6,0,move
datasets/raw\actors\jaspal_bhatti\7bb0bf1493.jpg,jaspal_bhatti,actors,no_face,974.2,0,move
datasets/raw\actors\jaspal_bhatti\8580cf4a0b.jpg,jaspal_bhatti,actors,no_face,1970.0,0,move
datasets/raw\actors\jaspal_bhatti\862ed79e36.jpg,jaspal_bhatti,actors,no_face,422.9,0,move
datasets/raw\actors\jaspal_bhatti\8ce3c13e61.jpg,jaspal_bhatti,actors,no_face,558.0,0,move
datasets/raw\actors\jaspal_bhatti\8e0957dfcb.jpg,jaspal_bhatti,actors,no_face,542.3,0,move
datasets/raw\actors\jaspal_bhatti\9a1866a6d8.jpg,jaspal_bhatti,actors,no_face,3544.5,0,move
datasets/raw\actors\jaspal_bhatti\a0e1162f99.jpg,jaspal_bhatti,actors,no_face,2137.5,0,move
datasets/raw\actors\jeetendra\06f1b493d6.jpg,jeetendra,actors,no_face,280.0,0,move
datasets/raw\actors\jeetendra\0c9df00d99.jpg,jeetendra,actors,no_face,422.8,0,move
datasets/raw\actors\jeetendra\178081abd1.jpg,jeetendra,actors,no_face,728.1,0,move
datasets/raw\actors\jeetendra\2c2042d8a7.jpg,jeetendra,actors,no_face,1302.2,0,move
datasets/raw\actors\jeetendra\45accaa11e.jpg,jeetendra,actors,no_face,145.3,0,move
datasets/raw\actors\jeetendra\4bda6518f4.jpg,jeetendra,actors,no_face,2543.6,0,move
datasets/raw\actors\jeetendra\5251305963.jpg,jeetendra,actors,no_face,302.2,0,move
datasets/raw\actors\jeetendra\62211b8752.jpg,jeetendra,actors,no_face,1763.0,0,move
datasets/raw\actors\jeetendra\682e1b0534.jpg,jeetendra,actors,no_face,856.3,0,move
datasets/raw\actors\jeetendra\72ff00ea2a.jpg,jeetendra,actors,no_face,1849.1,0,move
datasets/raw\actors\jeetendra\79fb70036a.jpg,jeetendra,actors,no_face,173.4,0,move
datasets/raw\actors\jeetendra\90343178c9.jpg,jeetendra,actors,no_face,2006.3,0,move
datasets/raw\actors\jeetendra\95c93c5cc4.jpg,jeetendra,actors,no_face,611.6,0,move
datasets/raw\actors\jeetendra\a8606ace33.jpg,jeetendra,actors,no_face,43.6,0,move
datasets/raw\actors\jeetendra\ae9bb3e45e.jpg,jeetendra,actors,no_face,175.6,0,move
datasets/raw\actors\jimmy_sheirgill\06bbdaee68.jpg,jimmy_sheirgill,actors,no_face,386.4,0,move
datasets/raw\actors\jimmy_sheirgill\0d9402dadf.jpg,jimmy_sheirgill,actors,no_face,1326.6,0,move
datasets/raw\actors\jimmy_sheirgill\160fed53a2.jpg,jimmy_sheirgill,actors,no_face,160.8,0,move
datasets/raw\actors\jimmy_sheirgill\208f705aad.jpg,jimmy_sheirgill,actors,no_face,281.7,0,move
datasets/raw\actors\jimmy_sheirgill\24af1eddeb.jpg,jimmy_sheirgill,actors,no_face,238.7,0,move
datasets/raw\actors\jimmy_sheirgill\2bbd140491.jpg,jimmy_sheirgill,actors,no_face,214.0,0,move
datasets/raw\actors\jimmy_sheirgill\30dd2a43e2.jpg,jimmy_sheirgill,actors,no_face,54.8,0,move
datasets/raw\actors\jimmy_sheirgill\3a2cdc6429.jpg,jimmy_sheirgill,actors,no_face,489.6,0,move
datasets/raw\actors\jimmy_sheirgill\3eea739998.jpg,jimmy_sheirgill,actors,no_face,229.3,0,move
datasets/raw\actors\jimmy_sheirgill\457eaa8104.jpg,jimmy_sheirgill,actors,no_face,1496.3,0,move
datasets/raw\actors\jimmy_sheirgill\47c038dc2b.jpg,jimmy_sheirgill,actors,no_face,548.5,0,move
datasets/raw\actors\jimmy_sheirgill\5c9b821cb5.jpg,jimmy_sheirgill,actors,no_face,288.6,0,move
datasets/raw\actors\jimmy_sheirgill\62d1c47c48.jpg,jimmy_sheirgill,actors,no_face,127.8,0,move
datasets/raw\actors\jimmy_sheirgill\6efe9930cb.jpg,jimmy_sheirgill,actors,no_face,128.8,0,move
datasets/raw\actors\jimmy_sheirgill\7a6a53bb75.jpg,jimmy_sheirgill,actors,no_face,705.4,0,move
datasets/raw\actors\jimmy_sheirgill\7fe5475cab.jpg,jimmy_sheirgill,actors,no_face,196.5,0,move
datasets/raw\actors\johnny_lever\02fa432e72.jpg,johnny_lever,actors,no_face,360.3,0,move
datasets/raw\actors\johnny_lever\0952e14127.jpg,johnny_lever,actors,no_face,2373.1,0,move
datasets/raw\actors\johnny_lever\13e7f5ae5e.jpg,johnny_lever,actors,no_face,1210.3,0,move
datasets/raw\actors\johnny_lever\1eb57a912a.jpg,johnny_lever,actors,no_face,1306.2,0,move
datasets/raw\actors\johnny_lever\21c305abb7.jpg,johnny_lever,actors,no_face,1343.7,0,move
datasets/raw\actors\johnny_lever\31731822c6.jpg,johnny_lever,actors,no_face,873.0,0,move
datasets/raw\actors\johnny_lever\411a58d960.jpg,johnny_lever,actors,no_face,2182.9,0,move
datasets/raw\actors\johnny_lever\4ab9d3b455.jpg,johnny_lever,actors,no_face,335.3,0,move
datasets/raw\actors\johnny_lever\4f61a03735.jpg,johnny_lever,actors,no_face,1224.4,0,move
datasets/raw\actors\johnny_lever\68a43319d8.jpg,johnny_lever,actors,no_face,95.9,0,move
datasets/raw\actors\johnny_lever\7755b9ec2f.jpg,johnny_lever,actors,no_face,411.4,0,move
datasets/raw\actors\johnny_lever\7a75035f5f.jpg,johnny_lever,actors,no_face,993.3,0,move
datasets/raw\actors\johnny_lever\7eb24cfada.jpg,johnny_lever,actors,no_face,855.5,0,move
datasets/raw\actors\johnny_lever\898e2e284b.jpg,johnny_lever,actors,no_face,1172.2,0,move
datasets/raw\actors\johnny_lever\8e514d59f2.jpg,johnny_lever,actors,no_face,3692.9,0,move
datasets/raw\actors\johnny_lever\a6bf67dfe4.jpg,johnny_lever,actors,no_face,57.9,0,move
datasets/raw\actors\kader_khan\06c74e5206.jpg,kader_khan,actors,no_face,1715.1,0,move
datasets/raw\actors\kader_khan\0f47649a50.jpg,kader_khan,actors,no_face,204.4,0,move
datasets/raw\actors\kader_khan\133549c016.jpg,kader_khan,actors,no_face,1224.0,0,move
datasets/raw\actors\kader_khan\25d3d454a5.jpg,kader_khan,actors,no_face,130.5,0,move
datasets/raw\actors\kader_khan\27d6896c89.jpg,kader_khan,actors,no_face,512.3,0,move
datasets/raw\actors\kader_khan\2e460a638f.jpg,kader_khan,actors,no_face,481.6,0,move
datasets/raw\actors\kader_khan\324ee48170.jpg,kader_khan,actors,no_face,903.1,0,move
datasets/raw\actors\kader_khan\45bf2382e8.jpg,kader_khan,actors,no_face,605.2,0,move
datasets/raw\actors\kader_khan\4a189558b9.jpg,kader_khan,actors,no_face,607.5,0,move
datasets/raw\actors\kader_khan\5635021a20.jpg,kader_khan,actors,no_face,1095.5,0,move
datasets/raw\actors\kader_khan\61daeb51b7.jpg,kader_khan,actors,no_face,988.5,0,move
datasets/raw\actors\kader_khan\81221a9225.jpg,kader_khan,actors,no_face,1844.9,0,move
datasets/raw\actors\kader_khan\997c328fff.jpg,kader_khan,actors,no_face,145.7,0,move
datasets/raw\actors\kamal_haasan\027ec1a8b4.jpg,kamal_haasan,actors,no_face,122.6,0,move
datasets/raw\actors\kamal_haasan\0c14725b02.jpg,kamal_haasan,actors,no_face,324.9,0,move
datasets/raw\actors\kamal_haasan\0fa5a3ed74.jpg,kamal_haasan,actors,no_face,807.7,0,move
datasets/raw\actors\kamal_haasan\1daa4e59e3.jpg,kamal_haasan,actors,no_face,372.3,0,move
datasets/raw\actors\kamal_haasan\2e51661d0d.jpg,kamal_haasan,actors,no_face,635.6,0,move
datasets/raw\actors\kamal_haasan\30c3bcfbc4.jpg,kamal_haasan,actors,no_face,501.9,0,move
datasets/raw\actors\kamal_haasan\3f7f5e11f9.jpg,kamal_haasan,actors,no_face,1144.5,0,move
datasets/raw\actors\kamal_haasan\4ae6d28ea1.jpg,kamal_haasan,actors,no_face,187.1,0,move
datasets/raw\actors\kamal_haasan\55a4fcbd77.jpg,kamal_haasan,actors,no_face,50.9,0,move
datasets/raw\actors\kamal_haasan\5857f1015c.jpg,kamal_haasan,actors,no_face,450.0,0,move
datasets/raw\actors\kamal_haasan\6c62de5565.jpg,kamal_haasan,actors,no_face,478.5,0,move
datasets/raw\actors\kamal_haasan\74fb866419.jpg,kamal_haasan,actors,no_face,125.6,0,move
datasets/raw\actors\kamal_haasan\7bed240d04.jpg,kamal_haasan,actors,no_face,1385.5,0,move
datasets/raw\actors\kamal_haasan\90cfe134cd.jpg,kamal_haasan,actors,no_face,104.5,0,move
datasets/raw\actors\kamal_haasan\9af29017ab.jpg,kamal_haasan,actors,no_face,666.2,0,move
datasets/raw\actors\kay_kay_menon\06c9baba59.jpg,kay_kay_menon,actors,no_face,972.5,0,move
datasets/raw\actors\kay_kay_menon\07e047ba13.jpg,kay_kay_menon,actors,no_face,896.4,0,move
datasets/raw\actors\kay_kay_menon\0ca83a5edf.jpg,kay_kay_menon,actors,no_face,89.2,0,move
datasets/raw\actors\kay_kay_menon\2b9d07a1d1.jpg,kay_kay_menon,actors,no_face,1346.5,0,move
datasets/raw\actors\kay_kay_menon\2e36315d8a.jpg,kay_kay_menon,actors,no_face,80.4,0,move
datasets/raw\actors\kay_kay_menon\33dfa26afb.jpg,kay_kay_menon,actors,no_face,1326.4,0,move
datasets/raw\actors\kay_kay_menon\372d6106e0.jpg,kay_kay_menon,actors,no_face,695.8,0,move
datasets/raw\actors\kay_kay_menon\39a7208364.jpg,kay_kay_menon,actors,no_face,82.2,0,move
datasets/raw\actors\kay_kay_menon\3ca27cdc29.jpg,kay_kay_menon,actors,no_face,4758.2,0,move
datasets/raw\actors\kay_kay_menon\3f9fced787.jpg,kay_kay_menon,actors,no_face,548.8,0,move
datasets/raw\actors\kay_kay_menon\4c952b1e07.jpg,kay_kay_menon,actors,no_face,2091.1,0,move
datasets/raw\actors\kay_kay_menon\4ddc50f627.jpg,kay_kay_menon,actors,no_face,676.0,0,move
datasets/raw\actors\kay_kay_menon\556ee07dd7.jpg,kay_kay_menon,actors,no_face,92.6,0,move
datasets/raw\actors\kay_kay_menon\5ce941b910.jpg,kay_kay_menon,actors,no_face,108.9,0,move
datasets/raw\actors\kay_kay_menon\5e2b77da58.jpg,kay_kay_menon,actors,no_face,189.1,0,move
datasets/raw\actors\kay_kay_menon\6b5c4c42c8.jpg,kay_kay_menon,actors,no_face,527.5,0,move
datasets/raw\actors\kay_kay_menon\6ef1267ec1.jpg,kay_kay_menon,actors,no_face,300.0,0,move
datasets/raw\actors\kay_kay_menon\8c6c694757.jpg,kay_kay_menon,actors,no_face,785.4,0,move
datasets/raw\actors\kay_kay_menon\9dac4b82d3.jpg,kay_kay_menon,actors,no_face,300.4,0,move
datasets/raw\actors\konkona_sen_sharma\03ee08cdf4.jpg,konkona_sen_sharma,actors,no_face,837.8,0,move
datasets/raw\actors\konkona_sen_sharma\0b94eb3008.jpg,konkona_sen_sharma,actors,no_face,636.9,0,move
datasets/raw\actors\konkona_sen_sharma\0f25b32ddd.jpg,konkona_sen_sharma,actors,no_face,1066.7,0,move
datasets/raw\actors\konkona_sen_sharma\1a078590a8.jpg,konkona_sen_sharma,actors,no_face,345.8,0,move
datasets/raw\actors\konkona_sen_sharma\1ea1ad0e3d.jpg,konkona_sen_sharma,actors,no_face,204.7,0,move
datasets/raw\actors\konkona_sen_sharma\3a4df19f90.jpg,konkona_sen_sharma,actors,no_face,502.4,0,move
datasets/raw\actors\konkona_sen_sharma\3b704dbdb2.jpg,konkona_sen_sharma,actors,no_face,2799.3,0,move
datasets/raw\actors\konkona_sen_sharma\3de3e08eb0.jpg,konkona_sen_sharma,actors,no_face,234.8,0,move
datasets/raw\actors\konkona_sen_sharma\49c6337705.jpg,konkona_sen_sharma,actors,no_face,944.1,0,move
datasets/raw\actors\konkona_sen_sharma\4f1d5f1924.jpg,konkona_sen_sharma,actors,no_face,333.0,0,move
datasets/raw\actors\konkona_sen_sharma\56f04f5143.jpg,konkona_sen_sharma,actors,no_face,662.8,0,move
datasets/raw\actors\konkona_sen_sharma\5be0c2791b.jpg,konkona_sen_sharma,actors,no_face,2662.3,0,move
datasets/raw\actors\konkona_sen_sharma\5e44bdc476.jpg,konkona_sen_sharma,actors,no_face,553.4,0,move
datasets/raw\actors\konkona_sen_sharma\619b50907f.jpg,konkona_sen_sharma,actors,no_face,2159.9,0,move
datasets/raw\actors\konkona_sen_sharma\6f1d6e15d0.jpg,konkona_sen_sharma,actors,no_face,170.1,0,move
datasets/raw\actors\konkona_sen_sharma\71fc937654.jpg,konkona_sen_sharma,actors,no_face,237.2,0,move
datasets/raw\actors\konkona_sen_sharma\7aaabaed15.jpg,konkona_sen_sharma,actors,no_face,1354.8,0,move
datasets/raw\actors\konkona_sen_sharma\8cf249e04b.jpg,konkona_sen_sharma,actors,no_face,88.1,0,move
datasets/raw\actors\kulbhushan_kharbanda\01abf278a5.jpg,kulbhushan_kharbanda,actors,no_face,89.0,0,move
datasets/raw\actors\kulbhushan_kharbanda\0aeb9c2512.jpg,kulbhushan_kharbanda,actors,no_face,53.4,0,move
datasets/raw\actors\kulbhushan_kharbanda\13a5211537.jpg,kulbhushan_kharbanda,actors,no_face,594.2,0,move
datasets/raw\actors\kulbhushan_kharbanda\1f0af9ef82.jpg,kulbhushan_kharbanda,actors,no_face,244.1,0,move
datasets/raw\actors\kulbhushan_kharbanda\2b99770667.jpg,kulbhushan_kharbanda,actors,no_face,5414.2,0,move
datasets/raw\actors\kulbhushan_kharbanda\2d2553577b.jpg,kulbhushan_kharbanda,actors,no_face,983.7,0,move
datasets/raw\actors\kulbhushan_kharbanda\2e5b89ffd5.jpg,kulbhushan_kharbanda,actors,no_face,1166.8,0,move
datasets/raw\actors\kulbhushan_kharbanda\3075c9d27d.jpg,kulbhushan_kharbanda,actors,no_face,1426.4,0,move
datasets/raw\actors\kulbhushan_kharbanda\381fb38562.jpg,kulbhushan_kharbanda,actors,no_face,1041.8,0,move
datasets/raw\actors\kulbhushan_kharbanda\3edeb2e2fd.jpg,kulbhushan_kharbanda,actors,no_face,87.3,0,move
datasets/raw\actors\kulbhushan_kharbanda\408a39a5e9.jpg,kulbhushan_kharbanda,actors,no_face,311.5,0,move
datasets/raw\actors\kulbhushan_kharbanda\43ef34270a.jpg,kulbhushan_kharbanda,actors,no_face,674.0,0,move
datasets/raw\actors\kulbhushan_kharbanda\4b7b326c1d.jpg,kulbhushan_kharbanda,actors,no_face,1216.3,0,move
datasets/raw\actors\kulbhushan_kharbanda\4e4de9419e.jpg,kulbhushan_kharbanda,actors,no_face,957.3,0,move
datasets/raw\actors\kulbhushan_kharbanda\5fecce8edc.jpg,kulbhushan_kharbanda,actors,no_face,123.2,0,move
datasets/raw\actors\kulbhushan_kharbanda\670e41a0fc.jpg,kulbhushan_kharbanda,actors,no_face,306.1,0,move
datasets/raw\actors\kulbhushan_kharbanda\6e784747ef.jpg,kulbhushan_kharbanda,actors,no_face,425.4,0,move
datasets/raw\actors\kulbhushan_kharbanda\81f39c5191.jpg,kulbhushan_kharbanda,actors,no_face,171.1,0,move
datasets/raw\actors\kulbhushan_kharbanda\9ad853ab08.jpg,kulbhushan_kharbanda,actors,no_face,93.8,0,move
datasets/raw\actors\lara_dutta\0d1a59789e.jpg,lara_dutta,actors,no_face,1025.1,0,move
datasets/raw\actors\lara_dutta\1e67141fc5.jpg,lara_dutta,actors,no_face,1725.0,0,move
datasets/raw\actors\lara_dutta\23b971068a.jpg,lara_dutta,actors,no_face,651.3,0,move
datasets/raw\actors\lara_dutta\2dc3d5c4ed.jpg,lara_dutta,actors,no_face,706.9,0,move
datasets/raw\actors\lara_dutta\3bda5b76f7.jpg,lara_dutta,actors,no_face,1701.3,0,move
datasets/raw\actors\lara_dutta\556c141d83.jpg,lara_dutta,actors,no_face,875.5,0,move
datasets/raw\actors\lara_dutta\5f91e4f7ae.jpg,lara_dutta,actors,no_face,283.1,0,move
datasets/raw\actors\lara_dutta\633c17d909.jpg,lara_dutta,actors,no_face,74.7,0,move
datasets/raw\actors\lara_dutta\6c32bf11e3.jpg,lara_dutta,actors,no_face,3703.5,0,move
datasets/raw\actors\lara_dutta\72bb1dc071.jpg,lara_dutta,actors,no_face,542.2,0,move
datasets/raw\actors\lara_dutta\7dba1341ca.jpg,lara_dutta,actors,no_face,471.5,0,move
datasets/raw\actors\lara_dutta\8e4761b1a9.jpg,lara_dutta,actors,no_face,1683.0,0,move
datasets/raw\actors\lara_dutta\9a5975a284.jpg,lara_dutta,actors,no_face,390.1,0,move
datasets/raw\actors\madhavan\00a65fc711.jpg,madhavan,actors,no_face,190.2,0,move
datasets/raw\actors\madhavan\015bbdafe4.jpg,madhavan,actors,no_face,374.0,0,move
datasets/raw\actors\madhavan\0a97abed5a.jpg,madhavan,actors,no_face,145.8,0,move
datasets/raw\actors\madhavan\163acc49ee.jpg,madhavan,actors,no_face,773.8,0,move
datasets/raw\actors\madhavan\25a83f36fb.jpg,madhavan,actors,no_face,512.1,0,move
datasets/raw\actors\madhavan\2b9d896ce0.jpg,madhavan,actors,no_face,529.8,0,move
datasets/raw\actors\madhavan\30cd8bc6c3.jpg,madhavan,actors,no_face,2237.5,0,move
datasets/raw\actors\madhavan\337dff1e02.jpg,madhavan,actors,no_face,213.3,0,move
datasets/raw\actors\madhavan\350d029cdb.jpg,madhavan,actors,no_face,233.3,0,move
datasets/raw\actors\madhavan\3f248fb9a4.jpg,madhavan,actors,no_face,116.6,0,move
datasets/raw\actors\madhavan\4a55a821b7.jpg,madhavan,actors,no_face,1719.9,0,move
datasets/raw\actors\madhavan\8aca2835d8.jpg,madhavan,actors,no_face,2625.5,0,move
datasets/raw\actors\madhavan\96dcbe07fb.jpg,madhavan,actors,no_face,380.2,0,move
datasets/raw\actors\mammootty\0053de434c.jpg,mammootty,actors,no_face,161.2,0,move
datasets/raw\actors\mammootty\0693c0c22e.jpg,mammootty,actors,no_face,109.1,0,move
datasets/raw\actors\mammootty\140130491b.jpg,mammootty,actors,no_face,216.1,0,move
datasets/raw\actors\mammootty\194edc92dc.jpg,mammootty,actors,no_face,848.2,0,move
datasets/raw\actors\mammootty\216cec798b.jpg,mammootty,actors,no_face,121.9,0,move
datasets/raw\actors\mammootty\2c7046c291.jpg,mammootty,actors,no_face,1715.2,0,move
datasets/raw\actors\mammootty\3450ae15a1.jpg,mammootty,actors,no_face,1017.7,0,move
datasets/raw\actors\mammootty\378b6451a0.jpg,mammootty,actors,no_face,6963.2,0,move
datasets/raw\actors\mammootty\3bbc3f6043.jpg,mammootty,actors,no_face,154.1,0,move
datasets/raw\actors\mammootty\4614959a80.jpg,mammootty,actors,no_face,210.9,0,move
datasets/raw\actors\mammootty\4bafe36d56.jpg,mammootty,actors,no_face,402.7,0,move
datasets/raw\actors\mammootty\5069efbe11.jpg,mammootty,actors,no_face,108.1,0,move
datasets/raw\actors\mammootty\5af0219f25.jpg,mammootty,actors,no_face,504.6,0,move
datasets/raw\actors\mammootty\5b96cbdb03.jpg,mammootty,actors,no_face,2837.3,0,move
datasets/raw\actors\mammootty\77be3098ac.jpg,mammootty,actors,no_face,72.2,0,move
datasets/raw\actors\mammootty\82f4b43be0.jpg,mammootty,actors,no_face,1114.1,0,move
datasets/raw\actors\mammootty\865bb896e8.jpg,mammootty,actors,no_face,2403.9,0,move
datasets/raw\actors\mammootty\8c618efa25.jpg,mammootty,actors,no_face,134.1,0,move
datasets/raw\actors\mammootty\a25bc945ea.jpg,mammootty,actors,no_face,726.7,0,move
datasets/raw\actors\manoj_bajpayee\04d0bc4dc5.jpg,manoj_bajpayee,actors,no_face,1121.4,0,move
datasets/raw\actors\manoj_bajpayee\08a8989936.jpg,manoj_bajpayee,actors,no_face,2908.4,0,move
datasets/raw\actors\manoj_bajpayee\0b5cf69aa3.jpg,manoj_bajpayee,actors,no_face,758.1,0,move
datasets/raw\actors\manoj_bajpayee\0c6e3b9132.jpg,manoj_bajpayee,actors,no_face,762.9,0,move
datasets/raw\actors\manoj_bajpayee\0ff29c2b52.jpg,manoj_bajpayee,actors,no_face,1353.2,0,move
datasets/raw\actors\manoj_bajpayee\376b13bda5.jpg,manoj_bajpayee,actors,no_face,1196.1,0,move
datasets/raw\actors\manoj_bajpayee\3d61403f62.jpg,manoj_bajpayee,actors,no_face,109.5,0,move
datasets/raw\actors\manoj_bajpayee\437b7578a3.jpg,manoj_bajpayee,actors,no_face,1844.2,0,move
datasets/raw\actors\manoj_bajpayee\45b1a3ab9e.jpg,manoj_bajpayee,actors,no_face,255.2,0,move
datasets/raw\actors\manoj_bajpayee\461eec1a3e.jpg,manoj_bajpayee,actors,no_face,2142.7,0,move
datasets/raw\actors\manoj_bajpayee\507c39e267.jpg,manoj_bajpayee,actors,no_face,90.2,0,move
datasets/raw\actors\manoj_bajpayee\61eaf0b1c4.jpg,manoj_bajpayee,actors,no_face,474.4,0,move
datasets/raw\actors\manoj_bajpayee\7d16923f42.jpg,manoj_bajpayee,actors,no_face,878.1,0,move
datasets/raw\actors\manoj_bajpayee\81c58ce248.jpg,manoj_bajpayee,actors,no_face,1108.5,0,move
datasets/raw\actors\manoj_bajpayee\9ae5b2c9c4.jpg,manoj_bajpayee,actors,no_face,98.0,0,move
datasets/raw\actors\manoj_pahwa\00e14ea1ac.jpg,manoj_pahwa,actors,no_face,1583.9,0,move
datasets/raw\actors\manoj_pahwa\0d82be4f99.jpg,manoj_pahwa,actors,no_face,4194.6,0,move
datasets/raw\actors\manoj_pahwa\117b7ac8b0.jpg,manoj_pahwa,actors,no_face,606.0,0,move
datasets/raw\actors\manoj_pahwa\13f3aceddd.jpg,manoj_pahwa,actors,no_face,82.5,0,move
datasets/raw\actors\manoj_pahwa\1d355af64d.jpg,manoj_pahwa,actors,no_face,142.6,0,move
datasets/raw\actors\manoj_pahwa\25703e7c1f.jpg,manoj_pahwa,actors,no_face,579.6,0,move
datasets/raw\actors\manoj_pahwa\2c7d9b8137.jpg,manoj_pahwa,actors,no_face,957.9,0,move
datasets/raw\actors\manoj_pahwa\2e1b33f19c.jpg,manoj_pahwa,actors,no_face,982.5,0,move
datasets/raw\actors\manoj_pahwa\3eb3ca21c8.jpg,manoj_pahwa,actors,no_face,159.6,0,move
datasets/raw\actors\manoj_pahwa\422612c8ca.jpg,manoj_pahwa,actors,no_face,188.6,0,move
datasets/raw\actors\manoj_pahwa\4a9aa3cc8e.jpg,manoj_pahwa,actors,no_face,1788.0,0,move
datasets/raw\actors\manoj_pahwa\512bfe9086.jpg,manoj_pahwa,actors,no_face,2030.6,0,move
datasets/raw\actors\manoj_pahwa\669d8e4628.jpg,manoj_pahwa,actors,no_face,652.9,0,move
datasets/raw\actors\manoj_pahwa\68ec3d2884.jpg,manoj_pahwa,actors,no_face,2664.6,0,move
datasets/raw\actors\manoj_pahwa\73c9fafad8.jpg,manoj_pahwa,actors,no_face,734.6,0,move
datasets/raw\actors\manoj_pahwa\9288db5775.jpg,manoj_pahwa,actors,no_face,625.3,0,move
datasets/raw\actors\manoj_pahwa\a4bbaf59b8.jpg,manoj_pahwa,actors,no_face,429.6,0,move
datasets/raw\actors\mehmood\03b5283dcd.jpg,mehmood,actors,no_face,1155.0,0,move
datasets/raw\actors\mehmood\06ec48a191.jpg,mehmood,actors,no_face,1218.1,0,move
datasets/raw\actors\mehmood\0c7e255305.jpg,mehmood,actors,no_face,786.9,0,move
datasets/raw\actors\mehmood\0fb845af07.jpg,mehmood,actors,no_face,78.6,0,move
datasets/raw\actors\mehmood\26b58554cb.jpg,mehmood,actors,no_face,4567.4,0,move
datasets/raw\actors\mehmood\2aa534ec97.jpg,mehmood,actors,no_face,1364.0,0,move
datasets/raw\actors\mehmood\36c3309bcb.jpg,mehmood,actors,no_face,402.6,0,move
datasets/raw\actors\mehmood\3c3d4ede8b.jpg,mehmood,actors,no_face,505.3,0,move
datasets/raw\actors\mehmood\569a6896ed.jpg,mehmood,actors,no_face,407.4,0,move
datasets/raw\actors\mehmood\613250cbcd.jpg,mehmood,actors,no_face,573.2,0,move
datasets/raw\actors\mehmood\78b9fc8ea8.jpg,mehmood,actors,no_face,261.2,0,move
datasets/raw\actors\mehmood\8b4aadc884.jpg,mehmood,actors,no_face,914.4,0,move
datasets/raw\actors\mehmood\9ec67a792c.jpg,mehmood,actors,no_face,487.4,0,move
datasets/raw\actors\mita_vashisht\00420fc06d.jpg,mita_vashisht,actors,no_face,2634.6,0,move
datasets/raw\actors\mita_vashisht\0b28f8b3be.jpg,mita_vashisht,actors,no_face,43.6,0,move
datasets/raw\actors\mita_vashisht\14a10cd74c.jpg,mita_vashisht,actors,no_face,1525.7,0,move
datasets/raw\actors\mita_vashisht\270acc4193.jpg,mita_vashisht,actors,no_face,1462.5,0,move
datasets/raw\actors\mita_vashisht\299db0268f.jpg,mita_vashisht,actors,no_face,584.7,0,move
datasets/raw\actors\mita_vashisht\2a4efabc28.jpg,mita_vashisht,actors,no_face,695.2,0,move
datasets/raw\actors\mita_vashisht\2cb8d1ee60.jpg,mita_vashisht,actors,no_face,1511.2,0,move
datasets/raw\actors\mita_vashisht\305df4c1fc.jpg,mita_vashisht,actors,no_face,5150.0,0,move
datasets/raw\actors\mita_vashisht\3e31a4d606.jpg,mita_vashisht,actors,no_face,191.0,0,move
datasets/raw\actors\mita_vashisht\40e19c3c04.jpg,mita_vashisht,actors,no_face,1040.4,0,move
datasets/raw\actors\mita_vashisht\41a5e6019f.jpg,mita_vashisht,actors,no_face,2146.5,0,move
datasets/raw\actors\mita_vashisht\4eede2a01d.jpg,mita_vashisht,actors,no_face,516.2,0,move
datasets/raw\actors\mita_vashisht\5bfb145f2f.jpg,mita_vashisht,actors,no_face,2603.9,0,move
datasets/raw\actors\mita_vashisht\5db2dca5c9.jpg,mita_vashisht,actors,no_face,2076.8,0,move
datasets/raw\actors\mita_vashisht\60a4363663.jpg,mita_vashisht,actors,no_face,344.5,0,move
datasets/raw\actors\mita_vashisht\6b4a0c9180.jpg,mita_vashisht,actors,no_face,3701.2,0,move
datasets/raw\actors\mita_vashisht\7ead621370.jpg,mita_vashisht,actors,no_face,488.2,0,move
datasets/raw\actors\mita_vashisht\81a20b51e0.jpg,mita_vashisht,actors,no_face,2361.0,0,move
datasets/raw\actors\mita_vashisht\8b483243e8.jpg,mita_vashisht,actors,no_face,4132.6,0,move
datasets/raw\actors\mita_vashisht\94dd819966.jpg,mita_vashisht,actors,no_face,3031.6,0,move
datasets/raw\actors\mita_vashisht\99c057a640.jpg,mita_vashisht,actors,no_face,379.0,0,move
datasets/raw\actors\mithun_chakraborty\0068c08c8f.jpg,mithun_chakraborty,actors,no_face,570.2,0,move
datasets/raw\actors\mithun_chakraborty\076c777838.jpg,mithun_chakraborty,actors,no_face,397.8,0,move
datasets/raw\actors\mithun_chakraborty\0f3f92f1b8.jpg,mithun_chakraborty,actors,no_face,421.5,0,move
datasets/raw\actors\mithun_chakraborty\2e00c7330b.jpg,mithun_chakraborty,actors,no_face,317.3,0,move
datasets/raw\actors\mithun_chakraborty\2fd0b197d1.jpg,mithun_chakraborty,actors,no_face,894.2,0,move
datasets/raw\actors\mithun_chakraborty\3f0fd8e836.jpg,mithun_chakraborty,actors,no_face,2021.2,0,move
datasets/raw\actors\mithun_chakraborty\400fd6e6c2.jpg,mithun_chakraborty,actors,no_face,169.9,0,move
datasets/raw\actors\mithun_chakraborty\43d37fd49b.jpg,mithun_chakraborty,actors,no_face,3372.4,0,move
datasets/raw\actors\mithun_chakraborty\4ea7a35c80.jpg,mithun_chakraborty,actors,no_face,547.6,0,move
datasets/raw\actors\mithun_chakraborty\5b595e2ac8.jpg,mithun_chakraborty,actors,no_face,717.1,0,move
datasets/raw\actors\mithun_chakraborty\6e6694c7fe.jpg,mithun_chakraborty,actors,no_face,134.1,0,move
datasets/raw\actors\mithun_chakraborty\7df1995512.jpg,mithun_chakraborty,actors,no_face,469.7,0,move
datasets/raw\actors\mithun_chakraborty\8de6981521.jpg,mithun_chakraborty,actors,no_face,56.3,0,move
datasets/raw\actors\mithun_chakraborty\8f5152537b.jpg,mithun_chakraborty,actors,no_face,692.2,0,move
datasets/raw\actors\mohanlal\04da1e48bd.jpg,mohanlal,actors,no_face,202.6,0,move
datasets/raw\actors\mohanlal\15b19abde8.jpg,mohanlal,actors,no_face,143.6,0,move
datasets/raw\actors\mohanlal\16e9c9de0d.jpg,mohanlal,actors,no_face,233.6,0,move
datasets/raw\actors\mohanlal\1b985235a3.jpg,mohanlal,actors,no_face,1086.4,0,move
datasets/raw\actors\mohanlal\21e0b0442d.jpg,mohanlal,actors,no_face,1569.7,0,move
datasets/raw\actors\mohanlal\28bf3ff885.jpg,mohanlal,actors,no_face,734.9,0,move
datasets/raw\actors\mohanlal\2cc2510c62.jpg,mohanlal,actors,no_face,417.6,0,move
datasets/raw\actors\mohanlal\2fb7c6c3d2.jpg,mohanlal,actors,no_face,763.3,0,move
datasets/raw\actors\mohanlal\3c4751d656.jpg,mohanlal,actors,no_face,130.3,0,move
datasets/raw\actors\mohanlal\4e7358e79d.jpg,mohanlal,actors,no_face,1131.4,0,move
datasets/raw\actors\mohanlal\5d456af324.jpg,mohanlal,actors,no_face,326.3,0,move
datasets/raw\actors\mohanlal\6e87538829.jpg,mohanlal,actors,no_face,1752.4,0,move
datasets/raw\actors\mohanlal\7ddd927dbd.jpg,mohanlal,actors,no_face,1187.7,0,move
datasets/raw\actors\mohanlal\8e978c4b49.jpg,mohanlal,actors,no_face,57.9,0,move
datasets/raw\actors\mohanlal\9b3f3e7b45.jpg,mohanlal,actors,no_face,741.9,0,move
datasets/raw\actors\mohnish_bahl\156138d778.jpg,mohnish_bahl,actors,no_face,5001.0,0,move
datasets/raw\actors\mohnish_bahl\18f208e840.jpg,mohnish_bahl,actors,no_face,108.3,0,move
datasets/raw\actors\mohnish_bahl\1c89577ad3.jpg,mohnish_bahl,actors,no_face,116.4,0,move
datasets/raw\actors\mohnish_bahl\28390ac455.jpg,mohnish_bahl,actors,no_face,1188.8,0,move
datasets/raw\actors\mohnish_bahl\29bbc17d12.jpg,mohnish_bahl,actors,no_face,748.9,0,move
datasets/raw\actors\mohnish_bahl\2d81c89d3b.jpg,mohnish_bahl,actors,no_face,3619.7,0,move
datasets/raw\actors\mohnish_bahl\5249e92ad1.jpg,mohnish_bahl,actors,no_face,1346.5,0,move
datasets/raw\actors\mohnish_bahl\5f5a8610ec.jpg,mohnish_bahl,actors,no_face,143.9,0,move
datasets/raw\actors\mohnish_bahl\6b07fdb508.jpg,mohnish_bahl,actors,no_face,912.3,0,move
datasets/raw\actors\mohnish_bahl\8d46669a6a.jpg,mohnish_bahl,actors,no_face,201.9,0,move
datasets/raw\actors\mohnish_bahl\95dda939c0.jpg,mohnish_bahl,actors,no_face,1371.5,0,move
datasets/raw\actors\mohnish_bahl\adc69b6de2.jpg,mohnish_bahl,actors,no_face,152.5,0,move
datasets/raw\actors\mohnish_bahl\c4fdbaf3e6.jpg,mohnish_bahl,actors,no_face,326.7,0,move
datasets/raw\actors\mohnish_bahl\d53970208b.jpg,mohnish_bahl,actors,no_face,299.6,0,move
datasets/raw\actors\mohnish_bahl\ebad89ae3d.jpg,mohnish_bahl,actors,no_face,1828.4,0,move
datasets/raw\actors\mukesh_khanna\044859069a.jpg,mukesh_khanna,actors,no_face,149.0,0,move
datasets/raw\actors\mukesh_khanna\0bd2a5d439.jpg,mukesh_khanna,actors,no_face,79.9,0,move
datasets/raw\actors\mukesh_khanna\141e6154a4.jpg,mukesh_khanna,actors,no_face,1000.0,0,move
datasets/raw\actors\mukesh_khanna\1d69e13527.jpg,mukesh_khanna,actors,no_face,43.5,0,move
datasets/raw\actors\mukesh_khanna\223ebf5d3f.jpg,mukesh_khanna,actors,no_face,799.6,0,move
datasets/raw\actors\mukesh_khanna\3dce83c030.jpg,mukesh_khanna,actors,no_face,3167.6,0,move
datasets/raw\actors\mukesh_khanna\42eda7d540.jpg,mukesh_khanna,actors,no_face,924.9,0,move
datasets/raw\actors\mukesh_khanna\4abde1f1a0.jpg,mukesh_khanna,actors,no_face,437.0,0,move
datasets/raw\actors\mukesh_khanna\5d0bb324a7.jpg,mukesh_khanna,actors,no_face,3010.9,0,move
datasets/raw\actors\mukesh_khanna\63e6ad1e8a.jpg,mukesh_khanna,actors,no_face,96.3,0,move
datasets/raw\actors\mukesh_khanna\695e8a08ae.jpg,mukesh_khanna,actors,no_face,1005.6,0,move
datasets/raw\actors\mukesh_khanna\73cd80f5da.jpg,mukesh_khanna,actors,no_face,246.3,0,move
datasets/raw\actors\mukesh_khanna\868212a645.jpg,mukesh_khanna,actors,no_face,127.2,0,move
datasets/raw\actors\mukesh_khanna\89eefc6e85.jpg,mukesh_khanna,actors,no_face,1482.4,0,move
datasets/raw\actors\mukesh_khanna\93faff8d7a.jpg,mukesh_khanna,actors,no_face,128.8,0,move
datasets/raw\actors\mukesh_khanna\99f4e95116.jpg,mukesh_khanna,actors,no_face,1865.4,0,move
datasets/raw\actors\mukesh_khanna\a9fd1e60f2.jpg,mukesh_khanna,actors,no_face,347.7,0,move
datasets/raw\actors\mukul_dev\02a99c3dca.jpg,mukul_dev,actors,no_face,328.7,0,move
datasets/raw\actors\mukul_dev\0b6abcbd57.jpg,mukul_dev,actors,no_face,2151.2,0,move
datasets/raw\actors\mukul_dev\0c3e675329.jpg,mukul_dev,actors,no_face,1785.2,0,move
datasets/raw\actors\mukul_dev\30a0525a18.jpg,mukul_dev,actors,no_face,570.5,0,move
datasets/raw\actors\mukul_dev\3689e0aecc.jpg,mukul_dev,actors,no_face,979.5,0,move
datasets/raw\actors\mukul_dev\424551fb3a.jpg,mukul_dev,actors,no_face,2800.2,0,move
datasets/raw\actors\mukul_dev\4fabd318fc.jpg,mukul_dev,actors,no_face,2107.3,0,move
datasets/raw\actors\mukul_dev\5c95bbcbbc.jpg,mukul_dev,actors,no_face,5084.3,0,move
datasets/raw\actors\mukul_dev\5fdb8210b0.jpg,mukul_dev,actors,no_face,1231.1,0,move
datasets/raw\actors\mukul_dev\6db8b3cc17.jpg,mukul_dev,actors,no_face,943.9,0,move
datasets/raw\actors\mukul_dev\75810c9a03.jpg,mukul_dev,actors,no_face,186.4,0,move
datasets/raw\actors\mukul_dev\7ef02d1df3.jpg,mukul_dev,actors,no_face,1211.6,0,move
datasets/raw\actors\mukul_dev\917ab584da.jpg,mukul_dev,actors,no_face,564.2,0,move
datasets/raw\actors\mukul_dev\929dedbec9.jpg,mukul_dev,actors,no_face,441.5,0,move
datasets/raw\actors\mukul_dev\9d4967ca02.jpg,mukul_dev,actors,no_face,1079.7,0,move
datasets/raw\actors\mukul_dev\9f6a75923a.jpg,mukul_dev,actors,no_face,1242.4,0,move
datasets/raw\actors\nagarjuna_akkineni\0c9433bbb2.jpg,nagarjuna_akkineni,actors,no_face,1532.2,0,move
datasets/raw\actors\nagarjuna_akkineni\11e306093b.jpg,nagarjuna_akkineni,actors,no_face,3435.5,0,move
datasets/raw\actors\nagarjuna_akkineni\170a098deb.jpg,nagarjuna_akkineni,actors,no_face,1770.4,0,move
datasets/raw\actors\nagarjuna_akkineni\1e9d2912c8.jpg,nagarjuna_akkineni,actors,no_face,511.8,0,move
datasets/raw\actors\nagarjuna_akkineni\24e0761075.jpg,nagarjuna_akkineni,actors,no_face,857.8,0,move
datasets/raw\actors\nagarjuna_akkineni\2e05e4480b.jpg,nagarjuna_akkineni,actors,no_face,1059.5,0,move
datasets/raw\actors\nagarjuna_akkineni\3497af3617.jpg,nagarjuna_akkineni,actors,no_face,596.2,0,move
datasets/raw\actors\nagarjuna_akkineni\44e33aa760.jpg,nagarjuna_akkineni,actors,no_face,1255.1,0,move
datasets/raw\actors\nagarjuna_akkineni\4cf8158e04.jpg,nagarjuna_akkineni,actors,no_face,84.3,0,move
datasets/raw\actors\nagarjuna_akkineni\56c7efb274.jpg,nagarjuna_akkineni,actors,no_face,675.6,0,move
datasets/raw\actors\nagarjuna_akkineni\583979c99f.jpg,nagarjuna_akkineni,actors,no_face,625.1,0,move
datasets/raw\actors\nagarjuna_akkineni\60cfb001f6.jpg,nagarjuna_akkineni,actors,no_face,1510.9,0,move
datasets/raw\actors\nagarjuna_akkineni\6528cd0988.jpg,nagarjuna_akkineni,actors,no_face,1078.7,0,move
datasets/raw\actors\nagarjuna_akkineni\7dd9a99346.jpg,nagarjuna_akkineni,actors,no_face,887.6,0,move
datasets/raw\actors\nagarjuna_akkineni\8b2859c433.jpg,nagarjuna_akkineni,actors,no_face,580.3,0,move
datasets/raw\actors\nagarjuna_akkineni\8f15dce178.jpg,nagarjuna_akkineni,actors,no_face,208.1,0,move
datasets/raw\actors\nana_patekar\14b5ed86a3.jpg,nana_patekar,actors,no_face,147.2,0,move
datasets/raw\actors\nana_patekar\18fe22c6b3.jpg,nana_patekar,actors,no_face,184.1,0,move
datasets/raw\actors\nana_patekar\25f77f008e.jpg,nana_patekar,actors,no_face,934.6,0,move
datasets/raw\actors\nana_patekar\2a272c6dfb.jpg,nana_patekar,actors,no_face,1463.7,0,move
datasets/raw\actors\nana_patekar\2adc1630b8.jpg,nana_patekar,actors,no_face,2335.4,0,move
datasets/raw\actors\nana_patekar\36bd3d1ae0.jpg,nana_patekar,actors,no_face,1200.5,0,move
datasets/raw\actors\nana_patekar\43a2ec713e.jpg,nana_patekar,actors,no_face,545.0,0,move
datasets/raw\actors\nana_patekar\4e70964711.jpg,nana_patekar,actors,no_face,415.6,0,move
datasets/raw\actors\nana_patekar\5faf733639.jpg,nana_patekar,actors,no_face,53.0,0,move
datasets/raw\actors\nana_patekar\65f6c584f7.jpg,nana_patekar,actors,no_face,98.4,0,move
datasets/raw\actors\nana_patekar\6b02cd012b.jpg,nana_patekar,actors,no_face,509.1,0,move
datasets/raw\actors\nana_patekar\7b1155ecd6.jpg,nana_patekar,actors,no_face,516.3,0,move
datasets/raw\actors\nana_patekar\85b14d6fe7.jpg,nana_patekar,actors,no_face,1368.1,0,move
datasets/raw\actors\nana_patekar\8ec567e39f.jpg,nana_patekar,actors,no_face,88.3,0,move
datasets/raw\actors\nana_patekar\94d02a8288.jpg,nana_patekar,actors,no_face,586.4,0,move
datasets/raw\actors\nandita_das\053bc9b367.jpg,nandita_das,actors,no_face,115.2,0,move
datasets/raw\actors\nandita_das\08c9073e9c.jpg,nandita_das,actors,no_face,724.9,0,move
datasets/raw\actors\nandita_das\0bb859d221.jpg,nandita_das,actors,no_face,42.9,0,move
datasets/raw\actors\nandita_das\14ed10111b.jpg,nandita_das,actors,no_face,107.4,0,move
datasets/raw\actors\nandita_das\1caa3c2360.jpg,nandita_das,actors,no_face,196.3,0,move
datasets/raw\actors\nandita_das\1d14e6e840.jpg,nandita_das,actors,no_face,1045.0,0,move
datasets/raw\actors\nandita_das\1e856d54e8.jpg,nandita_das,actors,no_face,384.2,0,move
datasets/raw\actors\nandita_das\2c74a88951.jpg,nandita_das,actors,no_face,660.8,0,move
datasets/raw\actors\nandita_das\2e00aaf38b.jpg,nandita_das,actors,no_face,439.6,0,move
datasets/raw\actors\nandita_das\30c65beb6f.jpg,nandita_das,actors,no_face,860.6,0,move
datasets/raw\actors\nandita_das\3c200731c6.jpg,nandita_das,actors,no_face,1173.1,0,move
datasets/raw\actors\nandita_das\5a8a96b8f7.jpg,nandita_das,actors,no_face,367.3,0,move
datasets/raw\actors\nandita_das\62b1d1e602.jpg,nandita_das,actors,no_face,1752.2,0,move
datasets/raw\actors\nandita_das\6bdde40ca5.jpg,nandita_das,actors,no_face,1268.1,0,move
datasets/raw\actors\nandita_das\6e2555ee6f.jpg,nandita_das,actors,no_face,1110.7,0,move
datasets/raw\actors\nandita_das\71a4afac71.jpg,nandita_das,actors,no_face,560.5,0,move
datasets/raw\actors\nandita_das\8c59864a20.jpg,nandita_das,actors,no_face,583.9,0,move
datasets/raw\actors\nargis\038ee740ef.jpg,nargis,actors,no_face,407.6,0,move
datasets/raw\actors\nargis\0d86938625.jpg,nargis,actors,no_face,585.8,0,move
datasets/raw\actors\nargis\1a458975e9.jpg,nargis,actors,no_face,225.1,0,move
datasets/raw\actors\nargis\1e304c9385.jpg,nargis,actors,no_face,112.0,0,move
datasets/raw\actors\nargis\22600ba7ac.jpg,nargis,actors,no_face,285.8,0,move
datasets/raw\actors\nargis\28f904ede1.jpg,nargis,actors,no_face,786.5,0,move
datasets/raw\actors\nargis\2d7bd2f465.jpg,nargis,actors,no_face,176.5,0,move
datasets/raw\actors\nargis\363c7388d1.jpg,nargis,actors,no_face,313.8,0,move
datasets/raw\actors\nargis\40686c0dbc.jpg,nargis,actors,no_face,346.2,0,move
datasets/raw\actors\nargis\4ad59dd798.jpg,nargis,actors,no_face,818.9,0,move
datasets/raw\actors\nargis\5d479d9dc1.jpg,nargis,actors,no_face,51.5,0,move
datasets/raw\actors\nargis\6949fd75d7.jpg,nargis,actors,no_face,995.7,0,move
datasets/raw\actors\nargis\6dc0eaefb4.jpg,nargis,actors,no_face,2798.6,0,move
datasets/raw\actors\nargis\7cdb7541ca.jpg,nargis,actors,no_face,453.0,0,move
datasets/raw\actors\nargis\842161453c.jpg,nargis,actors,no_face,530.6,0,move
datasets/raw\actors\nargis\a5c9d84ed7.jpg,nargis,actors,no_face,3334.9,0,move
datasets/raw\actors\nargis\c30a1731d1.jpg,nargis,actors,no_face,517.3,0,move
datasets/raw\actors\naseeruddin_shah\01b4bb746d.jpg,naseeruddin_shah,actors,no_face,4870.0,0,move
datasets/raw\actors\naseeruddin_shah\0c69f4275c.jpg,naseeruddin_shah,actors,no_face,409.8,0,move
datasets/raw\actors\naseeruddin_shah\2a7b5a3f20.jpg,naseeruddin_shah,actors,no_face,224.2,0,move
datasets/raw\actors\naseeruddin_shah\2bfb19c6ca.jpg,naseeruddin_shah,actors,no_face,1503.9,0,move
datasets/raw\actors\naseeruddin_shah\40ab0beeee.jpg,naseeruddin_shah,actors,no_face,530.7,0,move
datasets/raw\actors\naseeruddin_shah\4b7fac151a.jpg,naseeruddin_shah,actors,no_face,807.4,0,move
datasets/raw\actors\naseeruddin_shah\4e17a4adc6.jpg,naseeruddin_shah,actors,no_face,646.8,0,move
datasets/raw\actors\naseeruddin_shah\50b7578b60.jpg,naseeruddin_shah,actors,no_face,223.6,0,move
datasets/raw\actors\naseeruddin_shah\66bc0ba5e1.jpg,naseeruddin_shah,actors,no_face,913.6,0,move
datasets/raw\actors\naseeruddin_shah\74b5915d83.jpg,naseeruddin_shah,actors,no_face,643.0,0,move
datasets/raw\actors\naseeruddin_shah\78ea6a86d6.jpg,naseeruddin_shah,actors,no_face,94.4,0,move
datasets/raw\actors\naseeruddin_shah\7c0457c3ea.jpg,naseeruddin_shah,actors,no_face,187.3,0,move
datasets/raw\actors\naseeruddin_shah\82b325c640.jpg,naseeruddin_shah,actors,no_face,86.0,0,move
datasets/raw\actors\naseeruddin_shah\91d9f7d35e.jpg,naseeruddin_shah,actors,no_face,1712.8,0,move
datasets/raw\actors\naseeruddin_shah\99afdc5cf3.jpg,naseeruddin_shah,actors,no_face,529.3,0,move
datasets/raw\actors\naseeruddin_shah\9f11ee0c85.jpg,naseeruddin_shah,actors,no_face,258.7,0,move
datasets/raw\actors\navin_nischol\08c21cbd76.jpg,navin_nischol,actors,no_face,3627.8,0,move
datasets/raw\actors\navin_nischol\10e13e77e8.jpg,navin_nischol,actors,no_face,171.2,0,move
datasets/raw\actors\navin_nischol\1c131afdb5.jpg,navin_nischol,actors,no_face,523.9,0,move
datasets/raw\actors\navin_nischol\1d777b3da1.jpg,navin_nischol,actors,no_face,7957.9,0,move
datasets/raw\actors\navin_nischol\2401368fc8.jpg,navin_nischol,actors,no_face,165.3,0,move
datasets/raw\actors\navin_nischol\309378ede1.jpg,navin_nischol,actors,no_face,660.1,0,move
datasets/raw\actors\navin_nischol\3b4ad00541.jpg,navin_nischol,actors,no_face,2465.0,0,move
datasets/raw\actors\navin_nischol\3b89da69bc.jpg,navin_nischol,actors,no_face,503.9,0,move
datasets/raw\actors\navin_nischol\3db10358fc.jpg,navin_nischol,actors,no_face,191.3,0,move
datasets/raw\actors\navin_nischol\4df4fa5a6a.jpg,navin_nischol,actors,no_face,725.7,0,move
datasets/raw\actors\navin_nischol\5b768cf6d6.jpg,navin_nischol,actors,no_face,603.3,0,move
datasets/raw\actors\navin_nischol\80a4fe8769.jpg,navin_nischol,actors,no_face,442.1,0,move
datasets/raw\actors\navin_nischol\8d462154f3.jpg,navin_nischol,actors,no_face,907.4,0,move
datasets/raw\actors\navin_nischol\994978fd57.jpg,navin_nischol,actors,no_face,329.0,0,move
datasets/raw\actors\navin_nischol\a157b16084.jpg,navin_nischol,actors,no_face,42.5,0,move
datasets/raw\actors\navin_nischol\fcc32fde9a.jpg,navin_nischol,actors,no_face,1597.6,0,move
datasets/raw\actors\navin_nischol\fed6472e63.jpg,navin_nischol,actors,no_face,1327.6,0,move
datasets/raw\actors\nawazuddin_siddiqui\06312ac893.jpg,nawazuddin_siddiqui,actors,no_face,90.8,0,move
datasets/raw\actors\nawazuddin_siddiqui\179c862bf8.jpg,nawazuddin_siddiqui,actors,no_face,248.4,0,move
datasets/raw\actors\nawazuddin_siddiqui\1bd66bf8bd.jpg,nawazuddin_siddiqui,actors,no_face,1279.8,0,move
datasets/raw\actors\nawazuddin_siddiqui\246be3a691.jpg,nawazuddin_siddiqui,actors,no_face,191.8,0,move
datasets/raw\actors\nawazuddin_siddiqui\2e7d308370.jpg,nawazuddin_siddiqui,actors,no_face,835.4,0,move
datasets/raw\actors\nawazuddin_siddiqui\37adeede95.jpg,nawazuddin_siddiqui,actors,no_face,1142.6,0,move
datasets/raw\actors\nawazuddin_siddiqui\4088f72198.jpg,nawazuddin_siddiqui,actors,no_face,5081.7,0,move
datasets/raw\actors\nawazuddin_siddiqui\448a8af626.jpg,nawazuddin_siddiqui,actors,no_face,76.1,0,move
datasets/raw\actors\nawazuddin_siddiqui\4735c9e399.jpg,nawazuddin_siddiqui,actors,no_face,146.5,0,move
datasets/raw\actors\nawazuddin_siddiqui\4a29c89a55.jpg,nawazuddin_siddiqui,actors,no_face,122.4,0,move
datasets/raw\actors\nawazuddin_siddiqui\4e3c872752.jpg,nawazuddin_siddiqui,actors,no_face,633.1,0,move
datasets/raw\actors\nawazuddin_siddiqui\6c0cbd1eaa.jpg,nawazuddin_siddiqui,actors,no_face,1384.2,0,move
datasets/raw\actors\nawazuddin_siddiqui\7b2e783d95.jpg,nawazuddin_siddiqui,actors,no_face,1254.3,0,move
datasets/raw\actors\nawazuddin_siddiqui\84b423034a.jpg,nawazuddin_siddiqui,actors,no_face,42.0,0,move
datasets/raw\actors\nawazuddin_siddiqui\8a70877f20.jpg,nawazuddin_siddiqui,actors,no_face,665.0,0,move
datasets/raw\actors\nawazuddin_siddiqui\94c3089e12.jpg,nawazuddin_siddiqui,actors,no_face,303.3,0,move
datasets/raw\actors\neeraj_kabi\04664da508.jpg,neeraj_kabi,actors,no_face,665.2,0,move
datasets/raw\actors\neeraj_kabi\0b601b4b0a.jpg,neeraj_kabi,actors,no_face,111.6,0,move
datasets/raw\actors\neeraj_kabi\18dd0335e4.jpg,neeraj_kabi,actors,no_face,1714.1,0,move
datasets/raw\actors\neeraj_kabi\1c16fbd1ca.jpg,neeraj_kabi,actors,no_face,380.1,0,move
datasets/raw\actors\neeraj_kabi\2439dbf885.jpg,neeraj_kabi,actors,no_face,335.0,0,move
datasets/raw\actors\neeraj_kabi\30c112a032.jpg,neeraj_kabi,actors,no_face,753.3,0,move
datasets/raw\actors\neeraj_kabi\3545b24153.jpg,neeraj_kabi,actors,no_face,125.1,0,move
datasets/raw\actors\neeraj_kabi\4567a59f7d.jpg,neeraj_kabi,actors,no_face,550.4,0,move
datasets/raw\actors\neeraj_kabi\51afcd5129.jpg,neeraj_kabi,actors,no_face,42.1,0,move
datasets/raw\actors\neeraj_kabi\5520ccbe46.jpg,neeraj_kabi,actors,no_face,637.0,0,move
datasets/raw\actors\neeraj_kabi\5d9e56a80d.jpg,neeraj_kabi,actors,no_face,1290.5,0,move
datasets/raw\actors\neeraj_kabi\5e5311645f.jpg,neeraj_kabi,actors,no_face,855.1,0,move
datasets/raw\actors\neeraj_kabi\63a61f81a8.jpg,neeraj_kabi,actors,no_face,304.2,0,move
datasets/raw\actors\neeraj_kabi\6a2ccca666.jpg,neeraj_kabi,actors,no_face,631.4,0,move
datasets/raw\actors\neeraj_kabi\6e5e766544.jpg,neeraj_kabi,actors,no_face,644.5,0,move
datasets/raw\actors\neeraj_kabi\6ef8e8cefb.jpg,neeraj_kabi,actors,no_face,61.7,0,move
datasets/raw\actors\neeraj_kabi\7a02ece68a.jpg,neeraj_kabi,actors,no_face,99.1,0,move
datasets/raw\actors\neeraj_kabi\89d5c393b0.jpg,neeraj_kabi,actors,no_face,377.6,0,move
datasets/raw\actors\neeraj_kabi\905e5cf00b.jpg,neeraj_kabi,actors,no_face,1651.9,0,move
datasets/raw\actors\neeraj_kabi\9df54440b7.jpg,neeraj_kabi,actors,no_face,1318.9,0,move
datasets/raw\actors\nirupa_roy\067a668669.jpg,nirupa_roy,actors,no_face,1732.1,0,move
datasets/raw\actors\nirupa_roy\0da1dbbc13.jpg,nirupa_roy,actors,no_face,202.0,0,move
datasets/raw\actors\nirupa_roy\13eb8124ea.jpg,nirupa_roy,actors,no_face,5531.1,0,move
datasets/raw\actors\nirupa_roy\1f7ad3def0.jpg,nirupa_roy,actors,no_face,3619.3,0,move
datasets/raw\actors\nirupa_roy\24531c9312.jpg,nirupa_roy,actors,no_face,1063.7,0,move
datasets/raw\actors\nirupa_roy\2c42a88139.jpg,nirupa_roy,actors,no_face,569.8,0,move
datasets/raw\actors\nirupa_roy\2e7e875250.jpg,nirupa_roy,actors,no_face,3036.3,0,move
datasets/raw\actors\nirupa_roy\42ac10ab40.jpg,nirupa_roy,actors,no_face,674.4,0,move
datasets/raw\actors\nirupa_roy\579bb74e22.jpg,nirupa_roy,actors,no_face,295.7,0,move
datasets/raw\actors\nirupa_roy\6ce1203053.jpg,nirupa_roy,actors,no_face,686.7,0,move
datasets/raw\actors\nirupa_roy\6e35d08d67.jpg,nirupa_roy,actors,no_face,1969.0,0,move
datasets/raw\actors\nirupa_roy\73b64b682f.jpg,nirupa_roy,actors,no_face,4110.5,0,move
datasets/raw\actors\nirupa_roy\7a5d5a2dd2.jpg,nirupa_roy,actors,no_face,1470.5,0,move
datasets/raw\actors\nirupa_roy\91bfd4becf.jpg,nirupa_roy,actors,no_face,109.7,0,move
datasets/raw\actors\nirupa_roy\9371c12899.jpg,nirupa_roy,actors,no_face,3705.6,0,move
datasets/raw\actors\om_puri\046a205e04.jpg,om_puri,actors,no_face,1362.9,0,move
datasets/raw\actors\om_puri\06c7c89d44.jpg,om_puri,actors,no_face,291.1,0,move
datasets/raw\actors\om_puri\0ccb830cdd.jpg,om_puri,actors,no_face,422.8,0,move
datasets/raw\actors\om_puri\16d6e42ff4.jpg,om_puri,actors,no_face,214.9,0,move
datasets/raw\actors\om_puri\1fa420d809.jpg,om_puri,actors,no_face,275.6,0,move
datasets/raw\actors\om_puri\25db28d938.jpg,om_puri,actors,no_face,1708.6,0,move
datasets/raw\actors\om_puri\2cc46805f1.jpg,om_puri,actors,no_face,1207.7,0,move
datasets/raw\actors\om_puri\36cdb4b769.jpg,om_puri,actors,no_face,131.6,0,move
datasets/raw\actors\om_puri\3d502d6f28.jpg,om_puri,actors,no_face,2915.3,0,move
datasets/raw\actors\om_puri\44de3795d1.jpg,om_puri,actors,no_face,103.6,0,move
datasets/raw\actors\om_puri\4c6b93161c.jpg,om_puri,actors,no_face,262.3,0,move
datasets/raw\actors\om_puri\4e0ef5ff73.jpg,om_puri,actors,no_face,913.5,0,move
datasets/raw\actors\om_puri\52f436d4e5.jpg,om_puri,actors,no_face,265.2,0,move
datasets/raw\actors\om_puri\6bac99a867.jpg,om_puri,actors,no_face,744.9,0,move
datasets/raw\actors\om_puri\7cba8440c7.jpg,om_puri,actors,no_face,1466.1,0,move
datasets/raw\actors\om_puri\84d2db8f3d.jpg,om_puri,actors,no_face,954.3,0,move
datasets/raw\actors\om_puri\8e29f4ee02.jpg,om_puri,actors,no_face,1417.8,0,move
datasets/raw\actors\pankaj_kapur\0b6f381312.jpg,pankaj_kapur,actors,no_face,468.6,0,move
datasets/raw\actors\pankaj_kapur\1876b04b94.jpg,pankaj_kapur,actors,no_face,192.1,0,move
datasets/raw\actors\pankaj_kapur\1c74bd375f.jpg,pankaj_kapur,actors,no_face,186.0,0,move
datasets/raw\actors\pankaj_kapur\229eef1a94.jpg,pankaj_kapur,actors,no_face,75.6,0,move
datasets/raw\actors\pankaj_kapur\3afd33c246.jpg,pankaj_kapur,actors,no_face,220.8,0,move
datasets/raw\actors\pankaj_kapur\42128df09b.jpg,pankaj_kapur,actors,no_face,938.5,0,move
datasets/raw\actors\pankaj_kapur\466f45085e.jpg,pankaj_kapur,actors,no_face,358.0,0,move
datasets/raw\actors\pankaj_kapur\4a0afded60.jpg,pankaj_kapur,actors,no_face,877.2,0,move
datasets/raw\actors\pankaj_kapur\5373ce61ba.jpg,pankaj_kapur,actors,no_face,1756.2,0,move
datasets/raw\actors\pankaj_kapur\59bd5065c4.jpg,pankaj_kapur,actors,no_face,673.5,0,move
datasets/raw\actors\pankaj_kapur\6618c500ff.jpg,pankaj_kapur,actors,no_face,1223.7,0,move
datasets/raw\actors\pankaj_kapur\6c318c2ccf.jpg,pankaj_kapur,actors,no_face,1224.7,0,move
datasets/raw\actors\pankaj_kapur\759d798f95.jpg,pankaj_kapur,actors,no_face,372.8,0,move
datasets/raw\actors\pankaj_kapur\adcf163f9c.jpg,pankaj_kapur,actors,no_face,1356.4,0,move
datasets/raw\actors\pankaj_tripathi\0ac356b1d9.jpg,pankaj_tripathi,actors,no_face,3147.6,0,move
datasets/raw\actors\pankaj_tripathi\0d05870f49.jpg,pankaj_tripathi,actors,no_face,437.6,0,move
datasets/raw\actors\pankaj_tripathi\19f6f5dce3.jpg,pankaj_tripathi,actors,no_face,166.0,0,move
datasets/raw\actors\pankaj_tripathi\233f3e9766.jpg,pankaj_tripathi,actors,no_face,55.4,0,move
datasets/raw\actors\pankaj_tripathi\28a5a98c6f.jpg,pankaj_tripathi,actors,no_face,238.4,0,move
datasets/raw\actors\pankaj_tripathi\2c01a34eb9.jpg,pankaj_tripathi,actors,no_face,117.1,0,move
datasets/raw\actors\pankaj_tripathi\2f7faee505.jpg,pankaj_tripathi,actors,no_face,532.9,0,move
datasets/raw\actors\pankaj_tripathi\36d6ed1aa6.jpg,pankaj_tripathi,actors,no_face,151.4,0,move
datasets/raw\actors\pankaj_tripathi\372ec67df8.jpg,pankaj_tripathi,actors,no_face,64.0,0,move
datasets/raw\actors\pankaj_tripathi\3b5ba1d05b.jpg,pankaj_tripathi,actors,no_face,349.7,0,move
datasets/raw\actors\pankaj_tripathi\40da2f1998.jpg,pankaj_tripathi,actors,no_face,1032.1,0,move
datasets/raw\actors\pankaj_tripathi\65aa3a010d.jpg,pankaj_tripathi,actors,no_face,569.8,0,move
datasets/raw\actors\pankaj_tripathi\6b4a16155b.jpg,pankaj_tripathi,actors,no_face,553.1,0,move
datasets/raw\actors\pankaj_tripathi\7b2f2e1c90.jpg,pankaj_tripathi,actors,no_face,62.3,0,move
datasets/raw\actors\pankaj_tripathi\7fda504ec5.jpg,pankaj_tripathi,actors,no_face,1061.0,0,move
datasets/raw\actors\pankaj_tripathi\98e30ff05d.jpg,pankaj_tripathi,actors,no_face,716.9,0,move
datasets/raw\actors\paresh_rawal\05f6d19903.jpg,paresh_rawal,actors,no_face,2919.9,0,move
datasets/raw\actors\paresh_rawal\0f70eb8c73.jpg,paresh_rawal,actors,no_face,951.1,0,move
datasets/raw\actors\paresh_rawal\23bee4a033.jpg,paresh_rawal,actors,no_face,279.1,0,move
datasets/raw\actors\paresh_rawal\2afbf01950.jpg,paresh_rawal,actors,no_face,500.4,0,move
datasets/raw\actors\paresh_rawal\312ed6f329.jpg,paresh_rawal,actors,no_face,371.4,0,move
datasets/raw\actors\paresh_rawal\3a1958eefa.jpg,paresh_rawal,actors,no_face,80.9,0,move
datasets/raw\actors\paresh_rawal\3bcdcda6f5.jpg,paresh_rawal,actors,no_face,3808.7,0,move
datasets/raw\actors\paresh_rawal\41ca4923d4.jpg,paresh_rawal,actors,no_face,217.5,0,move
datasets/raw\actors\paresh_rawal\4e9eb45caa.jpg,paresh_rawal,actors,no_face,1318.1,0,move
datasets/raw\actors\paresh_rawal\6e2f0606d2.jpg,paresh_rawal,actors,no_face,1123.9,0,move
datasets/raw\actors\paresh_rawal\770c46b504.jpg,paresh_rawal,actors,no_face,379.4,0,move
datasets/raw\actors\paresh_rawal\805a33c9e7.jpg,paresh_rawal,actors,no_face,1317.1,0,move
datasets/raw\actors\paresh_rawal\8ccfcb4a56.jpg,paresh_rawal,actors,no_face,2756.5,0,move
datasets/raw\actors\pawan_malhotra\00ddf0c0c0.jpg,pawan_malhotra,actors,no_face,996.9,0,move
datasets/raw\actors\pawan_malhotra\031f1ac218.jpg,pawan_malhotra,actors,no_face,1904.7,0,move
datasets/raw\actors\pawan_malhotra\0f4530f069.jpg,pawan_malhotra,actors,no_face,187.2,0,move
datasets/raw\actors\pawan_malhotra\123f7bfd2b.jpg,pawan_malhotra,actors,no_face,2864.8,0,move
datasets/raw\actors\pawan_malhotra\180bd5de6d.jpg,pawan_malhotra,actors,no_face,2649.2,0,move
datasets/raw\actors\pawan_malhotra\1af79beef6.jpg,pawan_malhotra,actors,no_face,95.2,0,move
datasets/raw\actors\pawan_malhotra\2ab5c1145c.jpg,pawan_malhotra,actors,no_face,481.2,0,move
datasets/raw\actors\pawan_malhotra\2e74e8d74b.jpg,pawan_malhotra,actors,no_face,303.5,0,move
datasets/raw\actors\pawan_malhotra\35d20cd98c.jpg,pawan_malhotra,actors,no_face,332.2,0,move
datasets/raw\actors\pawan_malhotra\3a0270a928.jpg,pawan_malhotra,actors,no_face,2582.6,0,move
datasets/raw\actors\pawan_malhotra\42b244a40f.jpg,pawan_malhotra,actors,no_face,186.0,0,move
datasets/raw\actors\pawan_malhotra\4c71f80efb.jpg,pawan_malhotra,actors,no_face,565.2,0,move
datasets/raw\actors\pawan_malhotra\516d0bfadf.jpg,pawan_malhotra,actors,no_face,74.8,0,move
datasets/raw\actors\pawan_malhotra\5bbba1ac91.jpg,pawan_malhotra,actors,no_face,377.2,0,move
datasets/raw\actors\pawan_malhotra\6a121ea88e.jpg,pawan_malhotra,actors,no_face,3194.0,0,move
datasets/raw\actors\pawan_malhotra\6d2515487b.jpg,pawan_malhotra,actors,no_face,851.5,0,move
datasets/raw\actors\pawan_malhotra\6e8798ee2b.jpg,pawan_malhotra,actors,no_face,2559.4,0,move
datasets/raw\actors\pawan_malhotra\9c1909fc63.jpg,pawan_malhotra,actors,no_face,1701.7,0,move
datasets/raw\actors\pooja_bhatt\032bebeefc.jpg,pooja_bhatt,actors,no_face,104.9,0,move
datasets/raw\actors\pooja_bhatt\0ba26ac281.jpg,pooja_bhatt,actors,no_face,2039.9,0,move
datasets/raw\actors\pooja_bhatt\107a7b38db.jpg,pooja_bhatt,actors,no_face,146.0,0,move
datasets/raw\actors\pooja_bhatt\1c0c1e5ea1.jpg,pooja_bhatt,actors,no_face,1745.2,0,move
datasets/raw\actors\pooja_bhatt\2955542f9b.jpg,pooja_bhatt,actors,no_face,133.0,0,move
datasets/raw\actors\pooja_bhatt\38bf26041e.jpg,pooja_bhatt,actors,no_face,725.2,0,move
datasets/raw\actors\pooja_bhatt\4ff19ecc6e.jpg,pooja_bhatt,actors,no_face,350.8,0,move
datasets/raw\actors\pooja_bhatt\6c611c4729.jpg,pooja_bhatt,actors,no_face,1842.3,0,move
datasets/raw\actors\pooja_bhatt\715bd7ba35.jpg,pooja_bhatt,actors,no_face,67.7,0,move
datasets/raw\actors\pooja_bhatt\770cc6a298.jpg,pooja_bhatt,actors,no_face,52.6,0,move
datasets/raw\actors\pooja_bhatt\9afaf62dfd.jpg,pooja_bhatt,actors,no_face,2397.2,0,move
datasets/raw\actors\pooja_bhatt\a605d69f6e.jpg,pooja_bhatt,actors,no_face,2936.1,0,move
datasets/raw\actors\pooja_bhatt\bfeebb5b5a.jpg,pooja_bhatt,actors,no_face,119.8,0,move
datasets/raw\actors\pooja_bhatt\d17bc09d55.jpg,pooja_bhatt,actors,no_face,2104.3,0,move
datasets/raw\actors\prabhu_deva\026cede0a4.jpg,prabhu_deva,actors,no_face,2291.1,0,move
datasets/raw\actors\prabhu_deva\05bcbe6f15.jpg,prabhu_deva,actors,no_face,518.1,0,move
datasets/raw\actors\prabhu_deva\17f42c40f8.jpg,prabhu_deva,actors,no_face,239.4,0,move
datasets/raw\actors\prabhu_deva\2d5d84b1fd.jpg,prabhu_deva,actors,no_face,396.0,0,move
datasets/raw\actors\prabhu_deva\3002fd0644.jpg,prabhu_deva,actors,no_face,2877.5,0,move
datasets/raw\actors\prabhu_deva\3b6ab11fd8.jpg,prabhu_deva,actors,no_face,158.1,0,move
datasets/raw\actors\prabhu_deva\3dbc597656.jpg,prabhu_deva,actors,no_face,125.8,0,move
datasets/raw\actors\prabhu_deva\3df7c89cd9.jpg,prabhu_deva,actors,no_face,694.1,0,move
datasets/raw\actors\prabhu_deva\400567ae9d.jpg,prabhu_deva,actors,no_face,3136.2,0,move
datasets/raw\actors\prabhu_deva\53dff8303a.jpg,prabhu_deva,actors,no_face,638.6,0,move
datasets/raw\actors\prabhu_deva\5d5747d598.jpg,prabhu_deva,actors,no_face,3729.5,0,move
datasets/raw\actors\prabhu_deva\67dc67d3e5.jpg,prabhu_deva,actors,no_face,1172.8,0,move
datasets/raw\actors\prabhu_deva\71ec23be5b.jpg,prabhu_deva,actors,no_face,1098.4,0,move
datasets/raw\actors\prabhu_deva\77c1449694.jpg,prabhu_deva,actors,no_face,1107.8,0,move
datasets/raw\actors\prabhu_deva\80abfb2a17.jpg,prabhu_deva,actors,no_face,173.6,0,move
datasets/raw\actors\prabhu_deva\9c802dc09c.jpg,prabhu_deva,actors,no_face,172.9,0,move
datasets/raw\actors\prabhu_deva\9d5b807550.jpg,prabhu_deva,actors,no_face,478.0,0,move
datasets/raw\actors\prakash_raj\063f58f6b0.jpg,prakash_raj,actors,no_face,51.2,0,move
datasets/raw\actors\prakash_raj\073d391dde.jpg,prakash_raj,actors,no_face,592.1,0,move
datasets/raw\actors\prakash_raj\0be8a48d77.jpg,prakash_raj,actors,no_face,52.2,0,move
datasets/raw\actors\prakash_raj\1aac9d0673.jpg,prakash_raj,actors,no_face,50.5,0,move
datasets/raw\actors\prakash_raj\1c5abe6c2c.jpg,prakash_raj,actors,no_face,449.2,0,move
datasets/raw\actors\prakash_raj\232ce204be.jpg,prakash_raj,actors,no_face,345.1,0,move
datasets/raw\actors\prakash_raj\29eae11b61.jpg,prakash_raj,actors,no_face,231.4,0,move
datasets/raw\actors\prakash_raj\2fd3b602f4.jpg,prakash_raj,actors,no_face,376.5,0,move
datasets/raw\actors\prakash_raj\31f3e3f3f2.jpg,prakash_raj,actors,no_face,1942.6,0,move
datasets/raw\actors\prakash_raj\50f79f6ec1.jpg,prakash_raj,actors,no_face,837.7,0,move
datasets/raw\actors\prakash_raj\53c29da620.jpg,prakash_raj,actors,no_face,480.8,0,move
datasets/raw\actors\prakash_raj\5ab4fda800.jpg,prakash_raj,actors,no_face,190.3,0,move
datasets/raw\actors\prakash_raj\60e7235290.jpg,prakash_raj,actors,no_face,146.3,0,move
datasets/raw\actors\prakash_raj\72b46dd122.jpg,prakash_raj,actors,no_face,213.6,0,move
datasets/raw\actors\prakash_raj\7ecf46c1d5.jpg,prakash_raj,actors,no_face,778.1,0,move
datasets/raw\actors\prakash_raj\8e37c581e4.jpg,prakash_raj,actors,no_face,224.5,0,move
datasets/raw\actors\prakash_raj\9e2362b97f.jpg,prakash_raj,actors,no_face,2714.7,0,move
datasets/raw\actors\pran\088b957dbd.jpg,pran,actors,no_face,1554.0,0,move
datasets/raw\actors\pran\0f6dd7f96f.jpg,pran,actors,no_face,802.6,0,move
datasets/raw\actors\pran\110c683e3c.jpg,pran,actors,no_face,783.2,0,move
datasets/raw\actors\pran\296815938b.jpg,pran,actors,no_face,2059.8,0,move
datasets/raw\actors\pran\2a2427199e.jpg,pran,actors,no_face,74.1,0,move
datasets/raw\actors\pran\2cffafb3c0.jpg,pran,actors,no_face,1443.1,0,move
datasets/raw\actors\pran\3136598798.jpg,pran,actors,no_face,1794.0,0,move
datasets/raw\actors\pran\40a143840c.jpg,pran,actors,no_face,1636.5,0,move
datasets/raw\actors\pran\4b9be948b5.jpg,pran,actors,no_face,247.3,0,move
datasets/raw\actors\pran\5aaed0a274.jpg,pran,actors,no_face,1890.9,0,move
datasets/raw\actors\pran\690f96d44b.jpg,pran,actors,no_face,215.6,0,move
datasets/raw\actors\pran\6ac9450b65.jpg,pran,actors,no_face,2097.2,0,move
datasets/raw\actors\pran\76ae041ddd.jpg,pran,actors,no_face,730.9,0,move
datasets/raw\actors\pran\7d8597edd6.jpg,pran,actors,no_face,677.2,0,move
datasets/raw\actors\pran\99f1997853.jpg,pran,actors,no_face,2387.1,0,move
datasets/raw\actors\pran\ab4329e693.jpg,pran,actors,no_face,212.0,0,move
datasets/raw\actors\pran\b764573061.jpg,pran,actors,no_face,989.2,0,move
datasets/raw\actors\prem_chopra\0c90dcb076.jpg,prem_chopra,actors,no_face,473.2,0,move
datasets/raw\actors\prem_chopra\201e512d54.jpg,prem_chopra,actors,no_face,216.4,0,move
datasets/raw\actors\prem_chopra\258b35772a.jpg,prem_chopra,actors,no_face,314.9,0,move
datasets/raw\actors\prem_chopra\317edbd253.jpg,prem_chopra,actors,no_face,978.5,0,move
datasets/raw\actors\prem_chopra\376ecdf6a1.jpg,prem_chopra,actors,no_face,2443.1,0,move
datasets/raw\actors\prem_chopra\3ecbc01a00.jpg,prem_chopra,actors,no_face,2162.0,0,move
datasets/raw\actors\prem_chopra\47da5b1447.jpg,prem_chopra,actors,no_face,605.9,0,move
datasets/raw\actors\prem_chopra\4dcb7fc04e.jpg,prem_chopra,actors,no_face,428.9,0,move
datasets/raw\actors\prem_chopra\5ee408b273.jpg,prem_chopra,actors,no_face,61.6,0,move
datasets/raw\actors\prem_chopra\69aec89eb7.jpg,prem_chopra,actors,no_face,213.8,0,move
datasets/raw\actors\prem_chopra\7cd26f005c.jpg,prem_chopra,actors,no_face,1251.2,0,move
datasets/raw\actors\prem_chopra\82d5bbd21c.jpg,prem_chopra,actors,no_face,679.5,0,move
datasets/raw\actors\prem_chopra\8e6c5242fe.jpg,prem_chopra,actors,no_face,154.3,0,move
datasets/raw\actors\prem_chopra\96cc5dee28.jpg,prem_chopra,actors,no_face,2162.5,0,move
datasets/raw\actors\prem_chopra\9b633fa754.jpg,prem_chopra,actors,no_face,47.3,0,move
datasets/raw\actors\raaj_kumar\04989b198e.jpg,raaj_kumar,actors,no_face,461.4,0,move
datasets/raw\actors\raaj_kumar\099a3e8e02.jpg,raaj_kumar,actors,no_face,329.3,0,move
datasets/raw\actors\raaj_kumar\0e7297ac38.jpg,raaj_kumar,actors,no_face,648.2,0,move
datasets/raw\actors\raaj_kumar\1d2951aa61.jpg,raaj_kumar,actors,no_face,822.8,0,move
datasets/raw\actors\raaj_kumar\25e75bc1d7.jpg,raaj_kumar,actors,no_face,454.1,0,move
datasets/raw\actors\raaj_kumar\365b2a1980.jpg,raaj_kumar,actors,no_face,571.0,0,move
datasets/raw\actors\raaj_kumar\377ae1b651.jpg,raaj_kumar,actors,no_face,470.9,0,move
datasets/raw\actors\raaj_kumar\3d8ddbcdcc.jpg,raaj_kumar,actors,no_face,2513.7,0,move
datasets/raw\actors\raaj_kumar\3fc6b1b56f.jpg,raaj_kumar,actors,no_face,612.4,0,move
datasets/raw\actors\raaj_kumar\53ad70fd2d.jpg,raaj_kumar,actors,no_face,325.4,0,move
datasets/raw\actors\raaj_kumar\5b35a87880.jpg,raaj_kumar,actors,no_face,1605.7,0,move
datasets/raw\actors\raaj_kumar\5df50928a0.jpg,raaj_kumar,actors,no_face,2828.7,0,move
datasets/raw\actors\raaj_kumar\74ea3ebeaf.jpg,raaj_kumar,actors,no_face,116.3,0,move
datasets/raw\actors\raaj_kumar\7a314ba87a.jpg,raaj_kumar,actors,no_face,596.5,0,move
datasets/raw\actors\raaj_kumar\7fc15d572c.jpg,raaj_kumar,actors,no_face,237.8,0,move
datasets/raw\actors\raaj_kumar\8c8b27cfe5.jpg,raaj_kumar,actors,no_face,3724.0,0,move
datasets/raw\actors\raaj_kumar\9a62252254.jpg,raaj_kumar,actors,no_face,503.9,0,move
datasets/raw\actors\raaj_kumar\a5f9ad485a.jpg,raaj_kumar,actors,no_face,2677.3,0,move
datasets/raw\actors\raaj_kumar\a9719aeaab.jpg,raaj_kumar,actors,no_face,930.0,0,move
datasets/raw\actors\radhika_apte\0311a69130.jpg,radhika_apte,actors,no_face,999.4,0,move
datasets/raw\actors\radhika_apte\0b86f7895c.jpg,radhika_apte,actors,no_face,135.4,0,move
datasets/raw\actors\radhika_apte\0d3a1ddf3c.jpg,radhika_apte,actors,no_face,311.1,0,move
datasets/raw\actors\radhika_apte\12bf4e887c.jpg,radhika_apte,actors,no_face,819.0,0,move
datasets/raw\actors\radhika_apte\1fb1747a35.jpg,radhika_apte,actors,no_face,5419.7,0,move
datasets/raw\actors\radhika_apte\29a063deba.jpg,radhika_apte,actors,no_face,436.0,0,move
datasets/raw\actors\radhika_apte\3b3e2d581e.jpg,radhika_apte,actors,no_face,3433.6,0,move
datasets/raw\actors\radhika_apte\41d1abb3a7.jpg,radhika_apte,actors,no_face,1924.1,0,move
datasets/raw\actors\radhika_apte\48e00cc6ee.jpg,radhika_apte,actors,no_face,477.4,0,move
datasets/raw\actors\radhika_apte\65e90742bc.jpg,radhika_apte,actors,no_face,58.6,0,move
datasets/raw\actors\radhika_apte\8accb3cfea.jpg,radhika_apte,actors,no_face,1204.2,0,move
datasets/raw\actors\rahul_bose\0f70efbc3c.jpg,rahul_bose,actors,no_face,137.7,0,move
datasets/raw\actors\rahul_bose\15bdfe42aa.jpg,rahul_bose,actors,no_face,491.3,0,move
datasets/raw\actors\rahul_bose\1c49da5262.jpg,rahul_bose,actors,no_face,430.4,0,move
datasets/raw\actors\rahul_bose\20ed0a1f6b.jpg,rahul_bose,actors,no_face,143.2,0,move
datasets/raw\actors\rahul_bose\307c9f24fd.jpg,rahul_bose,actors,no_face,1187.2,0,move
datasets/raw\actors\rahul_bose\355c26a3fa.jpg,rahul_bose,actors,no_face,494.1,0,move
datasets/raw\actors\rahul_bose\3bfe1aa832.jpg,rahul_bose,actors,no_face,1283.2,0,move
datasets/raw\actors\rahul_bose\463c958266.jpg,rahul_bose,actors,no_face,196.0,0,move
datasets/raw\actors\rahul_bose\4c8aa9c4d9.jpg,rahul_bose,actors,no_face,392.0,0,move
datasets/raw\actors\rahul_bose\4fc607932e.jpg,rahul_bose,actors,no_face,245.1,0,move
datasets/raw\actors\rahul_bose\579f65ade2.jpg,rahul_bose,actors,no_face,416.3,0,move
datasets/raw\actors\rahul_bose\57a843e8b8.jpg,rahul_bose,actors,no_face,6141.9,0,move
datasets/raw\actors\rahul_bose\5e6d9bf6bf.jpg,rahul_bose,actors,no_face,1278.7,0,move
datasets/raw\actors\rahul_bose\628a961d54.jpg,rahul_bose,actors,no_face,3239.3,0,move
datasets/raw\actors\rahul_bose\72d2b9627d.jpg,rahul_bose,actors,no_face,766.4,0,move
datasets/raw\actors\rahul_bose\7e4f80bafb.jpg,rahul_bose,actors,no_face,43.3,0,move
datasets/raw\actors\rahul_bose\8cb712c1eb.jpg,rahul_bose,actors,no_face,10228.8,0,move
datasets/raw\actors\rajat_kapoor\0315f279eb.jpg,rajat_kapoor,actors,no_face,177.3,0,move
datasets/raw\actors\rajat_kapoor\08c448225c.jpg,rajat_kapoor,actors,no_face,237.5,0,move
datasets/raw\actors\rajat_kapoor\11df68ccfd.jpg,rajat_kapoor,actors,no_face,53.9,0,move
datasets/raw\actors\rajat_kapoor\2aaf84d349.jpg,rajat_kapoor,actors,no_face,185.9,0,move
datasets/raw\actors\rajat_kapoor\2edf7e34e6.jpg,rajat_kapoor,actors,no_face,576.0,0,move
datasets/raw\actors\rajat_kapoor\3b5e6aa6f8.jpg,rajat_kapoor,actors,no_face,92.7,0,move
datasets/raw\actors\rajat_kapoor\422a95ffe4.jpg,rajat_kapoor,actors,no_face,73.7,0,move
datasets/raw\actors\rajat_kapoor\4bed542262.jpg,rajat_kapoor,actors,no_face,272.1,0,move
datasets/raw\actors\rajat_kapoor\4ec681aafb.jpg,rajat_kapoor,actors,no_face,1008.1,0,move
datasets/raw\actors\rajat_kapoor\6ba01a44d6.jpg,rajat_kapoor,actors,no_face,1206.2,0,move
datasets/raw\actors\rajat_kapoor\75ddf4232b.jpg,rajat_kapoor,actors,no_face,83.9,0,move
datasets/raw\actors\rajat_kapoor\7e117ba1be.jpg,rajat_kapoor,actors,no_face,342.7,0,move
datasets/raw\actors\rajat_kapoor\8ac1ca5899.jpg,rajat_kapoor,actors,no_face,6982.8,0,move
datasets/raw\actors\rajat_kapoor\8d393f2d75.jpg,rajat_kapoor,actors,no_face,1303.0,0,move
datasets/raw\actors\rajesh_khanna\05a675447f.jpg,rajesh_khanna,actors,no_face,188.7,0,move
datasets/raw\actors\rajesh_khanna\160d5fc5e2.jpg,rajesh_khanna,actors,no_face,313.4,0,move
datasets/raw\actors\rajesh_khanna\3a7846d07d.jpg,rajesh_khanna,actors,no_face,768.3,0,move
datasets/raw\actors\rajesh_khanna\419513fadb.jpg,rajesh_khanna,actors,no_face,418.7,0,move
datasets/raw\actors\rajesh_khanna\4b18d29f44.jpg,rajesh_khanna,actors,no_face,1929.4,0,move
datasets/raw\actors\rajesh_khanna\4daa448282.jpg,rajesh_khanna,actors,no_face,168.7,0,move
datasets/raw\actors\rajesh_khanna\509c04d226.jpg,rajesh_khanna,actors,no_face,1688.2,0,move
datasets/raw\actors\rajesh_khanna\59bd1bc06a.jpg,rajesh_khanna,actors,no_face,2710.4,0,move
datasets/raw\actors\rajesh_khanna\5ba88bd6d0.jpg,rajesh_khanna,actors,no_face,4115.2,0,move
datasets/raw\actors\rajesh_khanna\62a033f199.jpg,rajesh_khanna,actors,no_face,1508.2,0,move
datasets/raw\actors\rajesh_khanna\772375e9d0.jpg,rajesh_khanna,actors,no_face,126.1,0,move
datasets/raw\actors\rajesh_khanna\80820b0c7d.jpg,rajesh_khanna,actors,no_face,824.0,0,move
datasets/raw\actors\rajesh_khanna\979fe741f5.jpg,rajesh_khanna,actors,no_face,396.5,0,move
datasets/raw\actors\rajesh_khanna\9e948fabf2.jpg,rajesh_khanna,actors,no_face,893.4,0,move
datasets/raw\actors\rajesh_khanna\aa0d50b95e.jpg,rajesh_khanna,actors,no_face,1322.2,0,move
datasets/raw\actors\rajesh_khanna\bd0216b096.jpg,rajesh_khanna,actors,no_face,78.4,0,move
datasets/raw\actors\rajesh_khanna\c10bba8f4a.jpg,rajesh_khanna,actors,no_face,356.0,0,move
datasets/raw\actors\rajinikanth\0a236bd2f1.jpg,rajinikanth,actors,no_face,828.7,0,move
datasets/raw\actors\rajinikanth\0c7c0958d3.jpg,rajinikanth,actors,no_face,107.7,0,move
datasets/raw\actors\rajinikanth\0df9282d2d.jpg,rajinikanth,actors,no_face,148.1,0,move
datasets/raw\actors\rajinikanth\0ff7487ff4.jpg,rajinikanth,actors,no_face,1409.1,0,move
datasets/raw\actors\rajinikanth\14b4a9c3f2.jpg,rajinikanth,actors,no_face,451.0,0,move
datasets/raw\actors\rajinikanth\1ab7ce64f3.jpg,rajinikanth,actors,no_face,1821.6,0,move
datasets/raw\actors\rajinikanth\2a81d74733.jpg,rajinikanth,actors,no_face,797.4,0,move
datasets/raw\actors\rajinikanth\3d8cffc384.jpg,rajinikanth,actors,no_face,63.4,0,move
datasets/raw\actors\rajinikanth\5b75ef3e16.jpg,rajinikanth,actors,no_face,344.1,0,move
datasets/raw\actors\rajinikanth\5ef969bfec.jpg,rajinikanth,actors,no_face,520.6,0,move
datasets/raw\actors\rajinikanth\63d984f772.jpg,rajinikanth,actors,no_face,1789.9,0,move
datasets/raw\actors\rajinikanth\6dadcbcbb0.jpg,rajinikanth,actors,no_face,84.6,0,move
datasets/raw\actors\rajinikanth\70f2d5fc01.jpg,rajinikanth,actors,no_face,662.5,0,move
datasets/raw\actors\rajinikanth\7b365094a0.jpg,rajinikanth,actors,no_face,351.0,0,move
datasets/raw\actors\rajinikanth\7f95e12618.jpg,rajinikanth,actors,no_face,57.8,0,move
datasets/raw\actors\rajinikanth\8a4d2d1b4b.jpg,rajinikanth,actors,no_face,67.3,0,move
datasets/raw\actors\rajinikanth\8ca1695478.jpg,rajinikanth,actors,no_face,288.3,0,move
datasets/raw\actors\rajinikanth\8deeab857a.jpg,rajinikanth,actors,no_face,111.4,0,move
datasets/raw\actors\rajinikanth\9a799deb50.jpg,rajinikanth,actors,no_face,361.7,0,move
datasets/raw\actors\rajinikanth\9d60e03ca9.jpg,rajinikanth,actors,no_face,1335.7,0,move
datasets/raw\actors\rajit_kapoor\00a39e6645.jpg,rajit_kapoor,actors,no_face,233.9,0,move
datasets/raw\actors\rajit_kapoor\025fbe897d.jpg,rajit_kapoor,actors,no_face,52.5,0,move
datasets/raw\actors\rajit_kapoor\1fafcd5141.jpg,rajit_kapoor,actors,no_face,1150.7,0,move
datasets/raw\actors\rajit_kapoor\242cf313cc.jpg,rajit_kapoor,actors,no_face,177.6,0,move
datasets/raw\actors\rajit_kapoor\313e910c1b.jpg,rajit_kapoor,actors,no_face,308.0,0,move
datasets/raw\actors\rajit_kapoor\337979b0f0.jpg,rajit_kapoor,actors,no_face,446.6,0,move
datasets/raw\actors\rajit_kapoor\3998e5a7ed.jpg,rajit_kapoor,actors,no_face,316.1,0,move
datasets/raw\actors\rajit_kapoor\41ae23395e.jpg,rajit_kapoor,actors,no_face,1192.5,0,move
datasets/raw\actors\rajit_kapoor\53dead5c8b.jpg,rajit_kapoor,actors,no_face,1366.7,0,move
datasets/raw\actors\rajit_kapoor\5a0f43bb63.jpg,rajit_kapoor,actors,no_face,2620.0,0,move
datasets/raw\actors\rajit_kapoor\5dffb603ab.jpg,rajit_kapoor,actors,no_face,314.5,0,move
datasets/raw\actors\rajit_kapoor\63c31686ba.jpg,rajit_kapoor,actors,no_face,253.4,0,move
datasets/raw\actors\rajit_kapoor\6af61de0c2.jpg,rajit_kapoor,actors,no_face,79.1,0,move
datasets/raw\actors\rajit_kapoor\7ecaf15df6.jpg,rajit_kapoor,actors,no_face,670.0,0,move
datasets/raw\actors\rajit_kapoor\83d5684526.jpg,rajit_kapoor,actors,no_face,221.4,0,move
datasets/raw\actors\rajit_kapoor\87e9949a24.jpg,rajit_kapoor,actors,no_face,1195.5,0,move
datasets/raw\actors\rajit_kapoor\a1d3c74644.jpg,rajit_kapoor,actors,no_face,295.9,0,move
datasets/raw\actors\rajkummar_rao\02c19900df.jpg,rajkummar_rao,actors,no_face,768.7,0,move
datasets/raw\actors\rajkummar_rao\0bfe5cc46b.jpg,rajkummar_rao,actors,no_face,534.8,0,move
datasets/raw\actors\rajkummar_rao\1f70bdfe02.jpg,rajkummar_rao,actors,no_face,156.6,0,move
datasets/raw\actors\rajkummar_rao\2040d507b2.jpg,rajkummar_rao,actors,no_face,1359.3,0,move
datasets/raw\actors\rajkummar_rao\22a761bbb8.jpg,rajkummar_rao,actors,no_face,741.8,0,move
datasets/raw\actors\rajkummar_rao\24fafbd777.jpg,rajkummar_rao,actors,no_face,150.8,0,move
datasets/raw\actors\rajkummar_rao\2c2bd0bcb9.jpg,rajkummar_rao,actors,no_face,1175.7,0,move
datasets/raw\actors\rajkummar_rao\31a1b87306.jpg,rajkummar_rao,actors,no_face,216.5,0,move
datasets/raw\actors\rajkummar_rao\3c4aa1913f.jpg,rajkummar_rao,actors,no_face,203.1,0,move
datasets/raw\actors\rajkummar_rao\409c50a6c2.jpg,rajkummar_rao,actors,no_face,3900.5,0,move
datasets/raw\actors\rajkummar_rao\4589fee12f.jpg,rajkummar_rao,actors,no_face,176.8,0,move
datasets/raw\actors\rajkummar_rao\4e386cfefd.jpg,rajkummar_rao,actors,no_face,2514.5,0,move
datasets/raw\actors\rajkummar_rao\5d58400b87.jpg,rajkummar_rao,actors,no_face,313.2,0,move
datasets/raw\actors\rajkummar_rao\6d1f5be247.jpg,rajkummar_rao,actors,no_face,330.8,0,move
datasets/raw\actors\rajkummar_rao\7abcabae0a.jpg,rajkummar_rao,actors,no_face,873.4,0,move
datasets/raw\actors\rajkummar_rao\7bea07c8a5.jpg,rajkummar_rao,actors,no_face,809.1,0,move
datasets/raw\actors\rajkummar_rao\7da2243c41.jpg,rajkummar_rao,actors,no_face,92.4,0,move
datasets/raw\actors\rajkummar_rao\8f3fa0b643.jpg,rajkummar_rao,actors,no_face,4184.9,0,move
datasets/raw\actors\rajpal_yadav\8698224001.jpg,rajpal_yadav,actors,no_face,205.9,0,move
datasets/raw\actors\rajpal_yadav\a603668b7b.jpg,rajpal_yadav,actors,no_face,1614.6,0,move
datasets/raw\actors\rajpal_yadav\ab704f677b.jpg,rajpal_yadav,actors,no_face,644.9,0,move
datasets/raw\actors\rajpal_yadav\b0dfba4b00.jpg,rajpal_yadav,actors,no_face,269.8,0,move
datasets/raw\actors\rajpal_yadav\b4ee87807d.jpg,rajpal_yadav,actors,no_face,398.9,0,move
datasets/raw\actors\rajpal_yadav\c2d951885d.jpg,rajpal_yadav,actors,no_face,404.4,0,move
datasets/raw\actors\rajpal_yadav\c850b1b2fa.jpg,rajpal_yadav,actors,no_face,312.4,0,move
datasets/raw\actors\rajpal_yadav\ca9a7fa98b.jpg,rajpal_yadav,actors,no_face,181.3,0,move
datasets/raw\actors\rajpal_yadav\d19ae62ebc.jpg,rajpal_yadav,actors,no_face,350.3,0,move
datasets/raw\actors\rajpal_yadav\e05218f48f.jpg,rajpal_yadav,actors,no_face,212.3,0,move
datasets/raw\actors\rajpal_yadav\e5b340d695.jpg,rajpal_yadav,actors,no_face,491.3,0,move
datasets/raw\actors\rajpal_yadav\e97426c3e6.jpg,rajpal_yadav,actors,no_face,43.8,0,move
datasets/raw\actors\rajpal_yadav\eece846250.jpg,rajpal_yadav,actors,no_face,486.5,0,move
datasets/raw\actors\rajpal_yadav\ef658c7902.jpg,rajpal_yadav,actors,no_face,720.5,0,move
datasets/raw\actors\rajpal_yadav\f2afab1b74.jpg,rajpal_yadav,actors,no_face,101.9,0,move
datasets/raw\actors\rajpal_yadav\f7a70979b8.jpg,rajpal_yadav,actors,no_face,1301.9,0,move
datasets/raw\actors\rajpal_yadav\fcc33f4b1a.jpg,rajpal_yadav,actors,no_face,72.6,0,move
datasets/raw\actors\rajpal_yadav\ff2c5496fe.jpg,rajpal_yadav,actors,no_face,459.3,0,move
datasets/raw\actors\raj_babbar\2908324722.jpg,raj_babbar,actors,no_face,600.8,0,move
datasets/raw\actors\raj_babbar\36748a42cb.jpg,raj_babbar,actors,no_face,1492.6,0,move
datasets/raw\actors\raj_babbar\425fd1f6e8.jpg,raj_babbar,actors,no_face,2226.9,0,move
datasets/raw\actors\raj_babbar\447fc1f287.jpg,raj_babbar,actors,no_face,2709.9,0,move
datasets/raw\actors\raj_babbar\61f7ea45c4.jpg,raj_babbar,actors,no_face,624.5,0,move
datasets/raw\actors\raj_babbar\69400074ba.jpg,raj_babbar,actors,no_face,289.1,0,move
datasets/raw\actors\raj_babbar\826b09f7cb.jpg,raj_babbar,actors,no_face,377.1,0,move
datasets/raw\actors\raj_babbar\9345249296.jpg,raj_babbar,actors,no_face,219.3,0,move
datasets/raw\actors\raj_babbar\a8f2d08570.jpg,raj_babbar,actors,no_face,246.3,0,move
datasets/raw\actors\raj_babbar\d52da06738.jpg,raj_babbar,actors,no_face,668.1,0,move
datasets/raw\actors\raj_babbar\e145dcc813.jpg,raj_babbar,actors,no_face,1256.8,0,move
datasets/raw\actors\raj_babbar\ef748a36bb.jpg,raj_babbar,actors,no_face,963.0,0,move
datasets/raw\actors\raj_babbar\f3364f3ade.jpg,raj_babbar,actors,no_face,654.8,0,move
datasets/raw\actors\raj_kapoor\003d4bcca2.jpg,raj_kapoor,actors,no_face,1415.2,0,move
datasets/raw\actors\raj_kapoor\0e6989e6ae.jpg,raj_kapoor,actors,no_face,1057.6,0,move
datasets/raw\actors\raj_kapoor\1abb01c2f8.jpg,raj_kapoor,actors,no_face,722.6,0,move
datasets/raw\actors\raj_kapoor\2746ee470d.jpg,raj_kapoor,actors,no_face,3760.6,0,move
datasets/raw\actors\raj_kapoor\2efb7e7d25.jpg,raj_kapoor,actors,no_face,107.4,0,move
datasets/raw\actors\raj_kapoor\3a8088bf6f.jpg,raj_kapoor,actors,no_face,1122.0,0,move
datasets/raw\actors\raj_kapoor\4c95792f65.jpg,raj_kapoor,actors,no_face,775.3,0,move
datasets/raw\actors\raj_kapoor\4d3abb70aa.jpg,raj_kapoor,actors,no_face,59.9,0,move
datasets/raw\actors\raj_kapoor\65de861f13.jpg,raj_kapoor,actors,no_face,4609.4,0,move
datasets/raw\actors\raj_kapoor\7eb2ad7dc7.jpg,raj_kapoor,actors,no_face,1002.3,0,move
datasets/raw\actors\raj_kapoor\89937936c4.jpg,raj_kapoor,actors,no_face,4009.0,0,move
datasets/raw\actors\raj_kapoor\9387a71e3c.jpg,raj_kapoor,actors,no_face,1288.9,0,move
datasets/raw\actors\raj_kapoor\c1eaf00fd1.jpg,raj_kapoor,actors,no_face,763.0,0,move
datasets/raw\actors\raj_kapoor\cb22079e28.jpg,raj_kapoor,actors,no_face,212.9,0,move
datasets/raw\actors\raj_kapoor\d001dea35c.jpg,raj_kapoor,actors,no_face,113.2,0,move
datasets/raw\actors\raj_kapoor\d6371fc24a.jpg,raj_kapoor,actors,no_face,203.2,0,move
datasets/raw\actors\rakhee_gulzar\0a4586bb3a.jpg,rakhee_gulzar,actors,no_face,280.6,0,move
datasets/raw\actors\rakhee_gulzar\17ea8e34b2.jpg,rakhee_gulzar,actors,no_face,2119.0,0,move
datasets/raw\actors\rakhee_gulzar\25368d86b4.jpg,rakhee_gulzar,actors,no_face,1072.3,0,move
datasets/raw\actors\rakhee_gulzar\2ae71d58a1.jpg,rakhee_gulzar,actors,no_face,2045.4,0,move
datasets/raw\actors\rakhee_gulzar\3256ddbbae.jpg,rakhee_gulzar,actors,no_face,603.9,0,move
datasets/raw\actors\rakhee_gulzar\45028f01f3.jpg,rakhee_gulzar,actors,no_face,1140.9,0,move
datasets/raw\actors\rakhee_gulzar\61eb3c92e4.jpg,rakhee_gulzar,actors,no_face,1231.7,0,move
datasets/raw\actors\rakhee_gulzar\6b016489a7.jpg,rakhee_gulzar,actors,no_face,123.7,0,move
datasets/raw\actors\rakhee_gulzar\719c77fd18.jpg,rakhee_gulzar,actors,no_face,1056.5,0,move
datasets/raw\actors\rakhee_gulzar\7c1ec13a9a.jpg,rakhee_gulzar,actors,no_face,128.0,0,move
datasets/raw\actors\rakhee_gulzar\7f7a13597b.jpg,rakhee_gulzar,actors,no_face,985.9,0,move
datasets/raw\actors\rakhee_gulzar\856b1877da.jpg,rakhee_gulzar,actors,no_face,1088.7,0,move
datasets/raw\actors\rakhee_gulzar\8b9d3c1f43.jpg,rakhee_gulzar,actors,no_face,121.9,0,move
datasets/raw\actors\rakhee_gulzar\8dea1ca2fd.jpg,rakhee_gulzar,actors,no_face,679.0,0,move
datasets/raw\actors\rakhee_gulzar\9917efdde5.jpg,rakhee_gulzar,actors,no_face,460.9,0,move
datasets/raw\actors\ramya_krishnan\002a973edb.jpg,ramya_krishnan,actors,no_face,706.0,0,move
datasets/raw\actors\ramya_krishnan\0f965331a8.jpg,ramya_krishnan,actors,no_face,4533.9,0,move
datasets/raw\actors\ramya_krishnan\1b0a62f464.jpg,ramya_krishnan,actors,no_face,1500.3,0,move
datasets/raw\actors\ramya_krishnan\1d25208e5f.jpg,ramya_krishnan,actors,no_face,2045.7,0,move
datasets/raw\actors\ramya_krishnan\2c8263168e.jpg,ramya_krishnan,actors,no_face,872.3,0,move
datasets/raw\actors\ramya_krishnan\2d074ea114.jpg,ramya_krishnan,actors,no_face,69.5,0,move
datasets/raw\actors\ramya_krishnan\3d11392c3c.jpg,ramya_krishnan,actors,no_face,371.7,0,move
datasets/raw\actors\ramya_krishnan\4e1c566e23.jpg,ramya_krishnan,actors,no_face,1498.9,0,move
datasets/raw\actors\ramya_krishnan\4fe3f05b39.jpg,ramya_krishnan,actors,no_face,372.3,0,move
datasets/raw\actors\ramya_krishnan\59c22e1f69.jpg,ramya_krishnan,actors,no_face,4747.0,0,move
datasets/raw\actors\ramya_krishnan\62db50c25b.jpg,ramya_krishnan,actors,no_face,168.8,0,move
datasets/raw\actors\ramya_krishnan\6ac4b566ed.jpg,ramya_krishnan,actors,no_face,843.7,0,move
datasets/raw\actors\ramya_krishnan\6ecd4b23da.jpg,ramya_krishnan,actors,no_face,142.6,0,move
datasets/raw\actors\ramya_krishnan\7aa8ad2abe.jpg,ramya_krishnan,actors,no_face,1513.0,0,move
datasets/raw\actors\ramya_krishnan\82b1deefea.jpg,ramya_krishnan,actors,no_face,825.7,0,move
datasets/raw\actors\ramya_krishnan\8d1f263beb.jpg,ramya_krishnan,actors,no_face,986.6,0,move
datasets/raw\actors\ramya_krishnan\90ccb6a9dd.jpg,ramya_krishnan,actors,no_face,5087.9,0,move
datasets/raw\actors\ranbir_kapoor\0373c76098.jpg,ranbir_kapoor,actors,no_face,134.1,0,move
datasets/raw\actors\ranbir_kapoor\0db25bd8c7.jpg,ranbir_kapoor,actors,no_face,475.5,0,move
datasets/raw\actors\ranbir_kapoor\1140d1c7b4.jpg,ranbir_kapoor,actors,no_face,265.6,0,move
datasets/raw\actors\ranbir_kapoor\1b50de6a37.jpg,ranbir_kapoor,actors,no_face,1134.8,0,move
datasets/raw\actors\ranbir_kapoor\29b9d08e70.jpg,ranbir_kapoor,actors,no_face,575.6,0,move
datasets/raw\actors\ranbir_kapoor\3ee1d27490.jpg,ranbir_kapoor,actors,no_face,428.7,0,move
datasets/raw\actors\ranbir_kapoor\44fae73695.jpg,ranbir_kapoor,actors,no_face,402.6,0,move
datasets/raw\actors\ranbir_kapoor\57ad182121.jpg,ranbir_kapoor,actors,no_face,100.1,0,move
datasets/raw\actors\ranbir_kapoor\591dcbc7d8.jpg,ranbir_kapoor,actors,no_face,1594.1,0,move
datasets/raw\actors\ranbir_kapoor\7848e6db76.jpg,ranbir_kapoor,actors,no_face,361.3,0,move
datasets/raw\actors\ranbir_kapoor\7c3bdf8a52.jpg,ranbir_kapoor,actors,no_face,212.3,0,move
datasets/raw\actors\ranbir_kapoor\7db9f67bfe.jpg,ranbir_kapoor,actors,no_face,297.0,0,move
datasets/raw\actors\ranbir_kapoor\84296c5b12.jpg,ranbir_kapoor,actors,no_face,2119.2,0,move
datasets/raw\actors\ranbir_kapoor\8a50aea18e.jpg,ranbir_kapoor,actors,no_face,1073.3,0,move
datasets/raw\actors\ranbir_kapoor\968eaccadd.jpg,ranbir_kapoor,actors,no_face,1711.0,0,move
datasets/raw\actors\ranbir_kapoor\aa002c230e.jpg,ranbir_kapoor,actors,no_face,265.9,0,move
datasets/raw\actors\ranbir_kapoor\b855d1df29.jpg,ranbir_kapoor,actors,no_face,222.2,0,move
datasets/raw\actors\randeep_hooda\0bb70f48d4.jpg,randeep_hooda,actors,no_face,575.6,0,move
datasets/raw\actors\randeep_hooda\0f8976b6ae.jpg,randeep_hooda,actors,no_face,897.1,0,move
datasets/raw\actors\randeep_hooda\14eb3cc5d3.jpg,randeep_hooda,actors,no_face,516.7,0,move
datasets/raw\actors\randeep_hooda\16cfdce88d.jpg,randeep_hooda,actors,no_face,8244.6,0,move
datasets/raw\actors\randeep_hooda\1b53948c5e.jpg,randeep_hooda,actors,no_face,1809.8,0,move
datasets/raw\actors\randeep_hooda\1c9275eb1e.jpg,randeep_hooda,actors,no_face,604.2,0,move
datasets/raw\actors\randeep_hooda\1dc134e2d4.jpg,randeep_hooda,actors,no_face,536.9,0,move
datasets/raw\actors\randeep_hooda\1e38f208b4.jpg,randeep_hooda,actors,no_face,59.6,0,move
datasets/raw\actors\randeep_hooda\2ca2b0cfcf.jpg,randeep_hooda,actors,no_face,1230.8,0,move
datasets/raw\actors\randeep_hooda\3b5d439aec.jpg,randeep_hooda,actors,no_face,69.2,0,move
datasets/raw\actors\randeep_hooda\3d4e442f83.jpg,randeep_hooda,actors,no_face,1187.9,0,move
datasets/raw\actors\randeep_hooda\47c5b1d2ae.jpg,randeep_hooda,actors,no_face,523.4,0,move
datasets/raw\actors\randeep_hooda\4de19a47a0.jpg,randeep_hooda,actors,no_face,728.5,0,move
datasets/raw\actors\randeep_hooda\5f6d44992f.jpg,randeep_hooda,actors,no_face,443.8,0,move
datasets/raw\actors\randeep_hooda\74a0d2f31c.jpg,randeep_hooda,actors,no_face,103.8,0,move
datasets/raw\actors\randeep_hooda\7af4564b63.jpg,randeep_hooda,actors,no_face,42.6,0,move
datasets/raw\actors\randeep_hooda\8ed469ca63.jpg,randeep_hooda,actors,no_face,270.3,0,move
datasets/raw\actors\randeep_hooda\9ee7abdede.jpg,randeep_hooda,actors,no_face,94.8,0,move
datasets/raw\actors\ranveer_singh\0189bb62af.jpg,ranveer_singh,actors,no_face,70.6,0,move
datasets/raw\actors\ranveer_singh\09ce8e984a.jpg,ranveer_singh,actors,no_face,910.1,0,move
datasets/raw\actors\ranveer_singh\167eddb5f7.jpg,ranveer_singh,actors,no_face,886.1,0,move
datasets/raw\actors\ranveer_singh\1ce287c696.jpg,ranveer_singh,actors,no_face,407.1,0,move
datasets/raw\actors\ranveer_singh\1dedd4dc39.jpg,ranveer_singh,actors,no_face,1061.0,0,move
datasets/raw\actors\ranveer_singh\2cb9ea72b2.jpg,ranveer_singh,actors,no_face,2066.2,0,move
datasets/raw\actors\ranveer_singh\3657131ba6.jpg,ranveer_singh,actors,no_face,2051.5,0,move
datasets/raw\actors\ranveer_singh\417df13bad.jpg,ranveer_singh,actors,no_face,1105.3,0,move
datasets/raw\actors\ranveer_singh\4b7f2e5793.jpg,ranveer_singh,actors,no_face,589.3,0,move
datasets/raw\actors\ranveer_singh\553540629c.jpg,ranveer_singh,actors,no_face,3169.4,0,move
datasets/raw\actors\ranveer_singh\6f44462778.jpg,ranveer_singh,actors,no_face,180.3,0,move
datasets/raw\actors\ranveer_singh\771d930ac1.jpg,ranveer_singh,actors,no_face,142.6,0,move
datasets/raw\actors\ranveer_singh\7bee42d9c4.jpg,ranveer_singh,actors,no_face,995.9,0,move
datasets/raw\actors\ranveer_singh\7d8b25c1f7.jpg,ranveer_singh,actors,no_face,279.1,0,move
datasets/raw\actors\ranveer_singh\8eccbaa08c.jpg,ranveer_singh,actors,no_face,91.7,0,move
datasets/raw\actors\ranveer_singh\9f5d322c6d.jpg,ranveer_singh,actors,no_face,231.1,0,move
datasets/raw\actors\ranveer_singh\a5ea093dad.jpg,ranveer_singh,actors,no_face,753.2,0,move
datasets/raw\actors\ranvir_shorey\09eaf658f9.jpg,ranvir_shorey,actors,no_face,1094.9,0,move
datasets/raw\actors\ranvir_shorey\0b8103c6c3.jpg,ranvir_shorey,actors,no_face,1986.9,0,move
datasets/raw\actors\ranvir_shorey\11bddb325d.jpg,ranvir_shorey,actors,no_face,263.8,0,move
datasets/raw\actors\ranvir_shorey\145b6557e5.jpg,ranvir_shorey,actors,no_face,234.6,0,move
datasets/raw\actors\ranvir_shorey\22fd5091f2.jpg,ranvir_shorey,actors,no_face,105.7,0,move
datasets/raw\actors\ranvir_shorey\3d07460194.jpg,ranvir_shorey,actors,no_face,3370.2,0,move
datasets/raw\actors\ranvir_shorey\3e86d3ff64.jpg,ranvir_shorey,actors,no_face,1209.9,0,move
datasets/raw\actors\ranvir_shorey\4808cb0196.jpg,ranvir_shorey,actors,no_face,18435.2,0,move
datasets/raw\actors\ranvir_shorey\57a5a60dd1.jpg,ranvir_shorey,actors,no_face,1001.2,0,move
datasets/raw\actors\ranvir_shorey\5d415b9e2a.jpg,ranvir_shorey,actors,no_face,155.7,0,move
datasets/raw\actors\ranvir_shorey\637d16f86e.jpg,ranvir_shorey,actors,no_face,1570.5,0,move
datasets/raw\actors\ranvir_shorey\70c07ecd2d.jpg,ranvir_shorey,actors,no_face,968.4,0,move
datasets/raw\actors\ranvir_shorey\74be0a0912.jpg,ranvir_shorey,actors,no_face,345.6,0,move
datasets/raw\actors\ranvir_shorey\79c2401248.jpg,ranvir_shorey,actors,no_face,776.3,0,move
datasets/raw\actors\ranvir_shorey\7e5d7490a5.jpg,ranvir_shorey,actors,no_face,853.8,0,move
datasets/raw\actors\ranvir_shorey\962a29fee9.jpg,ranvir_shorey,actors,no_face,4057.3,0,move
datasets/raw\actors\ratna_pathak_shah\039c265345.jpg,ratna_pathak_shah,actors,no_face,635.0,0,move
datasets/raw\actors\ratna_pathak_shah\03f9f42bde.jpg,ratna_pathak_shah,actors,no_face,3234.9,0,move
datasets/raw\actors\ratna_pathak_shah\05cdc39dc9.jpg,ratna_pathak_shah,actors,no_face,560.8,0,move
datasets/raw\actors\ratna_pathak_shah\0af912cae5.jpg,ratna_pathak_shah,actors,no_face,205.8,0,move
datasets/raw\actors\ratna_pathak_shah\0f5fd10652.jpg,ratna_pathak_shah,actors,no_face,1161.5,0,move
datasets/raw\actors\ratna_pathak_shah\1ae8b60a1f.jpg,ratna_pathak_shah,actors,no_face,1388.2,0,move
datasets/raw\actors\ratna_pathak_shah\2f0f9b7ea7.jpg,ratna_pathak_shah,actors,no_face,2020.6,0,move
datasets/raw\actors\ratna_pathak_shah\378fff85b9.jpg,ratna_pathak_shah,actors,no_face,2216.4,0,move
datasets/raw\actors\ratna_pathak_shah\50e7186d9f.jpg,ratna_pathak_shah,actors,no_face,278.5,0,move
datasets/raw\actors\ratna_pathak_shah\564d7e2298.jpg,ratna_pathak_shah,actors,no_face,226.4,0,move
datasets/raw\actors\ratna_pathak_shah\63419c8fad.jpg,ratna_pathak_shah,actors,no_face,2353.2,0,move
datasets/raw\actors\ratna_pathak_shah\72d40ff4fd.jpg,ratna_pathak_shah,actors,no_face,549.9,0,move
datasets/raw\actors\ratna_pathak_shah\7b83c8af2c.jpg,ratna_pathak_shah,actors,no_face,1569.8,0,move
datasets/raw\actors\ratna_pathak_shah\879cf4a730.jpg,ratna_pathak_shah,actors,no_face,750.5,0,move
datasets/raw\actors\ratna_pathak_shah\9316d5b324.jpg,ratna_pathak_shah,actors,no_face,15879.5,0,move
datasets/raw\actors\richa_chadha\06efcef7b6.jpg,richa_chadha,actors,no_face,51.5,0,move
datasets/raw\actors\richa_chadha\1158e87a62.jpg,richa_chadha,actors,no_face,533.7,0,move
datasets/raw\actors\richa_chadha\14a8f524d2.jpg,richa_chadha,actors,no_face,568.2,0,move
datasets/raw\actors\richa_chadha\199dad4c71.jpg,richa_chadha,actors,no_face,465.8,0,move
datasets/raw\actors\richa_chadha\1de07b9762.jpg,richa_chadha,actors,no_face,969.4,0,move
datasets/raw\actors\richa_chadha\354f72deb0.jpg,richa_chadha,actors,no_face,164.2,0,move
datasets/raw\actors\richa_chadha\489c385bd2.jpg,richa_chadha,actors,no_face,249.6,0,move
datasets/raw\actors\richa_chadha\4dced58d78.jpg,richa_chadha,actors,no_face,253.6,0,move
datasets/raw\actors\richa_chadha\5b2276d130.jpg,richa_chadha,actors,no_face,2835.2,0,move
datasets/raw\actors\richa_chadha\5e43af7467.jpg,richa_chadha,actors,no_face,428.4,0,move
datasets/raw\actors\richa_chadha\5fb46b90bb.jpg,richa_chadha,actors,no_face,1652.6,0,move
datasets/raw\actors\richa_chadha\6b54d3d00c.jpg,richa_chadha,actors,no_face,974.3,0,move
datasets/raw\actors\richa_chadha\73082b2aed.jpg,richa_chadha,actors,no_face,1319.1,0,move
datasets/raw\actors\richa_chadha\73a1293807.jpg,richa_chadha,actors,no_face,918.8,0,move
datasets/raw\actors\richa_chadha\746d1b11a7.jpg,richa_chadha,actors,no_face,2128.0,0,move
datasets/raw\actors\richa_chadha\7fe7a491aa.jpg,richa_chadha,actors,no_face,104.5,0,move
datasets/raw\actors\richa_chadha\9319cf9dc2.jpg,richa_chadha,actors,no_face,574.2,0,move
datasets/raw\actors\rishi_kapoor\05689f16ce.jpg,rishi_kapoor,actors,no_face,195.9,0,move
datasets/raw\actors\rishi_kapoor\1274d536f3.jpg,rishi_kapoor,actors,no_face,1176.9,0,move
datasets/raw\actors\rishi_kapoor\1927227705.jpg,rishi_kapoor,actors,no_face,1321.6,0,move
datasets/raw\actors\rishi_kapoor\23e0f84c51.jpg,rishi_kapoor,actors,no_face,159.8,0,move
datasets/raw\actors\rishi_kapoor\282447ecfc.jpg,rishi_kapoor,actors,no_face,160.2,0,move
datasets/raw\actors\rishi_kapoor\36c7d15e51.jpg,rishi_kapoor,actors,no_face,164.3,0,move
datasets/raw\actors\rishi_kapoor\4016fdf732.jpg,rishi_kapoor,actors,no_face,89.1,0,move
datasets/raw\actors\rishi_kapoor\4f1bfc3ce8.jpg,rishi_kapoor,actors,no_face,3280.0,0,move
datasets/raw\actors\rishi_kapoor\57e148efb1.jpg,rishi_kapoor,actors,no_face,9835.0,0,move
datasets/raw\actors\rishi_kapoor\7602585a22.jpg,rishi_kapoor,actors,no_face,587.1,0,move
datasets/raw\actors\rishi_kapoor\8416634b40.jpg,rishi_kapoor,actors,no_face,406.0,0,move
datasets/raw\actors\rishi_kapoor\85d13bfb19.jpg,rishi_kapoor,actors,no_face,2006.0,0,move
datasets/raw\actors\rishi_kapoor\9f8f8aa90e.jpg,rishi_kapoor,actors,no_face,340.6,0,move
datasets/raw\actors\riteish_deshmukh\05fcf87c75.jpg,riteish_deshmukh,actors,no_face,419.6,0,move
datasets/raw\actors\riteish_deshmukh\12d146c1d2.jpg,riteish_deshmukh,actors,no_face,141.3,0,move
datasets/raw\actors\riteish_deshmukh\1b31be2550.jpg,riteish_deshmukh,actors,no_face,85.1,0,move
datasets/raw\actors\riteish_deshmukh\3799ab27e6.jpg,riteish_deshmukh,actors,no_face,1486.4,0,move
datasets/raw\actors\riteish_deshmukh\3ba1b1f26d.jpg,riteish_deshmukh,actors,no_face,1072.1,0,move
datasets/raw\actors\riteish_deshmukh\3f2c11951a.jpg,riteish_deshmukh,actors,no_face,750.5,0,move
datasets/raw\actors\riteish_deshmukh\42c5f67244.jpg,riteish_deshmukh,actors,no_face,565.0,0,move
datasets/raw\actors\riteish_deshmukh\539b19b09d.jpg,riteish_deshmukh,actors,no_face,5222.8,0,move
datasets/raw\actors\riteish_deshmukh\6a12770985.jpg,riteish_deshmukh,actors,no_face,831.1,0,move
datasets/raw\actors\riteish_deshmukh\70a3afa310.jpg,riteish_deshmukh,actors,no_face,303.1,0,move
datasets/raw\actors\riteish_deshmukh\7ba953dfeb.jpg,riteish_deshmukh,actors,no_face,160.7,0,move
datasets/raw\actors\riteish_deshmukh\83c6eaf2dc.jpg,riteish_deshmukh,actors,no_face,549.5,0,move
datasets/raw\actors\riteish_deshmukh\96175f8c9a.jpg,riteish_deshmukh,actors,no_face,5461.5,0,move
datasets/raw\actors\riteish_deshmukh\9a6d4e1f6c.jpg,riteish_deshmukh,actors,no_face,855.2,0,move
datasets/raw\actors\riteish_deshmukh\a1e254e809.jpg,riteish_deshmukh,actors,no_face,86.2,0,move
datasets/raw\actors\riteish_deshmukh\b2b375cc49.jpg,riteish_deshmukh,actors,no_face,1166.7,0,move
datasets/raw\actors\riteish_deshmukh\c9b5676f64.jpg,riteish_deshmukh,actors,no_face,56.7,0,move
datasets/raw\actors\sachin_khedekar\58307a9889.jpg,sachin_khedekar,actors,no_face,177.5,0,move
datasets/raw\actors\sachin_khedekar\7273b2c839.jpg,sachin_khedekar,actors,no_face,281.8,0,move
datasets/raw\actors\sachin_khedekar\a178fe328e.jpg,sachin_khedekar,actors,no_face,425.9,0,move
datasets/raw\actors\sachin_khedekar\a973f57b94.jpg,sachin_khedekar,actors,no_face,1865.7,0,move
datasets/raw\actors\sachin_khedekar\afb0730621.jpg,sachin_khedekar,actors,no_face,392.8,0,move
datasets/raw\actors\sachin_khedekar\b22f78d166.jpg,sachin_khedekar,actors,no_face,259.4,0,move
datasets/raw\actors\sachin_khedekar\b3df192f98.jpg,sachin_khedekar,actors,no_face,3285.5,0,move
datasets/raw\actors\sachin_khedekar\b7e4e0b98a.jpg,sachin_khedekar,actors,no_face,547.8,0,move
datasets/raw\actors\sachin_khedekar\c377c798d8.jpg,sachin_khedekar,actors,no_face,351.2,0,move
datasets/raw\actors\sachin_khedekar\c3a361c4fe.jpg,sachin_khedekar,actors,no_face,456.7,0,move
datasets/raw\actors\sachin_khedekar\d10949c647.jpg,sachin_khedekar,actors,no_face,1388.8,0,move
datasets/raw\actors\sachin_khedekar\db3d4d2bc2.jpg,sachin_khedekar,actors,no_face,233.6,0,move
datasets/raw\actors\sachin_khedekar\ed97baef53.jpg,sachin_khedekar,actors,no_face,525.0,0,move
datasets/raw\actors\sachin_khedekar\fde3ba72ce.jpg,sachin_khedekar,actors,no_face,436.0,0,move
datasets/raw\actors\saeed_jaffrey\35728e2e7e.jpg,saeed_jaffrey,actors,no_face,88.5,0,move
datasets/raw\actors\saeed_jaffrey\3955b06476.jpg,saeed_jaffrey,actors,no_face,395.1,0,move
datasets/raw\actors\saeed_jaffrey\657ee38e83.jpg,saeed_jaffrey,actors,no_face,967.5,0,move
datasets/raw\actors\saeed_jaffrey\787df5e729.jpg,saeed_jaffrey,actors,no_face,1124.4,0,move
datasets/raw\actors\saeed_jaffrey\974fe2e6df.jpg,saeed_jaffrey,actors,no_face,1080.7,0,move
datasets/raw\actors\saeed_jaffrey\a81d153389.jpg,saeed_jaffrey,actors,no_face,420.5,0,move
datasets/raw\actors\saeed_jaffrey\ab242a1672.jpg,saeed_jaffrey,actors,no_face,1607.9,0,move
datasets/raw\actors\saeed_jaffrey\c89ced6e5b.jpg,saeed_jaffrey,actors,no_face,249.8,0,move
datasets/raw\actors\saeed_jaffrey\ca9dbcea70.jpg,saeed_jaffrey,actors,no_face,177.2,0,move
datasets/raw\actors\saeed_jaffrey\d8874ab59f.jpg,saeed_jaffrey,actors,no_face,88.0,0,move
datasets/raw\actors\saeed_jaffrey\e34141b45b.jpg,saeed_jaffrey,actors,no_face,125.2,0,move
datasets/raw\actors\saeed_jaffrey\ed97bc39a9.jpg,saeed_jaffrey,actors,no_face,562.6,0,move
datasets/raw\actors\saeed_jaffrey\f21c4dd964.jpg,saeed_jaffrey,actors,no_face,1253.3,0,move
datasets/raw\actors\saeed_jaffrey\fb95f033d4.jpg,saeed_jaffrey,actors,no_face,1757.2,0,move
datasets/raw\actors\saif_ali_khan\018ae5b6fe.jpg,saif_ali_khan,actors,no_face,944.8,0,move
datasets/raw\actors\saif_ali_khan\0836d76f2e.jpg,saif_ali_khan,actors,no_face,1883.7,0,move
datasets/raw\actors\saif_ali_khan\132927fc74.jpg,saif_ali_khan,actors,no_face,1841.4,0,move
datasets/raw\actors\saif_ali_khan\31cfa241cf.jpg,saif_ali_khan,actors,no_face,343.6,0,move
datasets/raw\actors\saif_ali_khan\33cc61f41e.jpg,saif_ali_khan,actors,no_face,102.0,0,move
datasets/raw\actors\saif_ali_khan\404af5634e.jpg,saif_ali_khan,actors,no_face,1581.4,0,move
datasets/raw\actors\saif_ali_khan\40c15c3fe2.jpg,saif_ali_khan,actors,no_face,128.6,0,move
datasets/raw\actors\saif_ali_khan\53d9961a57.jpg,saif_ali_khan,actors,no_face,1476.7,0,move
datasets/raw\actors\saif_ali_khan\717f45864c.jpg,saif_ali_khan,actors,no_face,2796.9,0,move
datasets/raw\actors\saif_ali_khan\a54021a467.jpg,saif_ali_khan,actors,no_face,49.0,0,move
datasets/raw\actors\saif_ali_khan\ae5c503b99.jpg,saif_ali_khan,actors,no_face,1304.8,0,move
datasets/raw\actors\saif_ali_khan\b2c4b5e81e.jpg,saif_ali_khan,actors,no_face,504.2,0,move
datasets/raw\actors\saif_ali_khan\d0985d1b2e.jpg,saif_ali_khan,actors,no_face,1616.7,0,move
datasets/raw\actors\saif_ali_khan\df4da0a12a.jpg,saif_ali_khan,actors,no_face,125.4,0,move
datasets/raw\actors\saif_ali_khan\e6e9a82dd5.jpg,saif_ali_khan,actors,no_face,164.5,0,move
datasets/raw\actors\saif_ali_khan\f3e9e2a4f0.jpg,saif_ali_khan,actors,no_face,3032.3,0,move
datasets/raw\actors\saif_ali_khan\f9fa8f6fdd.jpg,saif_ali_khan,actors,no_face,90.7,0,move
datasets/raw\actors\salman_khan\04ff7138bc.jpg,salman_khan,actors,no_face,439.0,0,move
datasets/raw\actors\salman_khan\063abd9baf.jpg,salman_khan,actors,no_face,103.1,0,move
datasets/raw\actors\salman_khan\0c493e5c91.jpg,salman_khan,actors,no_face,1074.2,0,move
datasets/raw\actors\salman_khan\1a7a24a2c4.jpg,salman_khan,actors,no_face,380.5,0,move
datasets/raw\actors\salman_khan\33b9561531.jpg,salman_khan,actors,no_face,490.6,0,move
datasets/raw\actors\salman_khan\3da217e71c.jpg,salman_khan,actors,no_face,172.8,0,move
datasets/raw\actors\salman_khan\3f78e11807.jpg,salman_khan,actors,no_face,852.1,0,move
datasets/raw\actors\salman_khan\43aed6a461.jpg,salman_khan,actors,no_face,2517.9,0,move
datasets/raw\actors\salman_khan\4cfe919f20.jpg,salman_khan,actors,no_face,251.5,0,move
datasets/raw\actors\salman_khan\57b828d658.jpg,salman_khan,actors,no_face,243.4,0,move
datasets/raw\actors\salman_khan\5e6de7da98.jpg,salman_khan,actors,no_face,344.3,0,move
datasets/raw\actors\salman_khan\86d5d12a6d.jpg,salman_khan,actors,no_face,861.7,0,move
datasets/raw\actors\salman_khan\89bf4ca709.jpg,salman_khan,actors,no_face,1575.4,0,move
datasets/raw\actors\salman_khan\932d0f3146.jpg,salman_khan,actors,no_face,1750.9,0,move
datasets/raw\actors\sanjay_dutt\0db2bc04b5.jpg,sanjay_dutt,actors,no_face,207.2,0,move
datasets/raw\actors\sanjay_dutt\16ddcb8dcd.jpg,sanjay_dutt,actors,no_face,457.6,0,move
datasets/raw\actors\sanjay_dutt\1f4a59199a.jpg,sanjay_dutt,actors,no_face,1627.3,0,move
datasets/raw\actors\sanjay_dutt\287b47a4cc.jpg,sanjay_dutt,actors,no_face,297.7,0,move
datasets/raw\actors\sanjay_dutt\2edb24d93d.jpg,sanjay_dutt,actors,no_face,169.7,0,move
datasets/raw\actors\sanjay_dutt\35aa99d61c.jpg,sanjay_dutt,actors,no_face,381.8,0,move
datasets/raw\actors\sanjay_dutt\3dcad160fe.jpg,sanjay_dutt,actors,no_face,76.0,0,move
datasets/raw\actors\sanjay_dutt\3f948f223a.jpg,sanjay_dutt,actors,no_face,379.1,0,move
datasets/raw\actors\sanjay_dutt\420ed83641.jpg,sanjay_dutt,actors,no_face,675.9,0,move
datasets/raw\actors\sanjay_dutt\5b72e6ef39.jpg,sanjay_dutt,actors,no_face,5011.6,0,move
datasets/raw\actors\sanjay_dutt\5fb2d73788.jpg,sanjay_dutt,actors,no_face,3267.3,0,move
datasets/raw\actors\sanjay_dutt\69a4ad20d8.jpg,sanjay_dutt,actors,no_face,942.0,0,move
datasets/raw\actors\sanjay_dutt\6c89177a1b.jpg,sanjay_dutt,actors,no_face,1060.7,0,move
datasets/raw\actors\sanjay_dutt\70aa4268b8.jpg,sanjay_dutt,actors,no_face,1629.6,0,move
datasets/raw\actors\sanjay_dutt\94cc93a93d.jpg,sanjay_dutt,actors,no_face,815.5,0,move
datasets/raw\actors\sanjay_mishra\066f4873c0.jpg,sanjay_mishra,actors,no_face,3298.0,0,move
datasets/raw\actors\sanjay_mishra\0b78aa6fbb.jpg,sanjay_mishra,actors,no_face,1405.9,0,move
datasets/raw\actors\sanjay_mishra\15b81f0fc2.jpg,sanjay_mishra,actors,no_face,452.4,0,move
datasets/raw\actors\sanjay_mishra\25530b5423.jpg,sanjay_mishra,actors,no_face,84.6,0,move
datasets/raw\actors\sanjay_mishra\289e89c1d5.jpg,sanjay_mishra,actors,no_face,693.0,0,move
datasets/raw\actors\sanjay_mishra\2cfdcad553.jpg,sanjay_mishra,actors,no_face,1533.5,0,move
datasets/raw\actors\sanjay_mishra\31bcccac88.jpg,sanjay_mishra,actors,no_face,54.1,0,move
datasets/raw\actors\sanjay_mishra\33081f1890.jpg,sanjay_mishra,actors,no_face,1027.7,0,move
datasets/raw\actors\sanjay_mishra\3523406717.jpg,sanjay_mishra,actors,no_face,801.4,0,move
datasets/raw\actors\sanjay_mishra\38e950a1cc.jpg,sanjay_mishra,actors,no_face,358.6,0,move
datasets/raw\actors\sanjay_mishra\417345d553.jpg,sanjay_mishra,actors,no_face,476.5,0,move
datasets/raw\actors\sanjay_mishra\4cc78d729b.jpg,sanjay_mishra,actors,no_face,116.3,0,move
datasets/raw\actors\sanjay_mishra\59b5df0979.jpg,sanjay_mishra,actors,no_face,3476.5,0,move
datasets/raw\actors\sanjay_mishra\5fcae52e1e.jpg,sanjay_mishra,actors,no_face,1153.7,0,move
datasets/raw\actors\sanjay_mishra\650beb29ff.jpg,sanjay_mishra,actors,no_face,1040.8,0,move
datasets/raw\actors\sanjay_mishra\696e64384f.jpg,sanjay_mishra,actors,no_face,797.8,0,move
datasets/raw\actors\sanjay_mishra\6d882b83b5.jpg,sanjay_mishra,actors,no_face,1550.7,0,move
datasets/raw\actors\sanjay_mishra\8317e44803.jpg,sanjay_mishra,actors,no_face,3307.9,0,move
datasets/raw\actors\sanjay_mishra\94877e7dec.jpg,sanjay_mishra,actors,no_face,5899.2,0,move
datasets/raw\actors\shabana_azmi\070ffeea34.jpg,shabana_azmi,actors,no_face,952.0,0,move
datasets/raw\actors\shabana_azmi\0e41bde713.jpg,shabana_azmi,actors,no_face,548.6,0,move
datasets/raw\actors\shabana_azmi\1bbfd1fa3a.jpg,shabana_azmi,actors,no_face,41.4,0,move
datasets/raw\actors\shabana_azmi\1d53228ae9.jpg,shabana_azmi,actors,no_face,1968.0,0,move
datasets/raw\actors\shabana_azmi\26c1d1f542.jpg,shabana_azmi,actors,no_face,137.4,0,move
datasets/raw\actors\shabana_azmi\2f3c442cf6.jpg,shabana_azmi,actors,no_face,1023.4,0,move
datasets/raw\actors\shabana_azmi\357ceb55cf.jpg,shabana_azmi,actors,no_face,247.9,0,move
datasets/raw\actors\shabana_azmi\475c48eb14.jpg,shabana_azmi,actors,no_face,1740.0,0,move
datasets/raw\actors\shabana_azmi\49d35087c5.jpg,shabana_azmi,actors,no_face,1971.7,0,move
datasets/raw\actors\shabana_azmi\5f6008a0da.jpg,shabana_azmi,actors,no_face,1492.6,0,move
datasets/raw\actors\shabana_azmi\7408cbb792.jpg,shabana_azmi,actors,no_face,4430.2,0,move
datasets/raw\actors\shabana_azmi\8320ebed8c.jpg,shabana_azmi,actors,no_face,456.6,0,move
datasets/raw\actors\shabana_azmi\855fef65b6.jpg,shabana_azmi,actors,no_face,78.9,0,move
datasets/raw\actors\shabana_azmi\8e4783cb0c.jpg,shabana_azmi,actors,no_face,2774.2,0,move
datasets/raw\actors\shabana_azmi\9418afe742.jpg,shabana_azmi,actors,no_face,19218.2,0,move
datasets/raw\actors\shabana_azmi\95bcdff22b.jpg,shabana_azmi,actors,no_face,1373.3,0,move
datasets/raw\actors\shah_rukh_khan\07c498407c.jpg,shah_rukh_khan,actors,no_face,2641.0,0,move
datasets/raw\actors\shah_rukh_khan\0c96111fed.jpg,shah_rukh_khan,actors,no_face,1336.6,0,move
datasets/raw\actors\shah_rukh_khan\14ed3ed7a2.jpg,shah_rukh_khan,actors,no_face,1840.6,0,move
datasets/raw\actors\shah_rukh_khan\1f46a24cb7.jpg,shah_rukh_khan,actors,no_face,1994.5,0,move
datasets/raw\actors\shah_rukh_khan\30df5a45aa.jpg,shah_rukh_khan,actors,no_face,1043.2,0,move
datasets/raw\actors\shah_rukh_khan\34bef8d66a.jpg,shah_rukh_khan,actors,no_face,156.7,0,move
datasets/raw\actors\shah_rukh_khan\4d90377ca8.jpg,shah_rukh_khan,actors,no_face,471.0,0,move
datasets/raw\actors\shah_rukh_khan\536ecf710c.jpg,shah_rukh_khan,actors,no_face,7255.9,0,move
datasets/raw\actors\shah_rukh_khan\67b4451f37.jpg,shah_rukh_khan,actors,no_face,1187.0,0,move
datasets/raw\actors\shah_rukh_khan\686167d9f9.jpg,shah_rukh_khan,actors,no_face,574.8,0,move
datasets/raw\actors\shah_rukh_khan\6a0114ccb8.jpg,shah_rukh_khan,actors,no_face,95.5,0,move
datasets/raw\actors\shah_rukh_khan\82ceeb3973.jpg,shah_rukh_khan,actors,no_face,1005.5,0,move
datasets/raw\actors\shah_rukh_khan\8a37b089ec.jpg,shah_rukh_khan,actors,no_face,1451.6,0,move
datasets/raw\actors\shah_rukh_khan\90bf712839.jpg,shah_rukh_khan,actors,no_face,460.0,0,move
datasets/raw\actors\shah_rukh_khan\9a815cd4dd.jpg,shah_rukh_khan,actors,no_face,436.6,0,move
datasets/raw\actors\sharman_joshi\00dad41715.jpg,sharman_joshi,actors,no_face,262.8,0,move
datasets/raw\actors\sharman_joshi\0235db7623.jpg,sharman_joshi,actors,no_face,775.1,0,move
datasets/raw\actors\sharman_joshi\13d6b206b0.jpg,sharman_joshi,actors,no_face,155.7,0,move
datasets/raw\actors\sharman_joshi\1bbd07b118.jpg,sharman_joshi,actors,no_face,266.4,0,move
datasets/raw\actors\sharman_joshi\1f7cff32ed.jpg,sharman_joshi,actors,no_face,233.2,0,move
datasets/raw\actors\sharman_joshi\2f01f429d6.jpg,sharman_joshi,actors,no_face,1641.2,0,move
datasets/raw\actors\sharman_joshi\33cd4c4185.jpg,sharman_joshi,actors,no_face,286.1,0,move
datasets/raw\actors\sharman_joshi\3e3f93fb46.jpg,sharman_joshi,actors,no_face,552.3,0,move
datasets/raw\actors\sharman_joshi\46e3044aed.jpg,sharman_joshi,actors,no_face,956.2,0,move
datasets/raw\actors\sharman_joshi\4ad477b9e0.jpg,sharman_joshi,actors,no_face,273.2,0,move
datasets/raw\actors\sharman_joshi\5b7791f722.jpg,sharman_joshi,actors,no_face,1767.6,0,move
datasets/raw\actors\sharman_joshi\605c9f36eb.jpg,sharman_joshi,actors,no_face,476.1,0,move
datasets/raw\actors\sharman_joshi\6de77d2dde.jpg,sharman_joshi,actors,no_face,1030.1,0,move
datasets/raw\actors\sharman_joshi\79ea16f4fe.jpg,sharman_joshi,actors,no_face,205.0,0,move
datasets/raw\actors\sharman_joshi\8f720086ca.jpg,sharman_joshi,actors,no_face,718.0,0,move
datasets/raw\actors\sharman_joshi\9a63cb462f.jpg,sharman_joshi,actors,no_face,772.9,0,move
datasets/raw\actors\sharmila_tagore\0b938237a4.jpg,sharmila_tagore,actors,no_face,772.9,0,move
datasets/raw\actors\sharmila_tagore\1776d72e8d.jpg,sharmila_tagore,actors,no_face,57.3,0,move
datasets/raw\actors\sharmila_tagore\1c98807da3.jpg,sharmila_tagore,actors,no_face,1183.5,0,move
datasets/raw\actors\sharmila_tagore\368aec85bd.jpg,sharmila_tagore,actors,no_face,1361.5,0,move
datasets/raw\actors\sharmila_tagore\3d6521f6cd.jpg,sharmila_tagore,actors,no_face,955.9,0,move
datasets/raw\actors\sharmila_tagore\50860d9bb5.jpg,sharmila_tagore,actors,no_face,107.7,0,move
datasets/raw\actors\sharmila_tagore\5dccded897.jpg,sharmila_tagore,actors,no_face,3222.9,0,move
datasets/raw\actors\sharmila_tagore\6a4f29edd5.jpg,sharmila_tagore,actors,no_face,235.2,0,move
datasets/raw\actors\sharmila_tagore\74b95bf27c.jpg,sharmila_tagore,actors,no_face,2702.4,0,move
datasets/raw\actors\sharmila_tagore\80db4d2a9e.jpg,sharmila_tagore,actors,no_face,236.3,0,move
datasets/raw\actors\sharmila_tagore\8dde62dcc3.jpg,sharmila_tagore,actors,no_face,4079.4,0,move
datasets/raw\actors\sharmila_tagore\94896d1788.jpg,sharmila_tagore,actors,no_face,726.7,0,move
datasets/raw\actors\sharmila_tagore\9e08ce0a81.jpg,sharmila_tagore,actors,no_face,3998.4,0,move
datasets/raw\actors\sharmila_tagore\addd44c706.jpg,sharmila_tagore,actors,no_face,83.7,0,move
datasets/raw\actors\sharmila_tagore\bb3fba2a19.jpg,sharmila_tagore,actors,no_face,855.5,0,move
datasets/raw\actors\shashi_kapoor\031e25c6e2.jpg,shashi_kapoor,actors,no_face,309.8,0,move
datasets/raw\actors\shashi_kapoor\10d24a7dad.jpg,shashi_kapoor,actors,no_face,473.6,0,move
datasets/raw\actors\shashi_kapoor\13a3dc9b17.jpg,shashi_kapoor,actors,no_face,1662.5,0,move
datasets/raw\actors\shashi_kapoor\1bd61479f9.jpg,shashi_kapoor,actors,no_face,2822.5,0,move
datasets/raw\actors\shashi_kapoor\35e35fc069.jpg,shashi_kapoor,actors,no_face,1208.4,0,move
datasets/raw\actors\shashi_kapoor\3d3f7f9455.jpg,shashi_kapoor,actors,no_face,1241.2,0,move
datasets/raw\actors\shashi_kapoor\4207f118d0.jpg,shashi_kapoor,actors,no_face,58.6,0,move
datasets/raw\actors\shashi_kapoor\4baaf44633.jpg,shashi_kapoor,actors,no_face,1574.9,0,move
datasets/raw\actors\shashi_kapoor\4e626e5cf7.jpg,shashi_kapoor,actors,no_face,415.4,0,move
datasets/raw\actors\shashi_kapoor\56d61e8949.jpg,shashi_kapoor,actors,no_face,1939.3,0,move
datasets/raw\actors\shashi_kapoor\6ef02244de.jpg,shashi_kapoor,actors,no_face,57.1,0,move
datasets/raw\actors\shashi_kapoor\71dac10eda.jpg,shashi_kapoor,actors,no_face,152.0,0,move
datasets/raw\actors\shashi_kapoor\7b263d5050.jpg,shashi_kapoor,actors,no_face,1310.8,0,move
datasets/raw\actors\shashi_kapoor\85f5ce5350.jpg,shashi_kapoor,actors,no_face,2767.7,0,move
datasets/raw\actors\shashi_kapoor\91d3755049.jpg,shashi_kapoor,actors,no_face,1999.6,0,move
datasets/raw\actors\shreyas_talpade\0c9d5bd1cf.jpg,shreyas_talpade,actors,no_face,797.4,0,move
datasets/raw\actors\shreyas_talpade\0f25e0e62e.jpg,shreyas_talpade,actors,no_face,803.7,0,move
datasets/raw\actors\shreyas_talpade\1b3160ecbc.jpg,shreyas_talpade,actors,no_face,786.0,0,move
datasets/raw\actors\shreyas_talpade\1e8c84a586.jpg,shreyas_talpade,actors,no_face,238.2,0,move
datasets/raw\actors\shreyas_talpade\2ac5ea4b3b.jpg,shreyas_talpade,actors,no_face,726.9,0,move
datasets/raw\actors\shreyas_talpade\2bdc278738.jpg,shreyas_talpade,actors,no_face,410.6,0,move
datasets/raw\actors\shreyas_talpade\31b81c5ea2.jpg,shreyas_talpade,actors,no_face,1742.7,0,move
datasets/raw\actors\shreyas_talpade\454ca2f83a.jpg,shreyas_talpade,actors,no_face,3215.8,0,move
datasets/raw\actors\shreyas_talpade\4dcabfd32e.jpg,shreyas_talpade,actors,no_face,209.3,0,move
datasets/raw\actors\shreyas_talpade\5ab0da67d6.jpg,shreyas_talpade,actors,no_face,465.8,0,move
datasets/raw\actors\shreyas_talpade\62e5df806f.jpg,shreyas_talpade,actors,no_face,973.5,0,move
datasets/raw\actors\shreyas_talpade\676e9a0979.jpg,shreyas_talpade,actors,no_face,676.7,0,move
datasets/raw\actors\shreyas_talpade\6c88d73bb9.jpg,shreyas_talpade,actors,no_face,372.6,0,move
datasets/raw\actors\shreyas_talpade\6f6dfb5320.jpg,shreyas_talpade,actors,no_face,78.2,0,move
datasets/raw\actors\shreyas_talpade\8f83074f26.jpg,shreyas_talpade,actors,no_face,306.7,0,move
datasets/raw\actors\shreyas_talpade\95fa2995ce.jpg,shreyas_talpade,actors,no_face,548.1,0,move
datasets/raw\actors\shreyas_talpade\9be21e6d07.jpg,shreyas_talpade,actors,no_face,1896.5,0,move
datasets/raw\actors\shreyas_talpade\9d807bd097.jpg,shreyas_talpade,actors,no_face,459.8,0,move
datasets/raw\actors\smita_patil\07cb71616a.jpg,smita_patil,actors,no_face,483.0,0,move
datasets/raw\actors\smita_patil\10eb4db243.jpg,smita_patil,actors,no_face,549.6,0,move
datasets/raw\actors\smita_patil\1a066f8a74.jpg,smita_patil,actors,no_face,1727.8,0,move
datasets/raw\actors\smita_patil\337d654eaa.jpg,smita_patil,actors,no_face,3047.7,0,move
datasets/raw\actors\smita_patil\3bb02e95f7.jpg,smita_patil,actors,no_face,4318.6,0,move
datasets/raw\actors\smita_patil\3e2a256b93.jpg,smita_patil,actors,no_face,657.9,0,move
datasets/raw\actors\smita_patil\4c602b06c9.jpg,smita_patil,actors,no_face,379.7,0,move
datasets/raw\actors\smita_patil\4d8797234a.jpg,smita_patil,actors,no_face,2198.5,0,move
datasets/raw\actors\smita_patil\532f819f6c.jpg,smita_patil,actors,no_face,86.8,0,move
datasets/raw\actors\smita_patil\66e441cd2e.jpg,smita_patil,actors,no_face,317.7,0,move
datasets/raw\actors\smita_patil\6b81de980e.jpg,smita_patil,actors,no_face,82.1,0,move
datasets/raw\actors\smita_patil\80bfce614b.jpg,smita_patil,actors,no_face,40.2,0,move
datasets/raw\actors\smita_patil\903d991f61.jpg,smita_patil,actors,no_face,2260.4,0,move
datasets/raw\actors\smita_patil\9d7d22cbc9.jpg,smita_patil,actors,no_face,708.5,0,move
datasets/raw\actors\smita_patil\9f50dd529f.jpg,smita_patil,actors,no_face,2742.3,0,move
datasets/raw\actors\soumitra_chatterjee\03f5d98de2.jpg,soumitra_chatterjee,actors,no_face,689.5,0,move
datasets/raw\actors\soumitra_chatterjee\07b7474709.jpg,soumitra_chatterjee,actors,no_face,427.5,0,move
datasets/raw\actors\soumitra_chatterjee\0fd843736c.jpg,soumitra_chatterjee,actors,no_face,951.2,0,move
datasets/raw\actors\soumitra_chatterjee\16d3f6b295.jpg,soumitra_chatterjee,actors,no_face,346.6,0,move
datasets/raw\actors\soumitra_chatterjee\2ccc4916f5.jpg,soumitra_chatterjee,actors,no_face,46.6,0,move
datasets/raw\actors\soumitra_chatterjee\2eb2d89a52.jpg,soumitra_chatterjee,actors,no_face,5823.0,0,move
datasets/raw\actors\soumitra_chatterjee\2fe641d244.jpg,soumitra_chatterjee,actors,no_face,436.8,0,move
datasets/raw\actors\soumitra_chatterjee\3adeb84e78.jpg,soumitra_chatterjee,actors,no_face,2234.3,0,move
datasets/raw\actors\soumitra_chatterjee\3d2d3a596e.jpg,soumitra_chatterjee,actors,no_face,986.8,0,move
datasets/raw\actors\soumitra_chatterjee\45aac2893f.jpg,soumitra_chatterjee,actors,no_face,228.3,0,move
datasets/raw\actors\soumitra_chatterjee\564d9ed250.jpg,soumitra_chatterjee,actors,no_face,459.5,0,move
datasets/raw\actors\soumitra_chatterjee\5b49800d7c.jpg,soumitra_chatterjee,actors,no_face,116.4,0,move
datasets/raw\actors\soumitra_chatterjee\606f0d63fc.jpg,soumitra_chatterjee,actors,no_face,4684.1,0,move
datasets/raw\actors\soumitra_chatterjee\6f1f9333dd.jpg,soumitra_chatterjee,actors,no_face,2302.9,0,move
datasets/raw\actors\soumitra_chatterjee\771b18c181.jpg,soumitra_chatterjee,actors,no_face,82.9,0,move
datasets/raw\actors\soumitra_chatterjee\7e29a7a730.jpg,soumitra_chatterjee,actors,no_face,225.8,0,move
datasets/raw\actors\soumitra_chatterjee\8bf0f7a691.jpg,soumitra_chatterjee,actors,no_face,434.4,0,move
datasets/raw\actors\sunil_shetty\03ef6ecabd.jpg,sunil_shetty,actors,no_face,1155.9,0,move
datasets/raw\actors\sunil_shetty\048ac73058.jpg,sunil_shetty,actors,no_face,336.9,0,move
datasets/raw\actors\sunil_shetty\086f2c9ea4.jpg,sunil_shetty,actors,no_face,146.2,0,move
datasets/raw\actors\sunil_shetty\0b1674f412.jpg,sunil_shetty,actors,no_face,82.1,0,move
datasets/raw\actors\sunil_shetty\18ccde9f1e.jpg,sunil_shetty,actors,no_face,593.4,0,move
datasets/raw\actors\sunil_shetty\1b943e1c20.jpg,sunil_shetty,actors,no_face,3766.0,0,move
datasets/raw\actors\sunil_shetty\27ee8a3f43.jpg,sunil_shetty,actors,no_face,805.3,0,move
datasets/raw\actors\sunil_shetty\2a460421fb.jpg,sunil_shetty,actors,no_face,41.0,0,move
datasets/raw\actors\sunil_shetty\2dca034347.jpg,sunil_shetty,actors,no_face,1516.6,0,move
datasets/raw\actors\sunil_shetty\2fe2deddde.jpg,sunil_shetty,actors,no_face,666.0,0,move
datasets/raw\actors\sunil_shetty\393f908442.jpg,sunil_shetty,actors,no_face,205.1,0,move
datasets/raw\actors\sunil_shetty\3ea116c21e.jpg,sunil_shetty,actors,no_face,3279.8,0,move
datasets/raw\actors\sunil_shetty\4bcb29155c.jpg,sunil_shetty,actors,no_face,798.5,0,move
datasets/raw\actors\sunil_shetty\55c219d811.jpg,sunil_shetty,actors,no_face,1759.0,0,move
datasets/raw\actors\sunil_shetty\6c6003ae7a.jpg,sunil_shetty,actors,no_face,226.8,0,move
datasets/raw\actors\sunil_shetty\72e22275b3.jpg,sunil_shetty,actors,no_face,228.0,0,move
datasets/raw\actors\sunil_shetty\85cbd3fa00.jpg,sunil_shetty,actors,no_face,4358.1,0,move
datasets/raw\actors\sunil_shetty\8e64c8a5b0.jpg,sunil_shetty,actors,no_face,1628.8,0,move
datasets/raw\actors\sunil_shetty\8f5cb64dd7.jpg,sunil_shetty,actors,no_face,789.0,0,move
datasets/raw\actors\sunny_deol\01aace45c2.jpg,sunny_deol,actors,no_face,1561.7,0,move
datasets/raw\actors\sunny_deol\029e519e77.jpg,sunny_deol,actors,no_face,152.6,0,move
datasets/raw\actors\sunny_deol\0931bdbe39.jpg,sunny_deol,actors,no_face,71.7,0,move
datasets/raw\actors\sunny_deol\0d57fbab09.jpg,sunny_deol,actors,no_face,677.0,0,move
datasets/raw\actors\sunny_deol\1d2269ebed.jpg,sunny_deol,actors,no_face,1412.5,0,move
datasets/raw\actors\sunny_deol\2ab8b0984e.jpg,sunny_deol,actors,no_face,1130.6,0,move
datasets/raw\actors\sunny_deol\2b80325d77.jpg,sunny_deol,actors,no_face,150.5,0,move
datasets/raw\actors\sunny_deol\336c6e4687.jpg,sunny_deol,actors,no_face,480.4,0,move
datasets/raw\actors\sunny_deol\38facfdc90.jpg,sunny_deol,actors,no_face,552.2,0,move
datasets/raw\actors\sunny_deol\39c36e1a63.jpg,sunny_deol,actors,no_face,352.7,0,move
datasets/raw\actors\sunny_deol\3c96f35991.jpg,sunny_deol,actors,no_face,300.8,0,move
datasets/raw\actors\sunny_deol\463d8887f3.jpg,sunny_deol,actors,no_face,2436.7,0,move
datasets/raw\actors\sunny_deol\568a6d71d7.jpg,sunny_deol,actors,no_face,464.2,0,move
datasets/raw\actors\sunny_deol\5a5294e66a.jpg,sunny_deol,actors,no_face,3336.8,0,move
datasets/raw\actors\sunny_deol\5bbef60cd3.jpg,sunny_deol,actors,no_face,112.5,0,move
datasets/raw\actors\sunny_deol\62ec876d0b.jpg,sunny_deol,actors,no_face,805.1,0,move
datasets/raw\actors\sunny_deol\6ab83ac183.jpg,sunny_deol,actors,no_face,1036.7,0,move
datasets/raw\actors\sunny_deol\6b66b8173e.jpg,sunny_deol,actors,no_face,222.2,0,move
datasets/raw\actors\sunny_deol\771dd0caaf.jpg,sunny_deol,actors,no_face,178.7,0,move
datasets/raw\actors\sunny_deol\99a0e8690f.jpg,sunny_deol,actors,no_face,258.9,0,move
datasets/raw\actors\sunny_deol\9ed23df092.jpg,sunny_deol,actors,no_face,525.6,0,move
datasets/raw\actors\tinnu_anand\13727102ab.jpg,tinnu_anand,actors,no_face,606.7,0,move
datasets/raw\actors\tinnu_anand\1a25f7a30d.jpg,tinnu_anand,actors,no_face,565.1,0,move
datasets/raw\actors\tinnu_anand\24d7524590.jpg,tinnu_anand,actors,no_face,241.4,0,move
datasets/raw\actors\tinnu_anand\2a27d83dd2.jpg,tinnu_anand,actors,no_face,2753.7,0,move
datasets/raw\actors\tinnu_anand\32bdfff5ca.jpg,tinnu_anand,actors,no_face,74.8,0,move
datasets/raw\actors\tinnu_anand\3baa75e868.jpg,tinnu_anand,actors,no_face,3873.7,0,move
datasets/raw\actors\tinnu_anand\3fc663ea4c.jpg,tinnu_anand,actors,no_face,915.8,0,move
datasets/raw\actors\tinnu_anand\47dd37bb8c.jpg,tinnu_anand,actors,no_face,161.3,0,move
datasets/raw\actors\tinnu_anand\4cac1ed183.jpg,tinnu_anand,actors,no_face,268.4,0,move
datasets/raw\actors\tinnu_anand\62e1790951.jpg,tinnu_anand,actors,no_face,61.0,0,move
datasets/raw\actors\tinnu_anand\6a5a43b0c9.jpg,tinnu_anand,actors,no_face,2716.7,0,move
datasets/raw\actors\tinnu_anand\7ba26fd959.jpg,tinnu_anand,actors,no_face,646.8,0,move
datasets/raw\actors\tinnu_anand\7c3a642c26.jpg,tinnu_anand,actors,no_face,2457.1,0,move
datasets/raw\actors\tinnu_anand\8ab87c82ee.jpg,tinnu_anand,actors,no_face,144.0,0,move
datasets/raw\actors\tinnu_anand\91e957862f.jpg,tinnu_anand,actors,no_face,634.6,0,move
datasets/raw\actors\tinnu_anand\b687f87ba2.jpg,tinnu_anand,actors,no_face,2027.8,0,move
datasets/raw\actors\utpal_dutt\02f766d389.jpg,utpal_dutt,actors,no_face,10270.3,0,move
datasets/raw\actors\utpal_dutt\18e810a5af.jpg,utpal_dutt,actors,no_face,2353.5,0,move
datasets/raw\actors\utpal_dutt\1bf0218610.jpg,utpal_dutt,actors,no_face,92.3,0,move
datasets/raw\actors\utpal_dutt\247b0b59aa.jpg,utpal_dutt,actors,no_face,54.4,0,move
datasets/raw\actors\utpal_dutt\329bfbca24.jpg,utpal_dutt,actors,no_face,1921.5,0,move
datasets/raw\actors\utpal_dutt\4117f7f56c.jpg,utpal_dutt,actors,no_face,7783.4,0,move
datasets/raw\actors\utpal_dutt\460cd448df.jpg,utpal_dutt,actors,no_face,284.3,0,move
datasets/raw\actors\utpal_dutt\4e425174bf.jpg,utpal_dutt,actors,no_face,68.3,0,move
datasets/raw\actors\utpal_dutt\595ea4c6c5.jpg,utpal_dutt,actors,no_face,636.4,0,move
datasets/raw\actors\utpal_dutt\5d1e6c709f.jpg,utpal_dutt,actors,no_face,758.7,0,move
datasets/raw\actors\utpal_dutt\70cc4bdb93.jpg,utpal_dutt,actors,no_face,769.4,0,move
datasets/raw\actors\utpal_dutt\7497197e6c.jpg,utpal_dutt,actors,no_face,7836.7,0,move
datasets/raw\actors\utpal_dutt\7b112e567e.jpg,utpal_dutt,actors,no_face,220.7,0,move
datasets/raw\actors\utpal_dutt\7f6e729140.jpg,utpal_dutt,actors,no_face,4303.5,0,move
datasets/raw\actors\utpal_dutt\945d1b35db.jpg,utpal_dutt,actors,no_face,101.6,0,move
datasets/raw\actors\utpal_dutt\9e7ab06524.jpg,utpal_dutt,actors,no_face,439.5,0,move
datasets/raw\actors\utpal_dutt\a6676c7516.jpg,utpal_dutt,actors,no_face,158.2,0,move
datasets/raw\actors\utpal_dutt\ab244c04ac.jpg,utpal_dutt,actors,no_face,21212.5,0,move
datasets/raw\actors\varun_dhawan\0bc3c9a99e.jpg,varun_dhawan,actors,no_face,1719.2,0,move
datasets/raw\actors\varun_dhawan\0f0ba9a353.jpg,varun_dhawan,actors,no_face,2376.4,0,move
datasets/raw\actors\varun_dhawan\128b1c77d2.jpg,varun_dhawan,actors,no_face,1536.5,0,move
datasets/raw\actors\varun_dhawan\1fda53041f.jpg,varun_dhawan,actors,no_face,57.8,0,move
datasets/raw\actors\varun_dhawan\2eca5442f1.jpg,varun_dhawan,actors,no_face,537.3,0,move
datasets/raw\actors\varun_dhawan\3b04e4d756.jpg,varun_dhawan,actors,no_face,1464.2,0,move
datasets/raw\actors\varun_dhawan\46e49acb29.jpg,varun_dhawan,actors,no_face,1638.0,0,move
datasets/raw\actors\varun_dhawan\5ae164dd52.jpg,varun_dhawan,actors,no_face,983.6,0,move
datasets/raw\actors\varun_dhawan\687b48b6d6.jpg,varun_dhawan,actors,no_face,596.2,0,move
datasets/raw\actors\varun_dhawan\6e8c149dc0.jpg,varun_dhawan,actors,no_face,1821.8,0,move
datasets/raw\actors\varun_dhawan\733bf381e3.jpg,varun_dhawan,actors,no_face,241.0,0,move
datasets/raw\actors\varun_dhawan\7a8484dbfe.jpg,varun_dhawan,actors,no_face,266.3,0,move
datasets/raw\actors\varun_dhawan\7f828bf430.jpg,varun_dhawan,actors,no_face,957.2,0,move
datasets/raw\actors\varun_dhawan\86b20bd2aa.jpg,varun_dhawan,actors,no_face,1058.9,0,move
datasets/raw\actors\varun_dhawan\8d3dcb3270.jpg,varun_dhawan,actors,no_face,2499.6,0,move
datasets/raw\actors\varun_dhawan\8e7462174e.jpg,varun_dhawan,actors,no_face,2142.3,0,move
datasets/raw\actors\vinod_khanna\012b1bf2a0.jpg,vinod_khanna,actors,no_face,933.1,0,move
datasets/raw\actors\vinod_khanna\0a20decfbd.jpg,vinod_khanna,actors,no_face,999.6,0,move
datasets/raw\actors\vinod_khanna\0cbab8fe23.jpg,vinod_khanna,actors,no_face,1048.6,0,move
datasets/raw\actors\vinod_khanna\104b15e619.jpg,vinod_khanna,actors,no_face,87.8,0,move
datasets/raw\actors\vinod_khanna\1bc2d703b7.jpg,vinod_khanna,actors,no_face,1682.2,0,move
datasets/raw\actors\vinod_khanna\29b3e3d30e.jpg,vinod_khanna,actors,no_face,157.8,0,move
datasets/raw\actors\vinod_khanna\3146f0e897.jpg,vinod_khanna,actors,no_face,124.9,0,move
datasets/raw\actors\vinod_khanna\35d3a965b0.jpg,vinod_khanna,actors,no_face,1236.7,0,move
datasets/raw\actors\vinod_khanna\38a666d0f8.jpg,vinod_khanna,actors,no_face,2608.1,0,move
datasets/raw\actors\vinod_khanna\3cde2b5ed2.jpg,vinod_khanna,actors,no_face,2571.9,0,move
datasets/raw\actors\vinod_khanna\51b72c6a9f.jpg,vinod_khanna,actors,no_face,906.9,0,move
datasets/raw\actors\vinod_khanna\5e7ada1aff.jpg,vinod_khanna,actors,no_face,120.0,0,move
datasets/raw\actors\vinod_khanna\6260b6568e.jpg,vinod_khanna,actors,no_face,1954.3,0,move
datasets/raw\actors\vinod_khanna\6716771e00.jpg,vinod_khanna,actors,no_face,1636.7,0,move
datasets/raw\actors\vinod_khanna\6d925850fa.jpg,vinod_khanna,actors,no_face,763.6,0,move
datasets/raw\actors\vinod_khanna\738cc6de8b.jpg,vinod_khanna,actors,no_face,240.7,0,move
datasets/raw\actors\vinod_khanna\7d997488da.jpg,vinod_khanna,actors,no_face,303.5,0,move
datasets/raw\actors\vinod_khanna\9bec3c8b33.jpg,vinod_khanna,actors,no_face,54.1,0,move
datasets/raw\actors\waheeda_rehman\025eb8dbf1.jpg,waheeda_rehman,actors,no_face,837.2,0,move
datasets/raw\actors\waheeda_rehman\059cea4e41.jpg,waheeda_rehman,actors,no_face,3797.9,0,move
datasets/raw\actors\waheeda_rehman\11a5a32d31.jpg,waheeda_rehman,actors,no_face,412.7,0,move
datasets/raw\actors\waheeda_rehman\1dc5c37599.jpg,waheeda_rehman,actors,no_face,4989.3,0,move
datasets/raw\actors\waheeda_rehman\2460b3e98c.jpg,waheeda_rehman,actors,no_face,837.7,0,move
datasets/raw\actors\waheeda_rehman\2f0733212d.jpg,waheeda_rehman,actors,no_face,472.5,0,move
datasets/raw\actors\waheeda_rehman\376e75b452.jpg,waheeda_rehman,actors,no_face,752.3,0,move
datasets/raw\actors\waheeda_rehman\445ce287ec.jpg,waheeda_rehman,actors,no_face,1195.6,0,move
datasets/raw\actors\waheeda_rehman\498babd403.jpg,waheeda_rehman,actors,no_face,305.0,0,move
datasets/raw\actors\waheeda_rehman\4d971db51b.jpg,waheeda_rehman,actors,no_face,199.3,0,move
datasets/raw\actors\waheeda_rehman\60ad0edf5e.jpg,waheeda_rehman,actors,no_face,228.9,0,move
datasets/raw\actors\waheeda_rehman\62a0e81bca.jpg,waheeda_rehman,actors,no_face,666.3,0,move
datasets/raw\actors\waheeda_rehman\69fe4cdf77.jpg,waheeda_rehman,actors,no_face,1531.2,0,move
datasets/raw\actors\waheeda_rehman\6ede4cb00d.jpg,waheeda_rehman,actors,no_face,5737.5,0,move
datasets/raw\actors\waheeda_rehman\70c7be269c.jpg,waheeda_rehman,actors,no_face,1052.6,0,move
datasets/raw\actors\waheeda_rehman\8c3f47daa0.jpg,waheeda_rehman,actors,no_face,769.6,0,move
datasets/raw\actors\waheeda_rehman\9578ff7baa.jpg,waheeda_rehman,actors,no_face,202.9,0,move
datasets/raw\actors\waheeda_rehman\9e6009e471.jpg,waheeda_rehman,actors,no_face,1231.2,0,move
datasets/raw\actors\zarina_wahab\02f1beeddf.jpg,zarina_wahab,actors,no_face,62.6,0,move
datasets/raw\actors\zarina_wahab\108491a1e8.jpg,zarina_wahab,actors,no_face,1314.1,0,move
datasets/raw\actors\zarina_wahab\13d5fc2dae.jpg,zarina_wahab,actors,no_face,1057.5,0,move
datasets/raw\actors\zarina_wahab\18cc63eee6.jpg,zarina_wahab,actors,no_face,2032.5,0,move
datasets/raw\actors\zarina_wahab\239d918e72.jpg,zarina_wahab,actors,no_face,3096.1,0,move
datasets/raw\actors\zarina_wahab\26f3633056.jpg,zarina_wahab,actors,no_face,1505.3,0,move
datasets/raw\actors\zarina_wahab\457c6df7a9.jpg,zarina_wahab,actors,no_face,1130.9,0,move
datasets/raw\actors\zarina_wahab\53aa818dc4.jpg,zarina_wahab,actors,no_face,1955.2,0,move
datasets/raw\actors\zarina_wahab\65bbd20002.jpg,zarina_wahab,actors,no_face,6686.2,0,move
datasets/raw\actors\zarina_wahab\75a0e06288.jpg,zarina_wahab,actors,no_face,1068.3,0,move
datasets/raw\actors\zarina_wahab\78f8a9724b.jpg,zarina_wahab,actors,no_face,1727.6,0,move
datasets/raw\actors\zarina_wahab\91416630ea.jpg,zarina_wahab,actors,no_face,160.2,0,move
datasets/raw\actors\zarina_wahab\9535f73593.jpg,zarina_wahab,actors,no_face,504.4,0,move
datasets/raw\actors\zarina_wahab\98f7c285ef.jpg,zarina_wahab,actors,no_face,858.8,0,move
datasets/raw\actors\zarina_wahab\9f87b9d2f7.jpg,zarina_wahab,actors,no_face,3616.0,0,move
datasets/raw\actresses\anushka_shetty\0badaaa04b.jpg,anushka_shetty,actresses,no_face,60.8,0,move
datasets/raw\actresses\anushka_shetty\0d3dfb041b.jpg,anushka_shetty,actresses,no_face,931.2,0,move
datasets/raw\actresses\anushka_shetty\196fb27d8f.jpg,anushka_shetty,actresses,no_face,580.0,0,move
datasets/raw\actresses\anushka_shetty\1d0f2d065f.jpg,anushka_shetty,actresses,no_face,451.3,0,move
datasets/raw\actresses\anushka_shetty\240b8a36b0.jpg,anushka_shetty,actresses,no_face,2237.8,0,move
datasets/raw\actresses\anushka_shetty\25be125341.jpg,anushka_shetty,actresses,no_face,1349.0,0,move
datasets/raw\actresses\anushka_shetty\2de529c92c.jpg,anushka_shetty,actresses,no_face,97.5,0,move
datasets/raw\actresses\anushka_shetty\332ed0a111.jpg,anushka_shetty,actresses,no_face,144.9,0,move
datasets/raw\actresses\anushka_shetty\3bbab65fc8.jpg,anushka_shetty,actresses,no_face,119.2,0,move
datasets/raw\actresses\anushka_shetty\42cbadc197.jpg,anushka_shetty,actresses,no_face,232.5,0,move
datasets/raw\actresses\anushka_shetty\43a7d89b4c.jpg,anushka_shetty,actresses,no_face,1477.8,0,move
datasets/raw\actresses\anushka_shetty\4c83cb59f1.jpg,anushka_shetty,actresses,no_face,683.3,0,move
datasets/raw\actresses\anushka_shetty\52f43e6545.jpg,anushka_shetty,actresses,no_face,121.7,0,move
datasets/raw\actresses\anushka_shetty\5d117a77b3.jpg,anushka_shetty,actresses,no_face,184.3,0,move
datasets/raw\actresses\anushka_shetty\79d9c2c983.jpg,anushka_shetty,actresses,no_face,3647.1,0,move
datasets/raw\actresses\anushka_shetty\7e0324dd99.jpg,anushka_shetty,actresses,no_face,299.9,0,move
datasets/raw\actresses\anushka_shetty\87d4ce533c.jpg,anushka_shetty,actresses,no_face,323.8,0,move
datasets/raw\actresses\anushka_shetty\8d6d0de1f2.jpg,anushka_shetty,actresses,no_face,505.4,0,move
datasets/raw\actresses\anushka_shetty\9dffc06629.jpg,anushka_shetty,actresses,no_face,127.0,0,move
datasets/raw\actresses\aruna_irani\016c7eb757.jpg,aruna_irani,actresses,no_face,709.4,0,move
datasets/raw\actresses\aruna_irani\07cfb8db1a.jpg,aruna_irani,actresses,no_face,93.2,0,move
datasets/raw\actresses\aruna_irani\129a7865a5.jpg,aruna_irani,actresses,no_face,455.0,0,move
datasets/raw\actresses\aruna_irani\146d749baf.jpg,aruna_irani,actresses,no_face,720.5,0,move
datasets/raw\actresses\aruna_irani\16cd349d74.jpg,aruna_irani,actresses,no_face,929.7,0,move
datasets/raw\actresses\aruna_irani\1c9cceb5b3.jpg,aruna_irani,actresses,no_face,1348.4,0,move
datasets/raw\actresses\aruna_irani\22a8e3ba52.jpg,aruna_irani,actresses,no_face,2219.3,0,move
datasets/raw\actresses\aruna_irani\255ff98743.jpg,aruna_irani,actresses,no_face,1265.4,0,move
datasets/raw\actresses\aruna_irani\2da56e66ac.jpg,aruna_irani,actresses,no_face,595.2,0,move
datasets/raw\actresses\aruna_irani\2e88e17e62.jpg,aruna_irani,actresses,no_face,935.6,0,move
datasets/raw\actresses\aruna_irani\35ac79921f.jpg,aruna_irani,actresses,no_face,280.2,0,move
datasets/raw\actresses\aruna_irani\3e42e6376e.jpg,aruna_irani,actresses,no_face,257.2,0,move
datasets/raw\actresses\aruna_irani\41d725f2b8.jpg,aruna_irani,actresses,no_face,1130.4,0,move
datasets/raw\actresses\aruna_irani\4ba3f741b7.jpg,aruna_irani,actresses,no_face,624.2,0,move
datasets/raw\actresses\aruna_irani\4f0490cca5.jpg,aruna_irani,actresses,no_face,2518.7,0,move
datasets/raw\actresses\aruna_irani\537bad34b1.jpg,aruna_irani,actresses,no_face,3213.6,0,move
datasets/raw\actresses\aruna_irani\59a0419191.jpg,aruna_irani,actresses,no_face,195.2,0,move
datasets/raw\actresses\aruna_irani\7edb15c1c9.jpg,aruna_irani,actresses,no_face,768.5,0,move
datasets/raw\actresses\deepika_padukone\00b208121e.jpg,deepika_padukone,actresses,no_face,503.7,0,move
datasets/raw\actresses\deepika_padukone\02f369f302.jpg,deepika_padukone,actresses,no_face,521.4,0,move
datasets/raw\actresses\deepika_padukone\0e0ec31a59.jpg,deepika_padukone,actresses,no_face,4947.6,0,move
datasets/raw\actresses\deepika_padukone\12b4a2a4c5.jpg,deepika_padukone,actresses,no_face,799.6,0,move
datasets/raw\actresses\deepika_padukone\18bf1fa45b.jpg,deepika_padukone,actresses,no_face,102.4,0,move
datasets/raw\actresses\deepika_padukone\1c9d5342d6.jpg,deepika_padukone,actresses,no_face,782.7,0,move
datasets/raw\actresses\deepika_padukone\26fad4f8f5.jpg,deepika_padukone,actresses,no_face,230.8,0,move
datasets/raw\actresses\deepika_padukone\2fb4d56575.jpg,deepika_padukone,actresses,no_face,940.1,0,move
datasets/raw\actresses\deepika_padukone\41ae3d778d.jpg,deepika_padukone,actresses,no_face,1198.3,0,move
datasets/raw\actresses\deepika_padukone\4df26fd628.jpg,deepika_padukone,actresses,no_face,1531.4,0,move
datasets/raw\actresses\deepika_padukone\500a9bc52a.jpg,deepika_padukone,actresses,no_face,1536.6,0,move
datasets/raw\actresses\deepika_padukone\55be3df536.jpg,deepika_padukone,actresses,no_face,576.7,0,move
datasets/raw\actresses\deepika_padukone\5c56686909.jpg,deepika_padukone,actresses,no_face,2162.8,0,move
datasets/raw\actresses\deepika_padukone\692f5c62d4.jpg,deepika_padukone,actresses,no_face,354.6,0,move
datasets/raw\actresses\deepika_padukone\6ce7b62aee.jpg,deepika_padukone,actresses,no_face,243.7,0,move
datasets/raw\actresses\deepika_padukone\848fd0f431.jpg,deepika_padukone,actresses,no_face,1423.6,0,move
datasets/raw\actresses\deepika_padukone\8f05fe5ab9.jpg,deepika_padukone,actresses,no_face,555.8,0,move
datasets/raw\actresses\deepti_naval\007c4c8b31.jpg,deepti_naval,actresses,no_face,47.4,0,move
datasets/raw\actresses\deepti_naval\009a6ef151.jpg,deepti_naval,actresses,no_face,2442.4,0,move
datasets/raw\actresses\deepti_naval\094fe68ae5.jpg,deepti_naval,actresses,no_face,1083.1,0,move
datasets/raw\actresses\deepti_naval\10a1c25c53.jpg,deepti_naval,actresses,no_face,351.0,0,move
datasets/raw\actresses\deepti_naval\19c9cd4cb0.jpg,deepti_naval,actresses,no_face,2742.5,0,move
datasets/raw\actresses\deepti_naval\1bb0f9bd82.jpg,deepti_naval,actresses,no_face,883.3,0,move
datasets/raw\actresses\deepti_naval\2bc4952b8e.jpg,deepti_naval,actresses,no_face,886.9,0,move
datasets/raw\actresses\deepti_naval\42c5e925c8.jpg,deepti_naval,actresses,no_face,171.8,0,move
datasets/raw\actresses\deepti_naval\53b8df3a1a.jpg,deepti_naval,actresses,no_face,195.5,0,move
datasets/raw\actresses\deepti_naval\64ffca4e0d.jpg,deepti_naval,actresses,no_face,168.9,0,move
datasets/raw\actresses\deepti_naval\6fb41219b3.jpg,deepti_naval,actresses,no_face,121.8,0,move
datasets/raw\actresses\deepti_naval\78c5c0a96a.jpg,deepti_naval,actresses,no_face,424.9,0,move
datasets/raw\actresses\deepti_naval\84cd1c16b6.jpg,deepti_naval,actresses,no_face,94.6,0,move
datasets/raw\actresses\deepti_naval\8fbda34a0d.jpg,deepti_naval,actresses,no_face,72.3,0,move
datasets/raw\actresses\deepti_naval\9a8ab885bb.jpg,deepti_naval,actresses,no_face,812.9,0,move
datasets/raw\actresses\deepti_naval\9f055e497a.jpg,deepti_naval,actresses,no_face,970.3,0,move
datasets/raw\actresses\dimple_kapadia\00a2c20a18.jpg,dimple_kapadia,actresses,no_face,1141.7,0,move
datasets/raw\actresses\dimple_kapadia\0f5b28662c.jpg,dimple_kapadia,actresses,no_face,72.3,0,move
datasets/raw\actresses\dimple_kapadia\16fa644041.jpg,dimple_kapadia,actresses,no_face,278.6,0,move
datasets/raw\actresses\dimple_kapadia\1d08d98b3b.jpg,dimple_kapadia,actresses,no_face,71.3,0,move
datasets/raw\actresses\dimple_kapadia\22372cee0d.jpg,dimple_kapadia,actresses,no_face,2212.7,0,move
datasets/raw\actresses\dimple_kapadia\2cce057f39.jpg,dimple_kapadia,actresses,no_face,1038.9,0,move
datasets/raw\actresses\dimple_kapadia\3550a12fe2.jpg,dimple_kapadia,actresses,no_face,235.0,0,move
datasets/raw\actresses\dimple_kapadia\3cdfb01cde.jpg,dimple_kapadia,actresses,no_face,2056.2,0,move
datasets/raw\actresses\dimple_kapadia\4ef37719b6.jpg,dimple_kapadia,actresses,no_face,879.8,0,move
datasets/raw\actresses\dimple_kapadia\5c4ffefcd7.jpg,dimple_kapadia,actresses,no_face,420.5,0,move
datasets/raw\actresses\dimple_kapadia\61d26e03f1.jpg,dimple_kapadia,actresses,no_face,339.7,0,move
datasets/raw\actresses\dimple_kapadia\6fbe1f7605.jpg,dimple_kapadia,actresses,no_face,3481.4,0,move
datasets/raw\actresses\dimple_kapadia\72fd63ace9.jpg,dimple_kapadia,actresses,no_face,1538.8,0,move
datasets/raw\actresses\dimple_kapadia\760032aa3f.jpg,dimple_kapadia,actresses,no_face,3762.0,0,move
datasets/raw\actresses\dimple_kapadia\80e39d80b5.jpg,dimple_kapadia,actresses,no_face,2702.6,0,move
datasets/raw\actresses\dimple_kapadia\89c4ac6a33.jpg,dimple_kapadia,actresses,no_face,8475.5,0,move
datasets/raw\actresses\farida_jalal\11b7beed71.jpg,farida_jalal,actresses,no_face,255.3,0,move
datasets/raw\actresses\farida_jalal\1f9f36dbad.jpg,farida_jalal,actresses,no_face,430.5,0,move
datasets/raw\actresses\farida_jalal\20dbe5af73.jpg,farida_jalal,actresses,no_face,1598.6,0,move
datasets/raw\actresses\farida_jalal\2e39181b8c.jpg,farida_jalal,actresses,no_face,705.2,0,move
datasets/raw\actresses\farida_jalal\2fa84ba152.jpg,farida_jalal,actresses,no_face,2381.5,0,move
datasets/raw\actresses\farida_jalal\3fd17543d1.jpg,farida_jalal,actresses,no_face,292.3,0,move
datasets/raw\actresses\farida_jalal\5224c97b31.jpg,farida_jalal,actresses,no_face,1220.4,0,move
datasets/raw\actresses\farida_jalal\59a3796d32.jpg,farida_jalal,actresses,no_face,2367.8,0,move
datasets/raw\actresses\farida_jalal\60f69dec4e.jpg,farida_jalal,actresses,no_face,2283.5,0,move
datasets/raw\actresses\farida_jalal\70bfd8047f.jpg,farida_jalal,actresses,no_face,2168.7,0,move
datasets/raw\actresses\farida_jalal\73d983fed9.jpg,farida_jalal,actresses,no_face,827.8,0,move
datasets/raw\actresses\farida_jalal\848d7a40b7.jpg,farida_jalal,actresses,no_face,613.6,0,move
datasets/raw\actresses\farida_jalal\8c821aacda.jpg,farida_jalal,actresses,no_face,1864.8,0,move
datasets/raw\actresses\farida_jalal\8e44d14bdb.jpg,farida_jalal,actresses,no_face,692.1,0,move
datasets/raw\actresses\farida_jalal\9f6f6920fa.jpg,farida_jalal,actresses,no_face,3518.7,0,move
datasets/raw\actresses\farida_jalal\fd0070b1ae.jpg,farida_jalal,actresses,no_face,3599.4,0,move
datasets/raw\actresses\huma_qureshi\1c3247e9aa.jpg,huma_qureshi,actresses,no_face,981.4,0,move
datasets/raw\actresses\huma_qureshi\22ccfbf872.jpg,huma_qureshi,actresses,no_face,1788.0,0,move
datasets/raw\actresses\huma_qureshi\28e2c5433a.jpg,huma_qureshi,actresses,no_face,799.5,0,move
datasets/raw\actresses\huma_qureshi\2ecdaa2a88.jpg,huma_qureshi,actresses,no_face,747.4,0,move
datasets/raw\actresses\huma_qureshi\37bfd0ee89.jpg,huma_qureshi,actresses,no_face,748.4,0,move
datasets/raw\actresses\huma_qureshi\3b790ebdce.jpg,huma_qureshi,actresses,no_face,10083.9,0,move
datasets/raw\actresses\huma_qureshi\3f0256c0d1.jpg,huma_qureshi,actresses,no_face,1584.5,0,move
datasets/raw\actresses\huma_qureshi\42aa6be93b.jpg,huma_qureshi,actresses,no_face,542.8,0,move
datasets/raw\actresses\huma_qureshi\431d8d7986.jpg,huma_qureshi,actresses,no_face,859.1,0,move
datasets/raw\actresses\huma_qureshi\4b100e7e51.jpg,huma_qureshi,actresses,no_face,473.5,0,move
datasets/raw\actresses\huma_qureshi\4e0872ae1a.jpg,huma_qureshi,actresses,no_face,1186.5,0,move
datasets/raw\actresses\huma_qureshi\4fd9c00846.jpg,huma_qureshi,actresses,no_face,3169.9,0,move
datasets/raw\actresses\huma_qureshi\699e37dc28.jpg,huma_qureshi,actresses,no_face,52.1,0,move
datasets/raw\actresses\huma_qureshi\6c1c5ee6ee.jpg,huma_qureshi,actresses,no_face,514.3,0,move
datasets/raw\actresses\huma_qureshi\6d722a3bb1.jpg,huma_qureshi,actresses,no_face,1319.6,0,move
datasets/raw\actresses\huma_qureshi\6ef27b2f01.jpg,huma_qureshi,actresses,no_face,68.2,0,move
datasets/raw\actresses\huma_qureshi\7fca8dfa3d.jpg,huma_qureshi,actresses,no_face,146.4,0,move
datasets/raw\actresses\huma_qureshi\8d1bc8a56b.jpg,huma_qureshi,actresses,no_face,938.2,0,move
datasets/raw\actresses\huma_qureshi\9ec8082eac.jpg,huma_qureshi,actresses,no_face,4894.7,0,move
datasets/raw\actresses\kajol\0e0a5aeb6a.jpg,kajol,actresses,no_face,451.8,0,move
datasets/raw\actresses\kajol\171aae4df1.jpg,kajol,actresses,no_face,538.7,0,move
datasets/raw\actresses\kajol\1bee15d6a6.jpg,kajol,actresses,no_face,48.7,0,move
datasets/raw\actresses\kajol\300dbb2a62.jpg,kajol,actresses,no_face,55.7,0,move
datasets/raw\actresses\kajol\36d6a76af1.jpg,kajol,actresses,no_face,578.4,0,move
datasets/raw\actresses\kajol\3c3addf67a.jpg,kajol,actresses,no_face,1085.9,0,move
datasets/raw\actresses\kajol\3fbde19bc7.jpg,kajol,actresses,no_face,1632.8,0,move
datasets/raw\actresses\kajol\468c65ecfe.jpg,kajol,actresses,no_face,382.4,0,move
datasets/raw\actresses\kajol\50bdc33515.jpg,kajol,actresses,no_face,1276.0,0,move
datasets/raw\actresses\kajol\5ce2659897.jpg,kajol,actresses,no_face,1711.3,0,move
datasets/raw\actresses\kajol\6ae274692e.jpg,kajol,actresses,no_face,2195.1,0,move
datasets/raw\actresses\kajol\6c874c5033.jpg,kajol,actresses,no_face,1295.8,0,move
datasets/raw\actresses\kajol\70a23a2bf8.jpg,kajol,actresses,no_face,764.6,0,move
datasets/raw\actresses\kajol\79ebb6e16f.jpg,kajol,actresses,no_face,100.2,0,move
datasets/raw\actresses\kajol\7cf12aa816.jpg,kajol,actresses,no_face,253.8,0,move
datasets/raw\actresses\kajol\9d8e77595a.jpg,kajol,actresses,no_face,171.1,0,move
datasets/raw\actresses\kalki_koechlin\05eb95137b.jpg,kalki_koechlin,actresses,no_face,787.5,0,move
datasets/raw\actresses\kalki_koechlin\0d1522a665.jpg,kalki_koechlin,actresses,no_face,107.3,0,move
datasets/raw\actresses\kalki_koechlin\1ba8425766.jpg,kalki_koechlin,actresses,no_face,1724.7,0,move
datasets/raw\actresses\kalki_koechlin\1f34de0e4d.jpg,kalki_koechlin,actresses,no_face,359.8,0,move
datasets/raw\actresses\kalki_koechlin\25fff77d91.jpg,kalki_koechlin,actresses,no_face,135.1,0,move
datasets/raw\actresses\kalki_koechlin\3c087c55a3.jpg,kalki_koechlin,actresses,no_face,43.4,0,move
datasets/raw\actresses\kalki_koechlin\406f5ac6f0.jpg,kalki_koechlin,actresses,no_face,225.4,0,move
datasets/raw\actresses\kalki_koechlin\47a9c85962.jpg,kalki_koechlin,actresses,no_face,118.1,0,move
datasets/raw\actresses\kalki_koechlin\54861ac99a.jpg,kalki_koechlin,actresses,no_face,1061.3,0,move
datasets/raw\actresses\kalki_koechlin\65c80b7915.jpg,kalki_koechlin,actresses,no_face,188.3,0,move
datasets/raw\actresses\kalki_koechlin\72f6802e71.jpg,kalki_koechlin,actresses,no_face,1505.7,0,move
datasets/raw\actresses\kalki_koechlin\881c19d783.jpg,kalki_koechlin,actresses,no_face,2261.0,0,move
datasets/raw\actresses\kalki_koechlin\9cf40e2041.jpg,kalki_koechlin,actresses,no_face,1304.9,0,move
datasets/raw\actresses\kangana_ranaut\041d197cba.jpg,kangana_ranaut,actresses,no_face,340.4,0,move
datasets/raw\actresses\kangana_ranaut\0aea8415ea.jpg,kangana_ranaut,actresses,no_face,599.9,0,move
datasets/raw\actresses\kangana_ranaut\12b9588fc1.jpg,kangana_ranaut,actresses,no_face,879.3,0,move
datasets/raw\actresses\kangana_ranaut\1cf49f7e4a.jpg,kangana_ranaut,actresses,no_face,457.7,0,move
datasets/raw\actresses\kangana_ranaut\23e0a832f2.jpg,kangana_ranaut,actresses,no_face,385.9,0,move
datasets/raw\actresses\kangana_ranaut\2bb732d198.jpg,kangana_ranaut,actresses,no_face,1031.8,0,move
datasets/raw\actresses\kangana_ranaut\35ed30bf09.jpg,kangana_ranaut,actresses,no_face,1272.7,0,move
datasets/raw\actresses\kangana_ranaut\45fe38345d.jpg,kangana_ranaut,actresses,no_face,3284.3,0,move
datasets/raw\actresses\kangana_ranaut\5d3d557e34.jpg,kangana_ranaut,actresses,no_face,1299.5,0,move
datasets/raw\actresses\kangana_ranaut\78bb603dd0.jpg,kangana_ranaut,actresses,no_face,1109.1,0,move
datasets/raw\actresses\kangana_ranaut\7df8e95513.jpg,kangana_ranaut,actresses,no_face,632.9,0,move
datasets/raw\actresses\kangana_ranaut\7fc650022d.jpg,kangana_ranaut,actresses,no_face,66.8,0,move
datasets/raw\actresses\kangana_ranaut\84e8948b9c.jpg,kangana_ranaut,actresses,no_face,1236.7,0,move
datasets/raw\actresses\kangana_ranaut\895abd2b27.jpg,kangana_ranaut,actresses,no_face,511.7,0,move
datasets/raw\actresses\kangana_ranaut\8fe964f461.jpg,kangana_ranaut,actresses,no_face,420.6,0,move
datasets/raw\actresses\kangana_ranaut\9a6cd8b3af.jpg,kangana_ranaut,actresses,no_face,1150.7,0,move
datasets/raw\actresses\kangana_ranaut\9d1fb07284.jpg,kangana_ranaut,actresses,no_face,217.9,0,move
datasets/raw\actresses\madhuri_dixit\035ff26b66.jpg,madhuri_dixit,actresses,no_face,1360.8,0,move
datasets/raw\actresses\madhuri_dixit\07db31ceb1.jpg,madhuri_dixit,actresses,no_face,1561.0,0,move
datasets/raw\actresses\madhuri_dixit\0a4d86e5a1.jpg,madhuri_dixit,actresses,no_face,132.0,0,move
datasets/raw\actresses\madhuri_dixit\0ba18b022c.jpg,madhuri_dixit,actresses,no_face,420.8,0,move
datasets/raw\actresses\madhuri_dixit\104fc7c14a.jpg,madhuri_dixit,actresses,no_face,1686.2,0,move
datasets/raw\actresses\madhuri_dixit\15eb425a3b.jpg,madhuri_dixit,actresses,no_face,245.7,0,move
datasets/raw\actresses\madhuri_dixit\1af7c9f2ff.jpg,madhuri_dixit,actresses,no_face,920.6,0,move
datasets/raw\actresses\madhuri_dixit\267d9dd5b9.jpg,madhuri_dixit,actresses,no_face,1058.0,0,move
datasets/raw\actresses\madhuri_dixit\2bee3d48b2.jpg,madhuri_dixit,actresses,no_face,78.1,0,move
datasets/raw\actresses\madhuri_dixit\2f315583bd.jpg,madhuri_dixit,actresses,no_face,5301.1,0,move
datasets/raw\actresses\madhuri_dixit\3c80d4933f.jpg,madhuri_dixit,actresses,no_face,482.8,0,move
datasets/raw\actresses\madhuri_dixit\4baba54339.jpg,madhuri_dixit,actresses,no_face,115.8,0,move
datasets/raw\actresses\madhuri_dixit\4d8a4bcc00.jpg,madhuri_dixit,actresses,no_face,2431.5,0,move
datasets/raw\actresses\madhuri_dixit\5615ed02fc.jpg,madhuri_dixit,actresses,no_face,2149.6,0,move
datasets/raw\actresses\madhuri_dixit\5a9024bf6c.jpg,madhuri_dixit,actresses,no_face,534.0,0,move
datasets/raw\actresses\madhuri_dixit\6f69103b0a.jpg,madhuri_dixit,actresses,no_face,496.9,0,move
datasets/raw\actresses\madhuri_dixit\775e8b1042.jpg,madhuri_dixit,actresses,no_face,857.8,0,move
datasets/raw\actresses\madhuri_dixit\7bd10d7847.jpg,madhuri_dixit,actresses,no_face,673.3,0,move
datasets/raw\actresses\madhuri_dixit\812d58224e.jpg,madhuri_dixit,actresses,no_face,1200.5,0,move
datasets/raw\actresses\madhuri_dixit\8bd4119959.jpg,madhuri_dixit,actresses,no_face,18639.4,0,move
datasets/raw\actresses\madhuri_dixit\8e136b06d4.jpg,madhuri_dixit,actresses,no_face,44.3,0,move
datasets/raw\actresses\madhuri_dixit\9cbf04019c.jpg,madhuri_dixit,actresses,no_face,1468.4,0,move
datasets/raw\actresses\priyanka_chopra\0077c7c995.jpg,priyanka_chopra,actresses,no_face,935.6,0,move
datasets/raw\actresses\priyanka_chopra\0f65e50dec.jpg,priyanka_chopra,actresses,no_face,567.2,0,move
datasets/raw\actresses\priyanka_chopra\157fa10104.jpg,priyanka_chopra,actresses,no_face,2617.5,0,move
datasets/raw\actresses\priyanka_chopra\180122ef5a.jpg,priyanka_chopra,actresses,no_face,255.8,0,move
datasets/raw\actresses\priyanka_chopra\289d961cf7.jpg,priyanka_chopra,actresses,no_face,1586.9,0,move
datasets/raw\actresses\priyanka_chopra\2cc7c06cbf.jpg,priyanka_chopra,actresses,no_face,365.1,0,move
datasets/raw\actresses\priyanka_chopra\2e8a464753.jpg,priyanka_chopra,actresses,no_face,479.4,0,move
datasets/raw\actresses\priyanka_chopra\32c3ba09b4.jpg,priyanka_chopra,actresses,no_face,7258.2,0,move
datasets/raw\actresses\priyanka_chopra\3b0fb3ab2d.jpg,priyanka_chopra,actresses,no_face,1191.3,0,move
datasets/raw\actresses\priyanka_chopra\5060cbaa12.jpg,priyanka_chopra,actresses,no_face,1072.1,0,move
datasets/raw\actresses\priyanka_chopra\662a98df6c.jpg,priyanka_chopra,actresses,no_face,1176.3,0,move
datasets/raw\actresses\priyanka_chopra\6eba1d31b0.jpg,priyanka_chopra,actresses,no_face,678.2,0,move
datasets/raw\actresses\priyanka_chopra\80cf53a38d.jpg,priyanka_chopra,actresses,no_face,1447.5,0,move
datasets/raw\actresses\priyanka_chopra\951b57660d.jpg,priyanka_chopra,actresses,no_face,691.1,0,move
datasets/raw\actresses\rani_mukerji\0564f00190.jpg,rani_mukerji,actresses,no_face,56.6,0,move
datasets/raw\actresses\rani_mukerji\09f0e63049.jpg,rani_mukerji,actresses,no_face,96.2,0,move
datasets/raw\actresses\rani_mukerji\13bf8f45a0.jpg,rani_mukerji,actresses,no_face,1790.3,0,move
datasets/raw\actresses\rani_mukerji\1500fe9c18.jpg,rani_mukerji,actresses,no_face,443.3,0,move
datasets/raw\actresses\rani_mukerji\195fb5cece.jpg,rani_mukerji,actresses,no_face,4451.1,0,move
datasets/raw\actresses\rani_mukerji\1bc069d984.jpg,rani_mukerji,actresses,no_face,571.7,0,move
datasets/raw\actresses\rani_mukerji\1fbf30cbab.jpg,rani_mukerji,actresses,no_face,353.7,0,move
datasets/raw\actresses\rani_mukerji\2ef5bb5d23.jpg,rani_mukerji,actresses,no_face,361.6,0,move
datasets/raw\actresses\rani_mukerji\3afd6136eb.jpg,rani_mukerji,actresses,no_face,1617.3,0,move
datasets/raw\actresses\rani_mukerji\40f6e868d6.jpg,rani_mukerji,actresses,no_face,1473.4,0,move
datasets/raw\actresses\rani_mukerji\46ea535131.jpg,rani_mukerji,actresses,no_face,106.1,0,move
datasets/raw\actresses\rani_mukerji\62ee0001b9.jpg,rani_mukerji,actresses,no_face,138.8,0,move
datasets/raw\actresses\rani_mukerji\6a58061e0d.jpg,rani_mukerji,actresses,no_face,2135.9,0,move
datasets/raw\actresses\rani_mukerji\8f21847cde.jpg,rani_mukerji,actresses,no_face,138.2,0,move
datasets/raw\actresses\rani_mukerji\91b333b464.jpg,rani_mukerji,actresses,no_face,1020.3,0,move
datasets/raw\actresses\rekha\032c961b45.jpg,rekha,actresses,no_face,1991.9,0,move
datasets/raw\actresses\rekha\06b838805d.jpg,rekha,actresses,no_face,2922.7,0,move
datasets/raw\actresses\rekha\07f447faab.jpg,rekha,actresses,no_face,3622.4,0,move
datasets/raw\actresses\rekha\0a5261f8b0.jpg,rekha,actresses,no_face,275.4,0,move
datasets/raw\actresses\rekha\212c73539a.jpg,rekha,actresses,no_face,370.6,0,move
datasets/raw\actresses\rekha\3b924c3c50.jpg,rekha,actresses,no_face,815.0,0,move
datasets/raw\actresses\rekha\41c103478b.jpg,rekha,actresses,no_face,3623.8,0,move
datasets/raw\actresses\rekha\4f78c3c689.jpg,rekha,actresses,no_face,98.1,0,move
datasets/raw\actresses\rekha\616ace7c58.jpg,rekha,actresses,no_face,951.3,0,move
datasets/raw\actresses\rekha\65bcc799cb.jpg,rekha,actresses,no_face,863.0,0,move
datasets/raw\actresses\rekha\6f86234923.jpg,rekha,actresses,no_face,3924.4,0,move
datasets/raw\actresses\rekha\718d76e7bf.jpg,rekha,actresses,no_face,230.3,0,move
datasets/raw\actresses\rekha\783c8f08e6.jpg,rekha,actresses,no_face,567.3,0,move
datasets/raw\actresses\rekha\98da98f4bc.jpg,rekha,actresses,no_face,777.4,0,move
datasets/raw\actresses\rekha\9a70459626.jpg,rekha,actresses,no_face,1914.8,0,move
datasets/raw\actresses\rekha\9e77d57d29.jpg,rekha,actresses,no_face,2132.7,0,move
datasets/raw\actresses\sridevi\010cd096b4.jpg,sridevi,actresses,no_face,3578.5,0,move
datasets/raw\actresses\sridevi\07b4b80410.jpg,sridevi,actresses,no_face,1630.2,0,move
datasets/raw\actresses\sridevi\0b22992484.jpg,sridevi,actresses,no_face,626.2,0,move
datasets/raw\actresses\sridevi\1f3732beaa.jpg,sridevi,actresses,no_face,299.1,0,move
datasets/raw\actresses\sridevi\2a9c263f72.jpg,sridevi,actresses,no_face,3459.2,0,move
datasets/raw\actresses\sridevi\3b5631e682.jpg,sridevi,actresses,no_face,128.1,0,move
datasets/raw\actresses\sridevi\3ede3efeaa.jpg,sridevi,actresses,no_face,341.1,0,move
datasets/raw\actresses\sridevi\43f7471b83.jpg,sridevi,actresses,no_face,91.4,0,move
datasets/raw\actresses\sridevi\5eb3159b97.jpg,sridevi,actresses,no_face,664.2,0,move
datasets/raw\actresses\sridevi\6ba22863fe.jpg,sridevi,actresses,no_face,540.8,0,move
datasets/raw\actresses\sridevi\76b3d7de60.jpg,sridevi,actresses,no_face,94.5,0,move
datasets/raw\actresses\sridevi\80248dda0f.jpg,sridevi,actresses,no_face,1705.4,0,move
datasets/raw\actresses\sridevi\89918dd04f.jpg,sridevi,actresses,no_face,2975.4,0,move
datasets/raw\actresses\sridevi\8e40b0054c.jpg,sridevi,actresses,no_face,499.7,0,move
datasets/raw\actresses\sridevi\91755f71f8.jpg,sridevi,actresses,no_face,633.0,0,move
datasets/raw\actresses\tabu\0352d1efc0.jpg,tabu,actresses,no_face,124.5,0,move
datasets/raw\actresses\tabu\12c56cce74.jpg,tabu,actresses,no_face,225.7,0,move
datasets/raw\actresses\tabu\209c2dd2b8.jpg,tabu,actresses,no_face,1074.8,0,move
datasets/raw\actresses\tabu\22e6525efd.jpg,tabu,actresses,no_face,1615.3,0,move
datasets/raw\actresses\tabu\2dd5e1e995.jpg,tabu,actresses,no_face,1039.0,0,move
datasets/raw\actresses\tabu\308f7f7d1d.jpg,tabu,actresses,no_face,461.7,0,move
datasets/raw\actresses\tabu\34d71e3cf4.jpg,tabu,actresses,no_face,2531.6,0,move
datasets/raw\actresses\tabu\4c6c957b1d.jpg,tabu,actresses,no_face,881.1,0,move
datasets/raw\actresses\tabu\59c53104ea.jpg,tabu,actresses,no_face,47.3,0,move
datasets/raw\actresses\tabu\5dac1e1db6.jpg,tabu,actresses,no_face,222.7,0,move
datasets/raw\actresses\tabu\658db18fc8.jpg,tabu,actresses,no_face,285.9,0,move
datasets/raw\actresses\tabu\75bcb170d0.jpg,tabu,actresses,no_face,1184.5,0,move
datasets/raw\actresses\tabu\7d36006283.jpg,tabu,actresses,no_face,1240.9,0,move
datasets/raw\actresses\tabu\83e5b967e1.jpg,tabu,actresses,no_face,242.1,0,move
datasets/raw\actresses\tabu\921c616602.jpg,tabu,actresses,no_face,48.1,0,move
datasets/raw\actresses\tabu\93ea26480d.jpg,tabu,actresses,no_face,260.2,0,move
datasets/raw\actresses\tabu\97dd4b16b7.jpg,tabu,actresses,no_face,1103.1,0,move
datasets/raw\actresses\vidya_balan\00c783030a.jpg,vidya_balan,actresses,no_face,1163.3,0,move
datasets/raw\actresses\vidya_balan\0ad7a460ab.jpg,vidya_balan,actresses,no_face,315.0,0,move
datasets/raw\actresses\vidya_balan\0e38f35a34.jpg,vidya_balan,actresses,no_face,2226.6,0,move
datasets/raw\actresses\vidya_balan\11ee0a14ce.jpg,vidya_balan,actresses,no_face,1066.1,0,move
datasets/raw\actresses\vidya_balan\19b9ff5803.jpg,vidya_balan,actresses,no_face,441.5,0,move
datasets/raw\actresses\vidya_balan\1b92168508.jpg,vidya_balan,actresses,no_face,1626.6,0,move
datasets/raw\actresses\vidya_balan\1edfc62955.jpg,vidya_balan,actresses,no_face,2596.7,0,move
datasets/raw\actresses\vidya_balan\28e82b29d4.jpg,vidya_balan,actresses,no_face,562.5,0,move
datasets/raw\actresses\vidya_balan\3b57e40a8b.jpg,vidya_balan,actresses,no_face,2305.2,0,move
datasets/raw\actresses\vidya_balan\3d9546b3ff.jpg,vidya_balan,actresses,no_face,791.5,0,move
datasets/raw\actresses\vidya_balan\46cbac3d01.jpg,vidya_balan,actresses,no_face,2703.5,0,move
datasets/raw\actresses\vidya_balan\4a8d319d0e.jpg,vidya_balan,actresses,no_face,1504.6,0,move
datasets/raw\actresses\vidya_balan\52f1b92afa.jpg,vidya_balan,actresses,no_face,1405.9,0,move
datasets/raw\actresses\vidya_balan\69fdffa6a5.jpg,vidya_balan,actresses,no_face,136.3,0,move
datasets/raw\actresses\vidya_balan\72e6bde6e8.jpg,vidya_balan,actresses,no_face,1881.8,0,move
datasets/raw\actresses\vidya_balan\80cdbf7af7.jpg,vidya_balan,actresses,no_face,686.0,0,move
datasets/raw\actresses\vidya_balan\8c8b48d22b.jpg,vidya_balan,actresses,no_face,1238.9,0,move
datasets/raw\actresses\vidya_balan\9bcd3af3b4.jpg,vidya_balan,actresses,no_face,3020.1,0,move
datasets/raw\actresses\vidya_balan\9c0e86708c.jpg,vidya_balan,actresses,no_face,2371.4,0,move
datasets/raw\actresses\zeenat_aman\02c415c478.jpg,zeenat_aman,actresses,no_face,3222.9,0,move
datasets/raw\actresses\zeenat_aman\046bb31b3a.jpg,zeenat_aman,actresses,no_face,6100.3,0,move
datasets/raw\actresses\zeenat_aman\0dbfccea60.jpg,zeenat_aman,actresses,no_face,4010.4,0,move
datasets/raw\actresses\zeenat_aman\161c266f40.jpg,zeenat_aman,actresses,no_face,154.4,0,move
datasets/raw\actresses\zeenat_aman\1ccd654c8d.jpg,zeenat_aman,actresses,no_face,2723.1,0,move
datasets/raw\actresses\zeenat_aman\24488efb72.jpg,zeenat_aman,actresses,no_face,1342.0,0,move
datasets/raw\actresses\zeenat_aman\32ef68146b.jpg,zeenat_aman,actresses,no_face,509.2,0,move
datasets/raw\actresses\zeenat_aman\357f65468a.jpg,zeenat_aman,actresses,no_face,1539.5,0,move
datasets/raw\actresses\zeenat_aman\3c717024dc.jpg,zeenat_aman,actresses,no_face,110.1,0,move
datasets/raw\actresses\zeenat_aman\410d04838d.jpg,zeenat_aman,actresses,no_face,376.7,0,move
datasets/raw\actresses\zeenat_aman\48418c9f0a.jpg,zeenat_aman,actresses,no_face,457.8,0,move
datasets/raw\actresses\zeenat_aman\48fa741314.jpg,zeenat_aman,actresses,no_face,162.7,0,move
datasets/raw\actresses\zeenat_aman\4aaf67971a.jpg,zeenat_aman,actresses,no_face,6600.2,0,move
datasets/raw\actresses\zeenat_aman\555664ba1f.jpg,zeenat_aman,actresses,no_face,243.8,0,move
datasets/raw\actresses\zeenat_aman\6220dc4832.jpg,zeenat_aman,actresses,no_face,867.8,0,move
datasets/raw\actresses\zeenat_aman\62a85fd078.jpg,zeenat_aman,actresses,no_face,368.0,0,move
datasets/raw\actresses\zeenat_aman\736dac83e0.jpg,zeenat_aman,actresses,no_face,71.0,0,move
datasets/raw\actresses\zeenat_aman\7981a4d7de.jpg,zeenat_aman,actresses,no_face,3005.2,0,move
datasets/raw\actresses\zeenat_aman\8bd88a2bee.jpg,zeenat_aman,actresses,no_face,474.9,0,move
datasets/raw\telugu_heroes\chiranjeevi\0c89b6c217.jpg,chiranjeevi,telugu_heroes,no_face,2851.0,0,move
datasets/raw\telugu_heroes\chiranjeevi\0ce60dbf31.jpg,chiranjeevi,telugu_heroes,no_face,126.5,0,move
datasets/raw\telugu_heroes\chiranjeevi\1432cbc7fc.jpg,chiranjeevi,telugu_heroes,no_face,562.2,0,move
datasets/raw\telugu_heroes\chiranjeevi\29aaef2327.jpg,chiranjeevi,telugu_heroes,no_face,134.8,0,move
datasets/raw\telugu_heroes\chiranjeevi\2e4e8b1b38.jpg,chiranjeevi,telugu_heroes,no_face,1289.4,0,move
datasets/raw\telugu_heroes\chiranjeevi\3cd9ffcd17.jpg,chiranjeevi,telugu_heroes,no_face,91.3,0,move
datasets/raw\telugu_heroes\chiranjeevi\43e5d3f540.jpg,chiranjeevi,telugu_heroes,no_face,956.2,0,move
datasets/raw\telugu_heroes\chiranjeevi\57a3dc6908.jpg,chiranjeevi,telugu_heroes,no_face,662.2,0,move
datasets/raw\telugu_heroes\chiranjeevi\5c05040ee8.jpg,chiranjeevi,telugu_heroes,no_face,1600.9,0,move
datasets/raw\telugu_heroes\chiranjeevi\64477e7435.jpg,chiranjeevi,telugu_heroes,no_face,285.7,0,move
datasets/raw\telugu_heroes\chiranjeevi\6acf3c8bc2.jpg,chiranjeevi,telugu_heroes,no_face,167.5,0,move
datasets/raw\telugu_heroes\chiranjeevi\74a6ff8f58.jpg,chiranjeevi,telugu_heroes,no_face,193.2,0,move
datasets/raw\telugu_heroes\chiranjeevi\7f5d0b31dc.jpg,chiranjeevi,telugu_heroes,no_face,630.9,0,move
datasets/raw\telugu_heroes\chiranjeevi\86f4d860c6.jpg,chiranjeevi,telugu_heroes,no_face,101.4,0,move
datasets/raw\telugu_heroes\chiranjeevi\90cb739591.jpg,chiranjeevi,telugu_heroes,no_face,1933.9,0,move
datasets/raw\telugu_heroes\chiranjeevi\97e86de28b.jpg,chiranjeevi,telugu_heroes,no_face,87.2,0,move
datasets/raw\telugu_heroes\prabhas\02b64df689.jpg,prabhas,telugu_heroes,no_face,590.2,0,move
datasets/raw\telugu_heroes\prabhas\0977d517fb.jpg,prabhas,telugu_heroes,no_face,182.6,0,move
datasets/raw\telugu_heroes\prabhas\11f0aa06e4.jpg,prabhas,telugu_heroes,no_face,372.7,0,move
datasets/raw\telugu_heroes\prabhas\1d09858664.jpg,prabhas,telugu_heroes,no_face,193.0,0,move
datasets/raw\telugu_heroes\prabhas\297e513493.jpg,prabhas,telugu_heroes,no_face,732.7,0,move
datasets/raw\telugu_heroes\prabhas\32e0fb20b8.jpg,prabhas,telugu_heroes,no_face,425.6,0,move
datasets/raw\telugu_heroes\prabhas\34da42b3e7.jpg,prabhas,telugu_heroes,no_face,1252.3,0,move
datasets/raw\telugu_heroes\prabhas\44a718bbca.jpg,prabhas,telugu_heroes,no_face,578.4,0,move
datasets/raw\telugu_heroes\prabhas\563b7c72e1.jpg,prabhas,telugu_heroes,no_face,590.8,0,move
datasets/raw\telugu_heroes\prabhas\5b2a59a350.jpg,prabhas,telugu_heroes,no_face,152.7,0,move
datasets/raw\telugu_heroes\prabhas\69dce037f4.jpg,prabhas,telugu_heroes,no_face,849.6,0,move
datasets/raw\telugu_heroes\prabhas\6ad0d90e48.jpg,prabhas,telugu_heroes,no_face,1007.7,0,move
datasets/raw\telugu_heroes\prabhas\7d05f86b4f.jpg,prabhas,telugu_heroes,no_face,893.8,0,move
datasets/raw\telugu_heroes\prabhas\7de34e3de3.jpg,prabhas,telugu_heroes,no_face,418.5,0,move
datasets/raw\telugu_heroes\prabhas\85b395b326.jpg,prabhas,telugu_heroes,no_face,344.8,0,move
datasets/raw\telugu_heroes\prabhas\90d0c26710.jpg,prabhas,telugu_heroes,no_face,59.5,0,move
datasets/raw\telugu_heroes\prabhas\9c66eea695.jpg,prabhas,telugu_heroes,no_face,356.0,0,move
